account_number,patient_name,charge_date,aging_bucket,procedure_code, provider_name,charge_amt,insurance_balance,charge_status,insurance_payer,subscriber_id,paid_amount,claim_number ,bill_age,patient_responsibility,patient_balance,adjustment_amount,patient_payment
ACC-28916828,Patient_1,7/17/2024,F366+,98941 [AT],Provider_A,40.41,20.41,B,Optum,MID-100001X,0,0000056376,772,20,0,0,20
ACC-45341919,Patient_2,8/16/2024,F366+,98941 [AT],Provider_B,40.41,20.41,B,Optum,MID-100002X,0,0000057728,742,20,0,0,20
ACC-52619530,Patient_3,9/18/2024,F366+,98941 [AT],Provider_A,40.41,20.41,B,Optum,MID-100003X,0,0000058934,709,20,0,0,20
ACC-27775453,Patient_4,10/16/2024,F366+,98941 [AT],Provider_B,40.41,20.41,B,Optum,MID-100004X,0,0000059906,681,20,0,0,20
ACC-27995862,Patient_5,11/20/2024,F366+,98941 [AT],Provider_A,40.41,20.41,B,Humana Medicare,MID-100005X,0,0000082449,274,20,0,0,20
ACC-71924656,Patient_6,1/29/2025,F366+,98941 [AT],Provider_B,40.41,20,B,Optum,MID-100006X,0,0000065202,580,0,0,3.6,0
ACC-43453151,Patient_7,1/29/2025,F366+,98941 [AT],Provider_A,40.41,20,P,Humana Medicare,MID-100007X,16.81,,266,0,0,3.6,0
ACC-34623972,Patient_8,7/13/2026,A61-90,98941 [AT],Provider_B,40.41,15,P,Humana Medicare,MID-100008X,21.79,0000091611,0,0,0,3.62,0
ACC-40841018,Patient_9,7/13/2026,A61-90,98941 [AT],Provider_A,40.41,15,B,Optum,MID-100009X,0,,0,0,0,3.62,0
ACC-59652952,Patient_10,7/27/2026,A61-90,98941 [AT],Provider_B,40.41,15,P,Humana Medicare,MID-100010X,21.79,0000092115,0,0,0,3.62,0
ACC-33756342,Patient_11,7/27/2026,A61-90,98941 [AT],Provider_A,40.41,15,B,Optum,MID-100011X,0,,0,0,0,3.62,0
ACC-14426910,Patient_12,8/24/2026,A31-60,98941 [AT],Provider_B,40.41,6.79,B,Humana Medicare,MID-100012X,0,,10,26.38,-3.62,3.62,30
ACC-10212796,Patient_13,2/11/2025,F366+,98941,Provider_A,100,-2.58,B,Presbyterian Health Plan,MID-100013X,0,0000065889,566,0,0,67.58,35
ACC-82573126,Patient_14,5/7/2026,A121-365,98941 [AT],Provider_B,100,25.94,B,Novitas,MID-100014X,0,0000089294,115,0,0,67.58,6.48
ACC-31243656,Patient_15,8/3/2026,A31-60,98941 [AT],Provider_A,100,29.78,B,Novitas,MID-100015X,0,,31,0,0,62.77,7.45
ACC-30059314,Patient_16,8/5/2026,A31-60,98941 [AT],Provider_B,100,29.78,B,Novitas,MID-100016X,0,,29,0,0,62.77,7.45
ACC-80625679,Patient_17,8/10/2026,A31-60,98941 [AT],Provider_A,100,29.78,B,Novitas,MID-100017X,0,,24,0,0,62.77,7.45
ACC-42295826,Patient_18,7/3/2024,F366+,98941,Provider_B,100,37.09,D,Blue Cross Blue Shield of New Mexico,MID-100018X,0,0000055878,786,0,0,62.91,0
ACC-37089189,Patient_19,10/14/2024,F366+,98941,Provider_A,100,100,D,Blue Cross Blue Shield of New Mexico,MID-100019X,0,0000059783,686,0,0,0,0
ACC-70753577,Patient_20,5/29/2024,F366+,98941,Provider_B,100,100,D,Blue Cross Blue Shield of New Mexico,MID-100020X,0,0000054694,821,0,0,0,0
ACC-68121978,Patient_21,6/10/2024,F366+,98941,Provider_A,100,100,D,Blue Cross Blue Shield of New Mexico,MID-100021X,0,0000055041,0,0,0,0,0
ACC-55477202,Patient_22,6/12/2024,F366+,98941,Provider_B,100,100,D,Blue Cross Blue Shield of New Mexico,MID-100022X,0,0000055170,0,0,0,0,0
ACC-37451218,Patient_23,6/18/2024,F366+,98941,Provider_A,100,100,D,Blue Cross Blue Shield of New Mexico,MID-100023X,0,0000055350,0,0,0,0,0
ACC-15459971,Patient_24,6/25/2024,F366+,98941,Provider_B,100,100,D,Blue Cross Blue Shield of New Mexico,MID-100024X,0,0000055596,793,0,0,0,0
ACC-69055035,Patient_25,7/9/2024,F366+,98941,Provider_A,100,63.37,D,Blue Cross Blue Shield of New Mexico,MID-100025X,0,0000056089,0,36.63,0,0,36.63
ACC-38262807,Patient_26,7/19/2024,F366+,98941,Provider_B,100,100,D,Blue Cross Blue Shield of New Mexico,MID-100026X,0,0000056518,0,0,0,0,0
ACC-39362049,Patient_27,7/23/2024,F366+,98941,Provider_A,100,100,D,Blue Cross Blue Shield of New Mexico,MID-100027X,0,0000056665,0,0,0,0,0
ACC-73998414,Patient_28,7/30/2024,F366+,98941,Provider_B,100,100,D,Blue Cross Blue Shield of New Mexico,MID-100028X,0,0000056978,0,0,0,0,0
ACC-91140285,Patient_29,8/6/2024,F366+,98941,Provider_A,100,63.37,D,Blue Cross Blue Shield of New Mexico,MID-100029X,0,0000057333,751,36.63,0,0,36.63
ACC-65538957,Patient_30,8/27/2024,F366+,98941,Provider_B,100,100,D,Blue Cross Blue Shield of New Mexico,MID-100030X,0,0000058178,0,0,0,0,0
ACC-94272988,Patient_31,12/14/2022,F366+,98941 [AT],Provider_A,100,-7.72,P,Novitas solutions inc,MID-100031X,30.28,0000039430,0,0,0,62,0
ACC-89805733,Patient_32,12/14/2022,F366+,98941 [AT],Provider_B,100,-7.72,P,AARP Health Care Options United Healthcare,MID-100032X,15.44,,1319,0,0,62,0
ACC-97437673,Patient_33,3/1/2021,F366+,72020,Provider_A,90,90,B,Progressive,MID-100033X,0,,1863,0,0,0,0
ACC-32477828,Patient_34,3/1/2021,F366+,72040,Provider_B,90,90,B,Progressive,MID-100034X,0,,1863,0,0,0,0
ACC-37948703,Patient_35,3/1/2021,F366+,72070,Provider_A,45,45,B,Progressive,MID-100035X,0,,1863,0,0,0,0
ACC-55625312,Patient_36,3/1/2021,F366+,98941,Provider_B,100,100,B,Progressive,MID-100036X,0,,1863,0,0,0,0
ACC-60828708,Patient_37,3/1/2021,F366+,99203 [25],Provider_A,275,275,B,Progressive,MID-100037X,0,,1863,0,0,0,0
ACC-76162369,Patient_38,3/5/2021,F366+,98941,Provider_B,100,100,B,Progressive,MID-100038X,0,,1863,0,0,0,0
ACC-75259028,Patient_39,3/5/2021,F366+,99211 [25],Provider_A,75,75,B,Progressive,MID-100039X,0,,1863,0,0,0,0
ACC-97380357,Patient_40,3/9/2021,F366+,98941,Provider_B,100,100,B,Progressive,MID-100040X,0,,1863,0,0,0,0
ACC-14172615,Patient_41,3/9/2021,F366+,99211 [25],Provider_A,75,75,B,Progressive,MID-100041X,0,,1863,0,0,0,0
ACC-37110257,Patient_42,3/12/2021,F366+,98941,Provider_B,100,100,B,Progressive,MID-100042X,0,,1863,0,0,0,0
ACC-67371488,Patient_43,3/12/2021,F366+,99211 [25],Provider_A,75,75,B,Progressive,MID-100043X,0,,1863,0,0,0,0
ACC-38286148,Patient_44,3/16/2021,F366+,98941,Provider_B,100,100,B,Progressive,MID-100044X,0,,1863,0,0,0,0
ACC-17961373,Patient_45,3/16/2021,F366+,99211 [25],Provider_A,75,75,B,Progressive,MID-100045X,0,,1863,0,0,0,0
ACC-95662443,Patient_46,3/19/2021,F366+,98941,Provider_B,100,100,B,Progressive,MID-100046X,0,,1863,0,0,0,0
ACC-26311288,Patient_47,3/19/2021,F366+,99211 [25],Provider_A,75,75,B,Progressive,MID-100047X,0,,1863,0,0,0,0
ACC-72742647,Patient_48,4/2/2021,F366+,98941,Provider_B,100,100,B,Progressive,MID-100048X,0,,1863,0,0,0,0
ACC-21906949,Patient_49,4/2/2021,F366+,99211 [25],Provider_A,75,75,B,Progressive,MID-100049X,0,,1863,0,0,0,0
ACC-76752055,Patient_50,4/9/2021,F366+,98941,Provider_B,100,100,B,Progressive,MID-100050X,0,,1863,0,0,0,0
ACC-21855348,Patient_51,4/9/2021,F366+,99211 [25],Provider_A,75,75,B,Progressive,MID-100051X,0,,1863,0,0,0,0
ACC-80851268,Patient_52,4/13/2021,F366+,98941,Provider_B,100,100,B,Progressive,MID-100052X,0,,1863,0,0,0,0
ACC-59396384,Patient_53,4/13/2021,F366+,99211 [25],Provider_A,75,75,B,Progressive,MID-100053X,0,,1863,0,0,0,0
ACC-89836955,Patient_54,4/16/2021,F366+,98941,Provider_B,100,100,B,Progressive,MID-100054X,0,,1863,0,0,0,0
ACC-46949835,Patient_55,4/16/2021,F366+,99211 [25],Provider_A,75,75,B,Progressive,MID-100055X,0,,1863,0,0,0,0
ACC-71851180,Patient_56,4/19/2021,F366+,98941,Provider_B,100,100,B,Progressive,MID-100056X,0,,1863,0,0,0,0
ACC-16786935,Patient_57,4/19/2021,F366+,99211 [25],Provider_A,75,75,B,Progressive,MID-100057X,0,,1863,0,0,0,0
ACC-39812411,Patient_58,4/23/2021,F366+,98941,Provider_B,100,100,B,Progressive,MID-100058X,0,,1863,0,0,0,0
ACC-18603252,Patient_59,4/23/2021,F366+,99211 [25],Provider_A,75,75,B,Progressive,MID-100059X,0,,1863,0,0,0,0
ACC-60677215,Patient_60,4/30/2021,F366+,98941,Provider_B,100,100,B,Progressive,MID-100060X,0,,1863,0,0,0,0
ACC-86612927,Patient_61,4/30/2021,F366+,99211 [25],Provider_A,75,75,B,Progressive,MID-100061X,0,,1863,0,0,0,0
ACC-88869754,Patient_62,5/7/2021,F366+,98941,Provider_B,100,100,B,Progressive,MID-100062X,0,,1863,0,0,0,0
ACC-33762151,Patient_63,5/7/2021,F366+,99211 [25],Provider_A,75,75,B,Progressive,MID-100063X,0,,1863,0,0,0,0
ACC-88639984,Patient_64,5/14/2021,F366+,98941,Provider_B,100,100,B,Progressive,MID-100064X,0,,1863,0,0,0,0
ACC-19815015,Patient_65,5/14/2021,F366+,99211 [25],Provider_A,75,75,B,Progressive,MID-100065X,0,,1863,0,0,0,0
ACC-83540570,Patient_66,5/19/2021,F366+,98941,Provider_B,100,100,B,Progressive,MID-100066X,0,,1863,0,0,0,0
ACC-81943353,Patient_67,5/19/2021,F366+,99211 [25],Provider_A,75,75,B,Progressive,MID-100067X,0,,1863,0,0,0,0
ACC-18505101,Patient_68,5/27/2021,F366+,98941,Provider_B,100,100,B,Progressive,MID-100068X,0,,1863,0,0,0,0
ACC-19205309,Patient_69,5/27/2021,F366+,99211 [25],Provider_A,75,75,B,Progressive,MID-100069X,0,,1863,0,0,0,0
ACC-35093349,Patient_70,6/3/2021,F366+,98941,Provider_B,100,100,B,Progressive,MID-100070X,0,,1863,0,0,0,0
ACC-93213465,Patient_71,6/3/2021,F366+,99211 [25],Provider_A,75,75,B,Progressive,MID-100071X,0,,1863,0,0,0,0
ACC-75166506,Patient_72,6/29/2021,F366+,98941,Provider_B,100,100,B,Progressive,MID-100072X,0,,1863,0,0,0,0
ACC-64659851,Patient_73,6/29/2021,F366+,99214 [25],Provider_A,150,150,B,Progressive,MID-100073X,0,,1863,0,0,0,0
ACC-33048498,Patient_74,3/30/2022,F366+,98941 [AT],Provider_B,100,-7.72,P,Novitas solutions inc,MID-100074X,30.9,0000034784,0,0,0,61.38,0
ACC-48817581,Patient_75,3/30/2022,F366+,98941 [AT],Provider_A,100,-7.72,P,AARP Health Care Options United Healthcare,MID-100075X,15.44,,1537,0,0,61.38,0
ACC-18825702,Patient_76,4/4/2022,F366+,98941 [AT],Provider_B,100,-7.72,P,Novitas solutions inc,MID-100076X,30.59,0000034754,0,0,0,61.69,0
ACC-45267296,Patient_77,4/4/2022,F366+,98941 [AT],Provider_A,100,-7.72,P,AARP Health Care Options United Healthcare,MID-100077X,15.44,,1551,0,0,61.69,0
ACC-68747884,Patient_78,12/19/2022,F366+,98941 [AT],Provider_B,100,-7.72,P,Novitas solutions inc,MID-100078X,30.28,0000039492,0,0,0,62,0
ACC-61330702,Patient_79,12/19/2022,F366+,98941 [AT],Provider_A,100,-7.72,P,AARP Health Care Options United Healthcare,MID-100079X,15.44,,1299,0,0,62,0
ACC-82866424,Patient_80,8/17/2026,A31-60,98941 [AT],Provider_B,100,80,B,Novitas solutions inc,MID-100080X,0,,17,20,20,0,0
ACC-62056216,Patient_81,8/17/2026,A31-60,98941 [AT],Provider_A,100,80,B,Novitas solutions inc,MID-100081X,0,,17,20,20,0,0
ACC-97332194,Patient_82,10/6/2021,F366+,98941,Provider_B,100,10,B,United HealthCare,MID-100082X,0,,1793,0,0,50,40
ACC-55191799,Patient_83,12/31/2024,F366+,98941,Provider_A,100,7.42,B,Presbyterian Health Plan,MID-100083X,0,0000063093,608,0,0,67.58,25
ACC-87667081,Patient_84,8/19/2026,A31-60,98941,Provider_B,100,7.23,B,Presbyterian Health Plan,MID-100084X,0,0000092676,13,0,0,62.77,30
ACC-53855872,Patient_85,9/2/2026,A0-30,98941,Provider_A,100,7.23,B,Presbyterian Health Plan,MID-100085X,0,0000093084,0,0,0,62.77,2.66
ACC-58278874,Patient_86,12/31/2024,F366+,98941,Provider_B,100,32.42,B,Presbyterian Health Plan,MID-100086X,0,0000063113,608,0,0,67.58,0
ACC-74084460,Patient_87,1/20/2025,F366+,98941,Provider_A,100,32.42,B,Presbyterian Health Plan,MID-100087X,0,0000064881,589,0,0,67.58,0
ACC-14569862,Patient_88,2/10/2025,F366+,98941,Provider_B,100,55,B,Presbyterian Health Plan,MID-100088X,0,0000066451,559,45,0,0,45
ACC-99501143,Patient_89,8/19/2026,A31-60,97012 [GP],Provider_A,30,30,B,Presbyterian Health Plan,MID-100089X,0,0000092723,13,0,0,0,0
ACC-27963130,Patient_90,8/19/2026,A31-60,98941,Provider_B,100,0.08,B,Presbyterian Health Plan,MID-100090X,0,0000092723,13,0,0,62.77,37.15
ACC-62262725,Patient_91,9/2/2026,A0-30,97012 [GP],Provider_A,30,30,B,Presbyterian Health Plan,MID-100091X,0,0000093112,0,0,0,0,0
ACC-15593201,Patient_92,9/2/2026,A0-30,98941,Provider_B,100,0.08,B,Presbyterian Health Plan,MID-100092X,0,0000093112,0,0,0,62.77,28.71
ACC-31323244,Patient_93,8/5/2024,F366+,98941 [AT],Provider_A,40.41,40.41,D,Presbyterian Health Plan,MID-100093X,0,0000057087,0,0,0,0,0
ACC-81571848,Patient_94,8/17/2022,F366+,98941 [AT],Provider_B,100,-7.72,P,Novitas solutions inc,MID-100094X,30.28,0000037183,0,0,0,62,0
ACC-94814091,Patient_95,8/17/2022,F366+,98941 [AT],Provider_A,100,-7.72,P,AARP Health Care Options United Healthcare,MID-100095X,15.44,,1423,0,0,62,0
ACC-34431290,Patient_96,6/12/2024,F366+,98941,Provider_B,100,100,D,Presbyterian Health Plan,MID-100096X,0,0000055099,698,0,0,0,0
ACC-43839150,Patient_97,8/28/2026,A31-60,97012 [GP],Provider_A,30,-21.07,B,Presbyterian Health Plan,MID-100097X,0,0000092960,3,18.93,-16.07,16.07,35
ACC-12657342,Patient_98,8/28/2026,A31-60,98943,Provider_B,50,50,B,Presbyterian Health Plan,MID-100098X,0,0000092960,3,0,0,0,0
ACC-96654900,Patient_99,8/26/2026,A31-60,98941,Provider_A,100,16.68,B,Blue Cross Blue Shield of New Mexico,MID-100099X,0,0000092896,6,0,0,63.32,19.02
ACC-60773921,Patient_100,4/6/2022,F366+,98941 [AT],Provider_B,100,-7.72,P,Novitas solutions inc,MID-100100X,30.59,0000034868,0,0,0,61.69,0
ACC-52322907,Patient_101,4/6/2022,F366+,98941 [AT],Provider_A,100,-7.72,P,AARP Health Care Options United Healthcare,MID-100101X,15.44,,1544,0,0,61.69,0
ACC-63838860,Patient_102,8/15/2022,F366+,98941 [AT],Provider_B,100,-7.72,P,Novitas solutions inc,MID-100102X,30.28,0000037035,0,0,0,62,0
ACC-86958139,Patient_103,8/15/2022,F366+,98941 [AT],Provider_A,100,-7.72,P,AARP Health Care Options United Healthcare,MID-100103X,15.44,,1423,0,0,62,0
ACC-72288999,Patient_104,12/5/2022,F366+,98941 [AT],Provider_B,100,-7.72,P,Novitas solutions inc,MID-100104X,30.28,0000039068,0,0,0,62,0
ACC-47128910,Patient_105,12/5/2022,F366+,98941 [AT],Provider_A,100,-7.72,P,AARP Health Care Options United Healthcare,MID-100105X,15.44,,1319,0,0,62,0
ACC-58934538,Patient_106,10/21/2022,F366+,98941,Provider_B,100,-2.42,P,Presbyterian Health Plan,MID-100106X,4.84,,1339,0,0,67.58,30
ACC-26950209,Patient_107,2/13/2024,F366+,98941,Provider_A,100,2.42,B,Presbyterian Health Plan,MID-100107X,0,0000051635,926,0,0,67.58,30
ACC-13462947,Patient_108,7/2/2024,F366+,98941,Provider_B,100,70,D,Presbyterian Health Plan,MID-100108X,0,0000056271,0,30,0,0,30
ACC-43811042,Patient_109,7/9/2024,F366+,98941,Provider_A,100,70,D,Presbyterian Health Plan,MID-100109X,0,0000056272,0,30,0,0,30
ACC-62068518,Patient_110,1/13/2025,F366+,98941,Provider_B,100,2.42,B,Presbyterian Health Plan,MID-100110X,0,0000063924,596,0,0,67.58,30
ACC-49485722,Patient_111,7/29/2026,A61-90,98941 [AT],Provider_A,100,80,B,Novitas solutions inc,MID-100111X,0,,36,20,1.48,0,18.52
ACC-40710763,Patient_112,8/26/2026,A31-60,98941 [AT],Provider_B,100,80,B,Novitas solutions inc,MID-100112X,0,,8,20,20,0,0
ACC-19958431,Patient_113,8/19/2026,A31-60,97012 [GP],Provider_A,30,30,B,Blue Cross Blue Shield of New Mexico,MID-100113X,0,0000092752,13,0,0,0,0
ACC-79387732,Patient_114,8/19/2026,A31-60,98941,Provider_B,100,70,B,Blue Cross Blue Shield of New Mexico,MID-100114X,0,0000092752,13,30,13.92,0,16.08
ACC-88108045,Patient_115,7/31/2024,F366+,98941 [AT],Provider_A,40.41,20.41,D,Presbyterian Health Plan,MID-100115X,0,0000056925,0,20,0,0,20
ACC-44379933,Patient_116,12/31/2024,F366+,98941 [AT],Provider_B,40.41,12.81,B,Presbyterian Health Plan,MID-100116X,0,0000063096,608,12.4,-7.6,7.6,20
ACC-70430940,Patient_117,2/17/2025,F366+,98941 [AT],Provider_A,40.41,12.81,B,Presbyterian Health Plan,MID-100117X,0,0000066094,561,12.4,-7.6,7.6,20
ACC-79343986,Patient_118,12/20/2023,F366+,98941,Provider_B,100,30,P,United Healthcare,MID-100118X,20,0000050159,0,0,0,50,0
ACC-57528394,Patient_119,5/8/2024,F366+,98941,Provider_A,100,70,B,United Healthcare,MID-100119X,0,0000054098,842,30,0,0,30
ACC-93218978,Patient_120,6/4/2024,F366+,98941,Provider_B,100,30,P,United Healthcare,MID-100120X,20,0000054829,0,0,0,50,0
ACC-58639950,Patient_121,7/2/2024,F366+,98941,Provider_A,100,-20,P,United Healthcare,MID-100121X,40,0000055880,487,0,0,50,30
ACC-36162571,Patient_122,7/31/2024,F366+,98941,Provider_B,100,70,B,United Healthcare,MID-100122X,0,0000056972,758,30,0,0,30
ACC-64963325,Patient_123,8/19/2024,F366+,98941,Provider_A,100,30,P,United Healthcare,MID-100123X,20,0000057730,0,0,0,50,0
ACC-59734757,Patient_124,9/9/2024,F366+,98941,Provider_B,100,30,P,United Healthcare,MID-100124X,20,0000058534,0,0,0,50,0
ACC-44601294,Patient_125,1/17/2024,F366+,98941 [AT],Provider_A,100,38.52,B,Humana Medicare,MID-100125X,0,0000050673,954,0,0,61.48,0
ACC-50467571,Patient_126,2/14/2024,F366+,98941 [AT],Provider_B,100,38.52,B,Humana Medicare,MID-100126X,0,0000051653,926,0,0,61.48,0
ACC-11552915,Patient_127,8/30/2024,F366+,98941 [AT],Provider_A,100,38.52,B,Humana Medicare,MID-100127X,0,0000058253,728,0,0,61.48,0
ACC-95234615,Patient_128,8/19/2026,A31-60,98941 [AT],Provider_B,100,36.49,B,Humana Medicare,MID-100128X,0,,15,0,0,63.51,0
ACC-61801302,Patient_129,7/30/2024,F366+,98941,Provider_A,100,100,D,Presbyterian Health Plan,MID-100129X,0,0000056937,0,0,0,0,0
ACC-66078219,Patient_130,2/19/2025,F366+,98941,Provider_B,100,100,B,Presbyterian Health Plan,MID-100130X,0,0000066293,559,0,0,0,0
ACC-68408526,Patient_131,2/25/2025,F366+,98941,Provider_A,100,100,B,Presbyterian Health Plan,MID-100131X,0,0000066721,552,0,0,0,0
ACC-48387983,Patient_132,11/17/2025,A121-365,98941,Provider_B,100,6.68,P,Blue Cross Blue Shield of New Mexico,MID-100132X,6.68,0000081874,281,0,0,56.64,0
ACC-71892345,Patient_133,2/10/2025,F366+,98941,Provider_A,100,12.81,B,Presbyterian Health Plan,MID-100133X,0,0000065621,568,0,0,67.19,20
ACC-87511146,Patient_134,2/12/2025,F366+,98941,Provider_B,100,12.81,B,Presbyterian Health Plan,MID-100134X,0,0000065932,566,0,0,67.19,20
ACC-61363906,Patient_135,8/24/2026,A31-60,98941,Provider_A,100,-2.58,B,Presbyterian Health Plan,MID-100135X,0,,10,0,0,67.58,35
ACC-31558425,Patient_136,9/1/2026,A0-30,98941,Provider_B,100,-2.58,B,Presbyterian Health Plan,MID-100136X,0,,2,0,0,67.58,35
ACC-52045168,Patient_137,7/30/2024,F366+,98941,Provider_A,100,65,D,Presbyterian Health Plan,MID-100137X,0,0000056917,0,35,0,0,35
ACC-92927844,Patient_138,1/7/2025,F366+,98941,Provider_B,100,-2.58,B,Presbyterian Health Plan,MID-100138X,0,0000063616,601,0,0,67.58,35
ACC-19998779,Patient_139,11/6/2024,F366+,98941,Provider_A,40.41,40.41,B,Humana Medicare,MID-100139X,0,,561,0,0,0,0
ACC-84976966,Patient_140,4/24/2024,F366+,99203 [25],Provider_B,275,275,D,Presbyterian Health Plan,MID-100140X,0,,0,0,0,0,0
ACC-72181882,Patient_141,5/6/2024,F366+,98941,Provider_A,100,65,B,Presbyterian Health Plan,MID-100141X,0,,842,35,0,0,35
ACC-14993746,Patient_142,8/7/2026,A31-60,98941 [AT],Provider_B,100,80,B,Novitas solutions inc,MID-100142X,0,,27,20,0,0,20
ACC-60085592,Patient_143,8/28/2026,A31-60,98941 [AT],Provider_A,100,80,B,Novitas solutions inc,MID-100143X,0,,6,20,0,0,20
ACC-98884997,Patient_144,4/1/2022,F366+,98941 [AT],Provider_B,100,-7.72,P,Novitas solutions inc,MID-100144X,30.59,0000034778,0,0,0,61.69,0
ACC-39178527,Patient_145,4/1/2022,F366+,98941 [AT],Provider_A,100,-7.72,P,AARP Health Care Options United Healthcare,MID-100145X,15.44,,1551,0,0,61.69,0
ACC-36246374,Patient_146,8/12/2022,F366+,98941 [AT],Provider_B,100,-7.72,P,Novitas solutions inc,MID-100146X,30.28,0000037062,0,0,0,62,0
ACC-20026927,Patient_147,8/12/2022,F366+,98941 [AT],Provider_A,100,-7.72,P,AARP Health Care Options United Healthcare,MID-100147X,15.44,,1423,0,0,62,0
ACC-29442764,Patient_148,8/19/2022,F366+,98941 [AT],Provider_B,100,-7.72,P,Novitas solutions inc,MID-100148X,30.28,0000037173,0,0,0,62,0
ACC-72619514,Patient_149,8/19/2022,F366+,98941 [AT],Provider_A,100,-7.72,P,AARP Health Care Options United Healthcare,MID-100149X,15.44,,1423,0,0,62,0
ACC-89939008,Patient_150,8/26/2026,A31-60,98941 [AT],Provider_B,100,29.72,B,Novitas solutions inc,MID-100150X,0,,8,0,0,62.85,7.43
ACC-46752064,Patient_151,8/24/2026,A31-60,97012 [GP],Provider_A,30,30,B,UMR,MID-100151X,0,0000092868,8,0,0,0,0
ACC-29958366,Patient_152,8/24/2026,A31-60,98941,Provider_B,100,-10,B,UMR,MID-100152X,0,0000092868,8,10,0,50,10
ACC-63974116,Patient_153,6/10/2024,F366+,98941,Provider_A,100,34.74,D,United HealthCare,MID-100153X,0,0000055080,0,0,0,65.26,0
ACC-41003938,Patient_154,6/17/2024,F366+,98941,Provider_B,100,100,D,United HealthCare,MID-100154X,0,0000055407,0,0,0,0,0
ACC-61247049,Patient_155,8/24/2026,A31-60,97012 [GP],Provider_A,30,9.83,B,Blue Cross Blue Shield of New Mexico,MID-100155X,0,0000092872,8,0,0,20.17,0
ACC-62652255,Patient_156,8/28/2026,A31-60,97012 [GP],Provider_B,30,-26.85,B,Blue Cross Blue Shield of New Mexico,MID-100156X,0,0000093002,3,16.51,-20.17,20.17,36.68
ACC-77931594,Patient_157,8/28/2026,A31-60,98943,Provider_A,50,50,B,Blue Cross Blue Shield of New Mexico,MID-100157X,0,0000093002,3,0,0,0,0
ACC-69849745,Patient_158,9/2/2026,A0-30,97012 [GP],Provider_B,30,-26.85,B,Blue Cross Blue Shield of New Mexico,MID-100158X,0,0000093122,0,16.51,-20.17,20.17,36.68
ACC-54436935,Patient_159,9/2/2026,A0-30,98943,Provider_A,50,50,B,Blue Cross Blue Shield of New Mexico,MID-100159X,0,0000093122,0,0,0,0,0
ACC-96745400,Patient_160,1/19/2024,F366+,98941,Provider_B,100,-2.58,B,Presbyterian Health Plan,MID-100160X,0,0000050748,952,0,0,67.58,35
ACC-86163253,Patient_161,1/17/2025,F366+,98941,Provider_A,100,-2.58,B,Presbyterian Health Plan,MID-100161X,0,0000064804,591,0,0,67.58,35
ACC-85217343,Patient_162,3/31/2021,F366+,98941,Provider_B,100,-3,P,Cigna,MID-100162X,0,0000057287,0,0,0,65.26,37.74
ACC-78057341,Patient_163,6/23/2021,F366+,98941,Provider_A,100,-3,P,Cigna,MID-100163X,0,0000057288,0,0,0,65.26,37.74
ACC-36973313,Patient_164,10/18/2021,F366+,98941 [AT],Provider_B,40.41,-6.32,P,Novitas solutions inc,MID-100164X,31.15,0000032171,0,0,0,0,0
ACC-82441915,Patient_165,10/18/2021,F366+,98941 [AT],Provider_A,40.41,-6.32,P,United American Insurance Company,MID-100165X,15.58,,1733,0,0,0,0
ACC-80291034,Patient_166,7/8/2024,F366+,98941 [AT],Provider_B,100,32.61,D,Novitas,MID-100166X,0,,787,0,0,59.24,8.15
ACC-84136987,Patient_167,8/7/2026,A31-60,98941 [AT],Provider_A,100,100,B,AARP Medicare Complete United HealthCare,MID-100167X,0,,27,0,0,0,0
ACC-38970016,Patient_168,7/19/2024,F366+,98941,Provider_B,100,67.58,D,Presbyterian Health Plan,MID-100168X,0,0000056462,0,32.42,0,0,32.42
ACC-75319719,Patient_169,7/29/2024,F366+,98941,Provider_A,100,67.58,D,Presbyterian Health Plan,MID-100169X,0,0000056735,0,32.42,0,0,32.42
ACC-88644302,Patient_170,1/3/2024,F366+,98941,Provider_B,100,100,D,Presbyterian Health Plan,MID-100170X,0,,0,0,0,0,0
ACC-95568151,Patient_171,1/15/2024,F366+,98941,Provider_A,100,100,D,Presbyterian Health Plan,MID-100171X,0,,0,0,0,0,0
ACC-63349727,Patient_172,1/24/2024,F366+,98941,Provider_B,100,100,D,Presbyterian Health Plan,MID-100172X,0,,0,0,0,0,0
ACC-51427578,Patient_173,1/31/2024,F366+,98941,Provider_A,100,100,D,Presbyterian Health Plan,MID-100173X,0,,0,0,0,0,0
ACC-92789799,Patient_174,5/8/2024,F366+,98941,Provider_B,100,12.42,B,Presbyterian Health Plan,MID-100174X,0,,842,0,0,67.58,20
ACC-83762305,Patient_175,6/5/2024,F366+,98941,Provider_A,100,100,D,Presbyterian Health Plan,MID-100175X,0,0000054919,0,0,0,0,0
ACC-65121363,Patient_176,10/8/2024,F366+,98941,Provider_B,100,1.68,P,Blue Cross Blue Shield of New Mexico,MID-100176X,1.68,0000059684,688,0,0,61.64,35
ACC-50992018,Patient_177,9/2/2026,A0-30,97012 [GP],Provider_A,30,9.83,B,Blue Cross Blue Shield of New Mexico,MID-100177X,0,0000093090,0,0,0,20.17,0
ACC-10119884,Patient_178,9/2/2026,A0-30,98941,Provider_B,100,1.68,B,Blue Cross Blue Shield of New Mexico,MID-100178X,0,0000093090,0,0,0,63.32,35
ACC-48776963,Patient_179,1/15/2024,F366+,98941 [AT],Provider_A,100,86.28,D,AARP Medicare Advantage,MID-100179X,13.72,0000050615,832,0,0,0,0
ACC-57062885,Patient_180,1/30/2024,F366+,98941 [AT],Provider_B,100,86.28,D,AARP Medicare Advantage,MID-100180X,13.72,0000051245,828,0,0,0,0
ACC-37931613,Patient_181,2/28/2024,F366+,98941 [AT],Provider_A,100,86.28,D,AARP Medicare Advantage,MID-100181X,13.72,0000052130,829,0,0,0,0
ACC-54979427,Patient_182,3/27/2024,F366+,98941 [AT],Provider_B,100,86.28,D,AARP Medicare Advantage,MID-100182X,13.72,0000052978,833,0,0,0,0
ACC-92550050,Patient_183,4/23/2024,F366+,98941 [AT],Provider_A,100,100,D,AARP Medicare Advantage,MID-100183X,0,0000053737,0,0,0,0,0
ACC-47450135,Patient_184,5/21/2024,F366+,98941 [AT],Provider_B,100,86.28,D,AARP Medicare Advantage,MID-100184X,13.72,0000054524,804,0,0,0,0
ACC-93698014,Patient_185,6/18/2024,F366+,98941 [AT],Provider_A,100,71.28,D,AARP Medicare Advantage,MID-100185X,13.72,0000055339,757,15,0,0,15
ACC-47557645,Patient_186,7/16/2024,F366+,98941 [AT],Provider_B,100,71.28,D,AARP Medicare Advantage,MID-100186X,13.72,0000056388,735,15,0,0,15
ACC-84858428,Patient_187,8/17/2026,A31-60,98941 [AT],Provider_A,100,29.78,B,Novitas solutions inc,MID-100187X,0,,17,0,0,62.77,7.45
ACC-46230924,Patient_188,8/17/2026,A31-60,E0761,Provider_B,50,40,B,Novitas solutions inc,MID-100188X,0,,17,10,0,0,10
ACC-28698009,Patient_189,6/17/2024,F366+,98941,Provider_A,100,80,D,AARP Medicare Advantage,MID-100189X,0,0000055289,757,20,0,0,20
ACC-15095572,Patient_190,9/17/2024,F366+,98941 [AT],Provider_B,100,86.28,D,AARP Medicare Advantage,MID-100190X,13.72,0000058913,669,0,0,0,0
ACC-33475229,Patient_191,4/6/2023,F366+,98941,Provider_A,100,-2.58,B,Presbyterian Health Plan,MID-100191X,0,,1241,0,0,67.58,0
ACC-72584131,Patient_192,9/18/2024,F366+,98941,Provider_B,100,-2.58,D,Presbyterian Health Plan,MID-100192X,0,,715,0,0,62.58,40
ACC-88460587,Patient_193,9/17/2024,F366+,98941,Provider_A,100,20,P,Presbyterian Health Plan,MID-100193X,12.17,0000058857,0,0,0,67.83,0
ACC-74527901,Patient_194,9/17/2024,F366+,98941,Provider_B,100,20,B,Aetna Medicare Choice Plan,MID-100194X,0,,698,0,0,67.83,0
ACC-38407388,Patient_195,10/15/2024,F366+,98941,Provider_A,100,20,P,Presbyterian Health Plan,MID-100195X,12.17,0000059846,0,0,0,67.83,0
ACC-73944671,Patient_196,10/15/2024,F366+,98941,Provider_B,100,20,B,Aetna Medicare Choice Plan,MID-100196X,0,,670,0,0,67.83,0
ACC-45123728,Patient_197,12/9/2024,F366+,98941,Provider_A,100,-12.17,P,Presbyterian Health Plan,MID-100197X,12.17,0000062418,0,30,0,0,30
ACC-48721380,Patient_198,12/9/2024,F366+,98941,Provider_B,100,-12.17,P,Aetna Medicare Choice Plan,MID-100198X,70,0000063795,0,30,0,0,30
ACC-38320307,Patient_199,1/15/2025,F366+,98941 [AT],Provider_A,100,-50,P,Presbyterian Health Plan,MID-100199X,12.17,0000064077,0,0,0,67.83,0
ACC-42032190,Patient_200,1/15/2025,F366+,98941 [AT],Provider_B,100,-50,P,Aetna Medicare Choice Plan,MID-100200X,70,0000083233,0,0,0,67.83,0
ACC-65681937,Patient_201,2/19/2025,F366+,98941 [AT],Provider_A,100,-50,P,Presbyterian Health Plan,MID-100201X,12.17,0000066272,259,0,0,67.83,0
ACC-16671767,Patient_202,2/19/2025,F366+,98941 [AT],Provider_B,100,-50,P,Aetna Medicare Choice Plan,MID-100202X,70,0000083234,0,0,0,67.83,0
ACC-57031965,Patient_203,8/19/2026,A31-60,98941 [AT],Provider_A,100,20,P,Presbyterian Health Plan,MID-100203X,16.89,0000092674,0,0,0,63.11,0
ACC-65756984,Patient_204,8/19/2026,A31-60,98941 [AT],Provider_B,100,20,B,Aetna Medicare Choice Plan,MID-100204X,0,0000092966,3,0,0,63.11,0
ACC-37468819,Patient_205,12/11/2023,F366+,98941,Provider_A,100,75,D,United HealthCare,MID-100205X,0,0000049552,0,25,0,0,25
ACC-91197632,Patient_206,1/16/2024,F366+,98941,Provider_B,100,100,D,United HealthCare,MID-100206X,0,0000050675,0,0,0,0,0
ACC-43648537,Patient_207,2/5/2024,F366+,98941,Provider_A,100,100,D,United HealthCare,MID-100207X,0,0000051303,0,0,0,0,0
ACC-89791077,Patient_208,3/8/2024,F366+,98941,Provider_B,100,100,D,United HealthCare,MID-100208X,0,0000052427,0,0,0,0,0
ACC-85725897,Patient_209,7/22/2024,F366+,98941,Provider_A,100,25,D,United HealthCare,MID-100209X,0,0000056493,0,0,0,50,25
ACC-27666827,Patient_210,9/19/2024,F366+,98941,Provider_B,100,100,D,United HealthCare,MID-100210X,0,0000058915,0,0,0,0,0
ACC-30374555,Patient_211,2/19/2025,F366+,98941 [AT],Provider_A,100,12.41,B,Presbyterian Health Plan,MID-100211X,0,0000066276,559,0,0,67.59,20
ACC-17539082,Patient_212,2/24/2025,F366+,98941 [AT],Provider_B,100,12.41,B,Presbyterian Health Plan,MID-100212X,0,0000066615,554,0,0,67.59,20
ACC-43149060,Patient_213,2/26/2024,F366+,98941,Provider_A,100,32.42,B,Presbyterian Health Plan,MID-100213X,0,,898,0,0,67.58,0
ACC-93254687,Patient_214,11/22/2023,F366+,98941 [AT],Provider_B,100,100,D,Novitas solutions inc,MID-100214X,0,0000048892,0,0,0,0,0
ACC-54649633,Patient_215,11/22/2023,F366+,98941 [AT],Provider_A,100,100,B,Presbyterian Health Plan,MID-100215X,0,0000058176,698,0,0,0,0
ACC-46184377,Patient_216,2/19/2024,F366+,98941 [AT],Provider_B,100,100,D,Presbyterian Health Plan,MID-100216X,0,0000058791,0,0,0,0,0
ACC-83771927,Patient_217,2/26/2024,F366+,98941 [AT],Provider_A,100,100,D,Presbyterian Health Plan,MID-100217X,0,0000058792,0,0,0,0,0
ACC-90305062,Patient_218,3/4/2024,F366+,98941 [AT],Provider_B,100,100,D,Presbyterian Health Plan,MID-100218X,0,0000058793,0,0,0,0,0
ACC-35369706,Patient_219,8/28/2026,A31-60,97012 [GP],Provider_A,30,30,B,United Healthcare,MID-100219X,0,0000092984,3,0,0,0,0
ACC-66208268,Patient_220,8/28/2026,A31-60,98943,Provider_B,50,-5,B,United Healthcare,MID-100220X,0,0000092984,3,55,0,0,55
ACC-54168695,Patient_221,7/19/2024,F366+,98941,Provider_A,100,67.58,D,Presbyterian Health Plan,MID-100221X,0,0000056465,0,32.42,0,0,32.42
ACC-22639697,Patient_222,1/31/2025,F366+,98941,Provider_B,100,67.58,B,Presbyterian Health Plan,MID-100222X,0,0000065248,577,32.42,0,0,32.42
ACC-98951992,Patient_223,7/29/2025,F366+,98941,Provider_A,100,100,B,Medica,MID-100223X,0,0000090868,76,0,0,0,0
ACC-71936610,Patient_224,7/29/2025,F366+,99203 [25],Provider_B,275,230,B,Medica,MID-100224X,0,0000090868,76,45,0,0,45
ACC-64524785,Patient_225,1/19/2026,A121-365,98941,Provider_A,100,5,B,Medica,MID-100225X,0,0000084476,225,0,0,50,45
ACC-89910910,Patient_226,8/28/2026,A31-60,98941,Provider_B,100,45,B,UMR,MID-100226X,0,0000092997,3,0,0,50,0
ACC-70201923,Patient_227,1/29/2024,F366+,98941 [AT],Provider_A,100,80,B,Humana Medicare,MID-100227X,0,0000051069,945,20,0,0,20
ACC-96657842,Patient_228,10/28/2024,F366+,98941,Provider_B,100,-2.58,B,Presbyterian Health Plan,MID-100228X,0,0000060232,669,0,0,67.58,35
ACC-28856610,Patient_229,2/19/2024,F366+,98941,Provider_A,100,80,D,Presbyterian Health Plan,MID-100229X,0,0000057682,0,20,0,0,20
ACC-94251533,Patient_230,2/20/2024,F366+,98941,Provider_B,100,20.21,B,Presbyterian Health Plan,MID-100230X,0,0000057683,742,0,0,59.79,20
ACC-83034210,Patient_231,2/7/2024,F366+,98941 [AT],Provider_A,40.41,3.7,D,Novitas solutions inc,MID-100231X,29.25,0000051402,0,0,0,0,0
ACC-36450164,Patient_232,2/7/2024,F366+,98941 [AT],Provider_B,40.41,3.7,D,Blue Cross Blue Shield of New Mexico,MID-100232X,7.46,0000052527,0,0,0,0,0
ACC-38491820,Patient_233,11/29/2023,F366+,98941 [AT],Provider_A,100,20,D,AARP Medicare Complete United HealthCare,MID-100233X,8.82,0000049167,976,0,0,71.18,0
ACC-92606485,Patient_234,1/10/2024,F366+,98941 [AT],Provider_B,100,86.28,D,AARP Medicare Complete United HealthCare,MID-100234X,13.72,0000050417,832,0,0,0,0
ACC-14765495,Patient_235,2/21/2024,F366+,98941 [AT],Provider_A,100,100,B,AARP Medicare Complete United HealthCare,MID-100235X,0,0000052912,834,0,0,0,0
ACC-48579632,Patient_236,4/3/2024,F366+,98941 [AT],Provider_B,100,100,D,AARP Medicare Complete United HealthCare,MID-100236X,0,0000053104,0,0,0,0,0
ACC-58402628,Patient_237,9/23/2024,F366+,98941,Provider_A,100,100,D,Blue Cross Blue Shield of New Mexico,MID-100237X,0,0000059705,688,0,0,0,0
ACC-62406345,Patient_238,8/5/2026,A31-60,98941,Provider_B,100,27.79,B,Cigna,MID-100238X,0,0000092393,27,0,0,65.26,6.95
ACC-30714067,Patient_239,2/5/2025,F366+,98941 [AT],Provider_A,100,31.77,B,Presbyterian Health Plan,MID-100239X,0,0000066294,559,0,0,68.23,0
ACC-15799320,Patient_240,8/24/2026,A31-60,98941 [AT],Provider_B,100,36.63,B,Presbyterian Health Plan,MID-100240X,0,0000092836,8,0,0,63.37,0
ACC-53977546,Patient_241,7/29/2026,A61-90,98941 [AT],Provider_A,100,80,B,Novitas solutions inc,MID-100241X,0,,36,20,0,0,20
ACC-56077626,Patient_242,8/5/2026,A31-60,98941 [AT],Provider_B,100,80,B,Novitas solutions inc,MID-100242X,0,,29,20,17.65,0,2.35
ACC-39063069,Patient_243,8/12/2026,A31-60,98941 [AT],Provider_A,100,80,B,Novitas solutions inc,MID-100243X,0,,22,20,20,0,0
ACC-55944731,Patient_244,8/19/2026,A31-60,98941 [AT],Provider_B,100,80,B,Novitas solutions inc,MID-100244X,0,,15,20,20,0,0
ACC-66955933,Patient_245,8/26/2026,A31-60,98941,Provider_A,100,80,B,Novitas solutions inc,MID-100245X,0,,8,20,20,0,0
ACC-57015506,Patient_246,9/2/2026,A0-30,98941,Provider_B,100,80,B,Novitas solutions inc,MID-100246X,0,,1,20,20,0,0
ACC-77424867,Patient_247,1/3/2024,F366+,98941 [AT],Provider_A,100,12.42,B,Presbyterian Health Plan,MID-100247X,0,0000050169,968,0,0,67.58,20
ACC-48242718,Patient_248,2/14/2024,F366+,98941 [AT],Provider_B,100,12.42,B,Presbyterian Health Plan,MID-100248X,0,0000051615,926,0,0,67.58,20
ACC-50620939,Patient_249,1/22/2025,F366+,98941 [AT],Provider_A,100,12.17,B,Presbyterian Health Plan,MID-100249X,0,0000064996,587,0,0,67.83,20
ACC-51860426,Patient_250,2/26/2025,F366+,98941 [AT],Provider_B,100,12.17,B,Presbyterian Health Plan,MID-100250X,0,0000066697,552,0,0,67.83,20
ACC-49268678,Patient_251,9/25/2015,F366+,97014,Provider_A,35,35,P,State Farm Insurance,MID-100251X,0,,0,0,0,0,0
ACC-81655366,Patient_252,10/14/2015,F366+,97014,Provider_B,35,-35,P,State Farm Insurance,MID-100252X,0,,0,0,0,35,0
ACC-55774775,Patient_253,3/26/2024,F366+,99203 [25],Provider_A,275,240,D,Presbyterian Health Plan,MID-100253X,0,,0,0,0,35,0
ACC-65591363,Patient_254,8/28/2026,A31-60,98941,Provider_B,100,50,B,UMR,MID-100254X,0,0000093000,3,0,0,50,0
ACC-84679315,Patient_255,11/17/2021,F366+,98941 [AT],Provider_A,40.41,2.54,D,Novitas solutions inc,MID-100255X,0,,1751,37.87,0,0,37.87
ACC-39439275,Patient_256,11/4/2024,F366+,98941,Provider_B,100,50,B,(LIFE1) United HealthCare,MID-100256X,0,0000060555,665,50,0,0,50
ACC-23018990,Patient_257,5/10/2021,F366+,98941,Provider_A,100,-54.79,P,United HealthCare,MID-100257X,154.79,0000029126,1921,0,0,0,0
ACC-14442473,Patient_258,5/12/2021,F366+,98941,Provider_B,100,-50,P,United HealthCare,MID-100258X,100,0000029239,1627,0,0,50,0
ACC-50781852,Patient_259,5/24/2021,F366+,98941,Provider_A,100,-50,P,United HealthCare,MID-100259X,100,0000029378,1627,0,0,50,0
ACC-96911845,Patient_260,6/7/2021,F366+,98941,Provider_B,100,-50,P,United HealthCare,MID-100260X,100,0000029623,1627,0,0,50,0
ACC-48471953,Patient_261,7/13/2026,A61-90,97012 [GP],Provider_A,30,30,B,Cigna,MID-100261X,0,,52,0,0,0,0
ACC-76732911,Patient_262,7/13/2026,A61-90,98941,Provider_B,100,16.68,B,Cigna,MID-100262X,0,,52,0,0,63.32,20
ACC-51960593,Patient_263,7/21/2026,A61-90,97012 [GP],Provider_A,30,30,B,Cigna,MID-100263X,0,,44,0,0,0,0
ACC-23689727,Patient_264,7/21/2026,A61-90,98941,Provider_B,100,16.68,B,Cigna,MID-100264X,0,,44,0,0,63.32,20
ACC-67364233,Patient_265,8/3/2026,A31-60,97012 [GP],Provider_A,30,30,B,Cigna,MID-100265X,0,,31,0,0,0,0
ACC-84376574,Patient_266,8/3/2026,A31-60,98941,Provider_B,100,16.68,B,Cigna,MID-100266X,0,,31,0,0,63.32,20
ACC-10130257,Patient_267,8/10/2026,A31-60,97012 [GP],Provider_A,30,30,B,Cigna,MID-100267X,0,,24,0,0,0,0
ACC-45769710,Patient_268,8/10/2026,A31-60,98941,Provider_B,100,16.68,B,Cigna,MID-100268X,0,,24,0,0,63.32,20
ACC-15391120,Patient_269,8/19/2026,A31-60,97012 [GP],Provider_A,30,30,B,Cigna,MID-100269X,0,,15,0,0,0,0
ACC-21703834,Patient_270,8/19/2026,A31-60,98941,Provider_B,100,16.68,B,Cigna,MID-100270X,0,,15,0,0,63.32,20
ACC-29392935,Patient_271,8/25/2026,A31-60,97012 [GP],Provider_A,30,30,B,United HealthCare,MID-100271X,0,0000092898,6,0,0,0,0
ACC-10886389,Patient_272,3/29/2021,F366+,98941 [AT],Provider_B,100,24.27,B,Humana Medicare,MID-100272X,0,0000088085,139,0,0,60.73,15
ACC-57012128,Patient_273,5/10/2021,F366+,98941 [AT],Provider_A,100,24.27,B,Humana Medicare,MID-100273X,0,0000088086,139,0,0,60.73,15
ACC-20799011,Patient_274,5/22/2024,F366+,98941 [AT],Provider_B,100,80,D,Humana Medicare,MID-100274X,0,0000054474,787,20,0,0,20
ACC-75115129,Patient_275,8/14/2024,F366+,98941 [AT],Provider_A,100,80,D,Humana Medicare,MID-100275X,0,0000057572,0,20,0,0,20
ACC-92396644,Patient_276,9/11/2024,F366+,98941 [AT],Provider_B,100,100,D,Humana Medicare,MID-100276X,0,0000058629,0,0,0,0,0
ACC-83844831,Patient_277,8/5/2026,A31-60,98941 [AT],Provider_A,100,21.79,B,Humana Medicare,MID-100277X,0,,29,0,0,63.21,15
ACC-90043761,Patient_278,8/19/2026,A31-60,98941 [AT],Provider_B,100,21.79,B,Humana Medicare,MID-100278X,0,,15,0,0,63.21,15
ACC-65527134,Patient_279,8/28/2026,A31-60,98941 [AT],Provider_A,100,21.79,B,Humana Medicare,MID-100279X,0,,6,0,0,63.21,15
ACC-10654885,Patient_280,8/12/2026,A31-60,98941 [AT],Provider_B,100,80,B,Novitas solutions inc,MID-100280X,0,,22,20,12.3,0,7.7
ACC-86449546,Patient_281,7/28/2026,A61-90,98941 [AT],Provider_A,100,74.04,B,Novitas,MID-100281X,0,,37,25.96,0,0,25.96
ACC-65682076,Patient_282,8/11/2026,A31-60,98941 [AT],Provider_B,100,74.04,B,Novitas,MID-100282X,0,,23,25.96,16.18,0,9.78
ACC-67137137,Patient_283,8/25/2026,A31-60,98941 [AT],Provider_A,100,74.04,B,Novitas,MID-100283X,0,,9,25.96,25.96,0,0
ACC-66702359,Patient_284,12/9/2020,F366+,98941,Provider_B,100,-2.42,P,Presbyterian Health Plan,MID-100284X,4.84,,2041,0,0,67.58,30
ACC-79369710,Patient_285,1/13/2025,F366+,98941,Provider_A,100,2.42,B,Presbyterian Health Plan,MID-100285X,0,0000063915,596,0,0,67.58,30
ACC-89083477,Patient_286,6/29/2020,F366+,98941,Provider_B,100,80,D,Presbyterian Health Plan,MID-100286X,0,,2257,20,0,0,20
ACC-30693153,Patient_287,2/12/2021,F366+,98941,Provider_A,100,80,D,Presbyterian Health Plan,MID-100287X,0,,2029,20,0,0,20
ACC-57791081,Patient_288,1/12/2022,F366+,98941,Provider_B,100,80,D,Presbyterian Health Plan,MID-100288X,0,,1695,20,0,0,20
ACC-29673756,Patient_289,7/26/2024,F366+,98941,Provider_A,100,67.58,D,Presbyterian Health Plan,MID-100289X,0,0000056731,0,32.42,0,0,32.42
ACC-91224479,Patient_290,10/28/2024,F366+,98941,Provider_B,100,12.81,B,Presbyterian Health Plan,MID-100290X,0,0000060248,669,0,0,67.19,20
ACC-68849078,Patient_291,1/15/2025,F366+,98941,Provider_A,100,12.81,B,Presbyterian Health Plan,MID-100291X,0,0000064093,594,0,0,67.19,20
ACC-30825449,Patient_292,8/24/2026,A31-60,97012 [GP],Provider_B,30,30,B,Presbyterian Health Plan,MID-100292X,0,0000092831,8,0,0,0,0
ACC-84621375,Patient_293,8/24/2026,A31-60,98941,Provider_A,100,16.81,B,Presbyterian Health Plan,MID-100293X,0,0000092831,8,0,0,63.19,20
ACC-77409013,Patient_294,10/28/2024,F366+,98941 [AT],Provider_B,100,12.81,B,Presbyterian Health Plan,MID-100294X,0,0000060247,669,0,0,67.19,20
ACC-73989463,Patient_295,1/15/2025,F366+,98941 [AT],Provider_A,100,12.17,B,Presbyterian Health Plan,MID-100295X,0,0000064089,594,0,0,67.83,20
ACC-99387240,Patient_296,8/24/2026,A31-60,98941 [AT],Provider_B,100,16.89,B,Presbyterian Health Plan,MID-100296X,0,0000092829,8,0,0,63.11,0
ACC-16156170,Patient_297,8/28/2026,A31-60,98941 [AT],Provider_A,100,16.89,B,Presbyterian Health Plan,MID-100297X,0,0000092964,3,0,0,63.11,20
ACC-83113168,Patient_298,8/31/2026,A0-30,98941 [AT],Provider_B,100,16.89,B,Presbyterian Health Plan,MID-100298X,0,0000093025,1,0,0,63.11,20
ACC-60087855,Patient_299,3/14/2025,F366+,98941 [AT],Provider_A,100,20,P,Presbyterian Health Plan,MID-100299X,12.17,0000070330,0,0,0,67.83,0
ACC-79862440,Patient_300,3/14/2025,F366+,98941 [AT],Provider_B,100,20,B,AARP Health Care Options United Healthcare,MID-100300X,0,0000071045,472,0,0,67.83,0
ACC-79222057,Patient_301,3/26/2025,F366+,98941 [AT],Provider_A,100,20,P,Presbyterian Health Plan,MID-100301X,12.17,0000070331,0,0,0,67.83,0
ACC-42401084,Patient_302,3/26/2025,F366+,98941 [AT],Provider_B,100,20,B,AARP Health Care Options United Healthcare,MID-100302X,0,0000071046,472,0,0,67.83,0
ACC-26102941,Patient_303,8/28/2026,A31-60,98941 [AT],Provider_A,100,80,B,Novitas solutions inc,MID-100303X,0,,6,20,0,0,20
ACC-54964749,Patient_304,9/4/2024,F366+,98941 [AT],Provider_B,100,100,D,United Healthcare,MID-100304X,0,0000059686,0,0,0,0,0
ACC-23927867,Patient_305,8/3/2026,A31-60,98941 [AT],Provider_A,100,22.23,B,Blue Cross Medicare Advantage,MID-100305X,0,,31,0,0,62.77,0
ACC-38570836,Patient_306,3/13/2023,F366+,98941,Provider_B,100,-50,P,United HealthCare,MID-100306X,100,0000041142,0,0,0,50,0
ACC-58804485,Patient_307,10/3/2024,F366+,98941,Provider_A,100,50,B,UMR,MID-100307X,0,0000059441,695,0,0,50,0
ACC-41438400,Patient_308,10/4/2024,F366+,98941,Provider_B,100,50,B,UMR,MID-100308X,0,0000059579,693,0,0,50,0
ACC-61663322,Patient_309,10/7/2024,F366+,98941,Provider_A,100,50,B,UMR,MID-100309X,0,0000059580,693,0,0,50,0
ACC-43975200,Patient_310,10/8/2024,F366+,98941,Provider_B,100,50,B,UMR,MID-100310X,0,0000059707,688,0,0,50,0
ACC-19901994,Patient_311,10/14/2024,F366+,98941,Provider_A,100,50,B,UMR,MID-100311X,0,0000059785,686,0,0,50,0
ACC-91970109,Patient_312,10/18/2024,F366+,98941,Provider_B,100,50,B,UMR,MID-100312X,0,0000060028,679,0,0,50,0
ACC-33115504,Patient_313,10/21/2024,F366+,98941,Provider_A,100,50,B,UMR,MID-100313X,0,0000060029,679,0,0,50,0
ACC-58290118,Patient_314,1/17/2024,F366+,98941,Provider_B,100,32.42,B,Presbyterian Health Plan,MID-100314X,0,,954,0,0,67.58,0
ACC-15970153,Patient_315,2/26/2024,F366+,98941,Provider_A,100,100,D,Presbyterian Health Plan,MID-100315X,0,0000057995,0,0,0,0,0
ACC-95173749,Patient_316,7/9/2024,F366+,98941,Provider_B,100,100,D,Presbyterian Health Plan,MID-100316X,0,0000056084,0,0,0,0,0
ACC-62690609,Patient_317,2/5/2025,F366+,98941,Provider_A,100,12.42,B,Presbyterian Health Plan,MID-100317X,0,0000065448,573,0,0,67.58,20
ACC-71125205,Patient_318,4/8/2022,F366+,98941 [AT],Provider_B,100,-38.62,P,Novitas solutions inc,MID-100318X,0,0000034879,0,0,0,61.38,0
ACC-39026481,Patient_319,4/8/2022,F366+,98941 [AT],Provider_A,100,-38.62,P,AARP Health Care Options United Healthcare,MID-100319X,77.24,,1544,0,0,61.38,0
ACC-83708501,Patient_320,4/12/2022,F366+,98941 [AT],Provider_B,100,-38.62,P,Novitas solutions inc,MID-100320X,0,0000035003,0,0,0,61.38,0
ACC-74670938,Patient_321,4/12/2022,F366+,98941 [AT],Provider_A,100,-38.62,P,AARP Health Care Options United Healthcare,MID-100321X,77.24,,1544,0,0,61.38,0
ACC-91965053,Patient_322,4/15/2022,F366+,98941 [AT],Provider_B,100,-38.62,P,Novitas solutions inc,MID-100322X,0,0000035003,0,0,0,61.38,0
ACC-64414178,Patient_323,4/15/2022,F366+,98941 [AT],Provider_A,100,-38.62,P,AARP Health Care Options United Healthcare,MID-100323X,77.24,,1544,0,0,61.38,0
ACC-92051876,Patient_324,7/31/2026,A31-60,98941 [AT],Provider_B,100,80,B,Novitas solutions inc,MID-100324X,0,,34,20,20,0,0
ACC-75567344,Patient_325,10/25/2024,F366+,98941 [AT],Provider_A,100,12.81,B,Presbyterian Health Plan,MID-100325X,0,0000060229,669,0,0,67.19,20
ACC-40005301,Patient_326,1/24/2025,F366+,98941 [AT],Provider_B,100,12.17,B,Presbyterian Health Plan,MID-100326X,0,0000065072,584,0,0,67.83,20
ACC-88153992,Patient_327,2/21/2025,F366+,98941 [AT],Provider_A,100,12.17,B,Presbyterian Health Plan,MID-100327X,0,0000066505,556,0,0,67.83,20
ACC-50324156,Patient_328,5/2/2024,F366+,98941,Provider_B,100,2.42,B,Presbyterian Health Plan,MID-100328X,0,,849,0,0,67.58,30
ACC-94240214,Patient_329,7/10/2024,F366+,98941,Provider_A,100,70,D,Presbyterian Health Plan,MID-100329X,0,0000056274,0,30,0,0,30
ACC-68715606,Patient_330,7/24/2024,F366+,98941,Provider_B,100,70,D,Presbyterian Health Plan,MID-100330X,0,0000056630,0,30,0,0,30
ACC-87246116,Patient_331,7/31/2024,F366+,98941,Provider_A,100,100,D,Presbyterian Health Plan,MID-100331X,0,0000056940,0,0,0,0,0
ACC-75563628,Patient_332,8/20/2024,F366+,98941,Provider_B,100,100,D,United Healthcare,MID-100332X,0,0000057908,0,0,0,0,0
ACC-95537709,Patient_333,9/17/2024,F366+,98941,Provider_A,100,100,D,United Healthcare,MID-100333X,0,0000058967,0,0,0,0,0
ACC-64721590,Patient_334,9/2/2026,A0-30,97012 [GP],Provider_B,30,20,B,United HealthCare,MID-100334X,0,0000093082,0,10,10,0,0
ACC-23029642,Patient_335,9/2/2026,A0-30,98943,Provider_A,50,50,B,United HealthCare,MID-100335X,0,0000093082,0,0,0,0,0
ACC-80992919,Patient_336,8/2/2022,F366+,98941 [AT],Provider_B,100,-7.72,P,Novitas solutions inc,MID-100336X,30.28,0000036894,0,0,0,62,0
ACC-33132532,Patient_337,8/2/2022,F366+,98941 [AT],Provider_A,100,-7.72,P,AARP Health Care Options United Healthcare,MID-100337X,15.44,,1423,0,0,62,0
ACC-36323798,Patient_338,8/26/2026,A31-60,98941 [AT],Provider_B,100,80,B,Novitas solutions inc,MID-100338X,0,,8,20,20,0,0
ACC-98581440,Patient_339,1/2/2024,F366+,98941 [AT],Provider_A,100,12.42,B,Presbyterian Health Plan,MID-100339X,0,0000050179,968,0,0,67.58,20
ACC-71435669,Patient_340,2/3/2021,F366+,98941,Provider_B,100,-0.2,B,Blue Cross Blue Shield of New Mexico,MID-100340X,0,0000027719,2031,0,0,60.85,39.35
ACC-56108229,Patient_341,7/3/2024,F366+,98941 [AT],Provider_A,100,80,D,Presbyterian Health Plan,MID-100341X,0,0000055849,0,20,0,0,20
ACC-50326005,Patient_342,7/31/2024,F366+,98941 [AT],Provider_B,100,80,D,Presbyterian Health Plan,MID-100342X,0,0000056915,0,20,0,0,20
ACC-74198605,Patient_343,2/6/2024,F366+,98941 [AT],Provider_A,100,37.75,B,Humana Medicare,MID-100343X,0,0000051425,933,0,0,62.25,0
ACC-81932117,Patient_344,8/24/2026,A31-60,98941,Provider_B,100,2.42,B,Presbyterian Health Plan,MID-100344X,0,0000092832,8,0,0,67.58,30
ACC-93944534,Patient_345,8/5/2024,F366+,98941 [AT],Provider_A,100,80,D,Presbyterian Health Plan,MID-100345X,0,0000057079,0,20,17.93,0,2.07
ACC-30059741,Patient_346,1/6/2025,F366+,98941 [AT],Provider_B,100,12.81,D,Presbyterian Health Plan,MID-100346X,0,,605,0,0,67.19,20
ACC-71448101,Patient_347,2/3/2025,F366+,98941 [AT],Provider_A,100,12.81,D,Presbyterian Health Plan,MID-100347X,0,,577,0,0,67.19,20
ACC-21104963,Patient_348,8/3/2026,A31-60,98941 [AT],Provider_B,100,22.23,B,Blue Cross Blue Shield Medicare Advantage,MID-100348X,0,,31,0,0,62.77,15
ACC-55684825,Patient_349,8/17/2022,F366+,98941 [AT],Provider_A,40.41,-7.72,P,Novitas solutions inc,MID-100349X,30.28,0000037175,0,0,0,2.41,0
ACC-22952913,Patient_350,8/17/2022,F366+,98941 [AT],Provider_B,40.41,-7.72,P,AARP Health Care Options United Healthcare,MID-100350X,15.44,,1423,0,0,2.41,0
ACC-14256354,Patient_351,2/23/2024,F366+,98941,Provider_A,100,15,D,Presbyterian Health Plan,MID-100351X,17.42,0000051998,761,0,0,67.58,0
ACC-62815638,Patient_352,8/1/2024,F366+,98941,Provider_B,100,75,D,Presbyterian Health Plan,MID-100352X,0,0000056933,0,25,0,0,25
ACC-53726469,Patient_353,10/25/2024,F366+,98941,Provider_A,100,17.42,B,Presbyterian Health Plan,MID-100353X,0,0000060250,669,0,0,67.58,15
ACC-91875382,Patient_354,8/24/2026,A31-60,97012 [GP],Provider_B,30,13.93,B,Presbyterian Health Plan,MID-100354X,0,0000092835,8,0,0,16.07,0
ACC-35400256,Patient_355,8/24/2026,A31-60,98943,Provider_A,50,10.73,B,Presbyterian Health Plan,MID-100355X,0,0000092835,8,0,0,24.27,15
ACC-54716695,Patient_356,2/5/2024,F366+,98941,Provider_B,100,-2.58,B,Presbyterian Health Plan,MID-100356X,0,0000051297,938,0,0,67.58,35
ACC-24762810,Patient_357,8/10/2026,A31-60,98941 [AT],Provider_A,100,50.28,B,Novitas,MID-100357X,0,,24,49.72,0,0,49.72
ACC-51566315,Patient_358,9/25/2024,F366+,98941,Provider_B,100,36.86,P,Aetna,MID-100358X,0,0000059171,0,0,0,63.14,0
ACC-69735947,Patient_359,9/25/2024,F366+,99211 [25],Provider_A,75,12.27,P,Aetna,MID-100359X,0,0000059171,0,0,0,62.73,0
ACC-86465353,Patient_360,8/27/2026,A31-60,99203 [25],Provider_B,275,260,B,Aetna,MID-100360X,0,0000093063,1,15,0,0,15
ACC-27740644,Patient_361,9/1/2026,A0-30,97012 [GP],Provider_A,30,15,B,Aetna,MID-100361X,0,0000093141,0,15,0,0,15
ACC-90656153,Patient_362,9/1/2026,A0-30,98943,Provider_B,50,50,B,Aetna,MID-100362X,0,0000093141,0,0,0,0,0
ACC-53796858,Patient_363,4/29/2024,F366+,98941,Provider_A,100,100,B,Presbyterian Health Plan,MID-100363X,0,,849,0,0,0,0
ACC-11154858,Patient_364,4/29/2024,F366+,99203 [25],Provider_B,275,255,B,Presbyterian Health Plan,MID-100364X,0,,849,20,0,0,20
ACC-14223576,Patient_365,5/6/2024,F366+,98941,Provider_A,100,80,B,Presbyterian Health Plan,MID-100365X,0,,842,20,20,0,0
ACC-73357814,Patient_366,8/30/2024,F366+,98941,Provider_B,100,30,B,Surest,MID-100366X,30,0000058297,0,0,0,20,20
ACC-31054394,Patient_367,1/27/2025,F366+,98941 [AT],Provider_A,40.41,20.41,B,Presbyterian Health Plan,MID-100367X,0,0000065089,582,20,0,0,20
ACC-87128000,Patient_368,9/2/2026,A0-30,98941,Provider_B,100,7.23,B,Presbyterian Health Plan,MID-100368X,0,0000093088,0,0,0,62.77,30
ACC-65326855,Patient_369,11/28/2023,F366+,98941 [AT],Provider_A,100,20,D,AARP Medicare Advantage,MID-100369X,8.82,0000049180,976,0,0,71.18,0
ACC-41646309,Patient_370,1/9/2024,F366+,98941 [AT],Provider_B,100,86.28,D,AARP Medicare Advantage,MID-100370X,13.72,0000050429,832,0,0,0,0
ACC-23311872,Patient_371,2/6/2024,F366+,98941 [AT],Provider_A,100,100,D,AARP Medicare Advantage,MID-100371X,0,0000051422,0,0,0,0,0
ACC-35529431,Patient_372,3/5/2024,F366+,98941 [AT],Provider_B,100,100,D,AARP Medicare Advantage,MID-100372X,0,0000052311,834,0,0,0,0
ACC-51268565,Patient_373,4/2/2024,F366+,98941 [AT],Provider_A,100,100,D,AARP Medicare Advantage,MID-100373X,0,0000053116,0,0,0,0,0
ACC-55783771,Patient_374,4/30/2024,F366+,98941 [AT],Provider_B,100,100,D,AARP Medicare Advantage,MID-100374X,0,0000053890,0,0,0,0,0
ACC-66593349,Patient_375,5/28/2024,F366+,98941 [AT],Provider_A,100,71.28,D,AARP Medicare Advantage,MID-100375X,13.72,0000055562,0,15,0,0,15
ACC-36308628,Patient_376,6/28/2024,F366+,98941 [AT],Provider_B,100,71.28,D,AARP Medicare Advantage,MID-100376X,13.72,0000055781,758,15,0,0,15
ACC-38255028,Patient_377,7/26/2024,F366+,98941 [AT],Provider_A,100,71.28,D,AARP Medicare Advantage,MID-100377X,13.72,0000056762,721,15,0,0,15
ACC-59729075,Patient_378,9/10/2024,F366+,98941,Provider_B,100,-10,B,UMR,MID-100378X,0,0000058633,716,10,-50,50,60
ACC-30325396,Patient_379,12/2/2020,F366+,98941,Provider_A,100,-27.42,P,Presbyterian Health Plan,MID-100379X,54.84,,2041,0,0,67.58,5
ACC-59016367,Patient_380,2/26/2024,F366+,98941,Provider_B,100,100,B,Presbyterian Health Plan,MID-100380X,0,,898,0,0,0,0
ACC-23988480,Patient_381,7/8/2024,F366+,98941,Provider_A,100,100,D,Presbyterian Health Plan,MID-100381X,0,0000055970,0,0,0,0,0
ACC-66511457,Patient_382,8/26/2026,A31-60,98941,Provider_B,100,37.15,B,Presbyterian Health Plan,MID-100382X,0,0000092915,6,0,0,62.85,0
ACC-35509843,Patient_383,7/3/2024,F366+,98941 [AT],Provider_A,100,80,D,Presbyterian Health Plan,MID-100383X,0,0000055848,0,20,0,0,20
ACC-14026531,Patient_384,7/17/2024,F366+,98941 [AT],Provider_B,100,100,D,Presbyterian Health Plan,MID-100384X,0,0000056321,0,0,0,0,0
ACC-58265595,Patient_385,7/24/2024,F366+,98941 [AT],Provider_A,100,80,D,Presbyterian Health Plan,MID-100385X,0,0000056605,0,20,0,0,20
ACC-54147492,Patient_386,8/7/2024,F366+,98941 [AT],Provider_B,100,80,D,Presbyterian Health Plan,MID-100386X,0,0000057256,0,20,0,0,20
ACC-31050465,Patient_387,8/21/2026,A31-60,98941 [AT],Provider_A,100,36.79,B,Humana Gold Plus,MID-100387X,0,,13,0,0,63.21,0
ACC-45210290,Patient_388,12/12/2023,F366+,98941 [AT],Provider_B,100,7.7,P,Novitas solutions inc,MID-100388X,30.2,0000049754,0,0,0,62.1,0
ACC-38517637,Patient_389,12/12/2023,F366+,98941 [AT],Provider_A,100,7.7,B,Blue Cross Blue Shield of New Mexico,MID-100389X,0,,975,0,0,62.1,0
ACC-50755386,Patient_390,12/18/2023,F366+,98941 [AT],Provider_B,100,7.7,P,Novitas solutions inc,MID-100390X,30.2,0000049886,0,0,0,62.1,0
ACC-70550438,Patient_391,12/18/2023,F366+,98941 [AT],Provider_A,100,7.7,B,Blue Cross Blue Shield of New Mexico,MID-100391X,0,,974,0,0,62.1,0
ACC-27833558,Patient_392,1/9/2024,F366+,98941 [AT],Provider_B,100,37.31,P,Novitas solutions inc,MID-100392X,0,0000050405,0,0,0,62.69,0
ACC-88033436,Patient_393,1/9/2024,F366+,98941 [AT],Provider_A,100,37.31,B,Blue Cross Blue Shield of New Mexico,MID-100393X,0,,956,0,0,62.69,0
ACC-72892700,Patient_394,2/5/2024,F366+,98941 [AT],Provider_B,100,70.75,D,Novitas solutions inc,MID-100394X,29.25,0000051274,0,0,0,0,0
ACC-38906946,Patient_395,2/5/2024,F366+,98941 [AT],Provider_A,100,70.75,D,Blue Cross Blue Shield of New Mexico,MID-100395X,0,0000051866,0,0,0,0,0
ACC-49459929,Patient_396,3/21/2024,F366+,98941 [AT],Provider_B,100,7.59,P,Novitas solutions inc,MID-100396X,29.73,0000052758,0,0,0,62.68,0
ACC-25020624,Patient_397,3/21/2024,F366+,98941 [AT],Provider_A,100,7.59,B,Blue Cross Blue Shield of New Mexico,MID-100397X,0,,877,0,0,62.68,0
ACC-71175739,Patient_398,4/17/2024,F366+,98941 [AT],Provider_B,100,7.59,P,Novitas solutions inc,MID-100398X,29.73,0000053492,0,0,0,62.68,0
ACC-44641741,Patient_399,4/17/2024,F366+,98941 [AT],Provider_A,100,7.59,B,Blue Cross Blue Shield of New Mexico,MID-100399X,0,,850,0,0,62.68,0
ACC-74765737,Patient_400,6/12/2024,F366+,98941 [AT],Provider_B,100,7.59,B,Novitas solutions inc,MID-100400X,29.73,0000055097,780,0,0,62.68,0
ACC-58802780,Patient_401,6/12/2024,F366+,98941 [AT],Provider_A,100,7.59,P,Blue Cross Blue Shield of New Mexico,MID-100401X,0,0000055761,0,0,0,62.68,0
ACC-67499491,Patient_402,7/23/2024,F366+,98941 [AT],Provider_B,100,7.59,P,Novitas solutions inc,MID-100402X,29.73,0000056609,0,0,0,62.68,0
ACC-86622748,Patient_403,7/23/2024,F366+,98941 [AT],Provider_A,100,7.59,B,Blue Cross Blue Shield of New Mexico,MID-100403X,0,,752,0,0,62.68,0
ACC-77732476,Patient_404,8/20/2024,F366+,98941 [AT],Provider_B,100,7.59,P,Novitas solutions inc,MID-100404X,29.73,0000057797,0,0,0,62.68,0
ACC-83068128,Patient_405,8/20/2024,F366+,98941 [AT],Provider_A,100,7.59,B,Blue Cross Blue Shield of New Mexico,MID-100405X,0,,724,0,0,62.68,0
ACC-29695296,Patient_406,9/17/2024,F366+,98941 [AT],Provider_B,100,7.59,P,Novitas solutions inc,MID-100406X,29.73,0000058858,0,0,0,62.68,0
ACC-16868162,Patient_407,9/17/2024,F366+,98941 [AT],Provider_A,100,7.59,B,Blue Cross Blue Shield of New Mexico,MID-100407X,0,,696,0,0,62.68,0
ACC-38645242,Patient_408,10/16/2024,F366+,98941 [AT],Provider_B,100,7.59,P,Novitas solutions inc,MID-100408X,29.73,0000059847,0,0,0,62.68,0
ACC-79979106,Patient_409,10/16/2024,F366+,98941 [AT],Provider_A,100,7.59,B,Blue Cross Blue Shield of New Mexico,MID-100409X,0,,656,0,0,62.68,0
ACC-53953652,Patient_410,1/28/2026,A121-365,98941 [AT],Provider_B,100,37.23,P,Novitas solutions inc,MID-100410X,0,0000084823,0,0,0,62.77,0
ACC-96594562,Patient_411,1/28/2026,A121-365,98941 [AT],Provider_A,100,37.23,B,Blue Cross Blue Shield of New Mexico,MID-100411X,0,,211,0,0,62.77,0
ACC-76824920,Patient_412,2/25/2026,A121-365,98941 [AT],Provider_B,100,7.45,P,Novitas solutions inc,MID-100412X,29.18,0000086186,0,0,0,63.37,0
ACC-31877049,Patient_413,2/25/2026,A121-365,98941 [AT],Provider_A,100,7.45,B,Blue Cross Blue Shield of New Mexico,MID-100413X,0,,172,0,0,63.37,0
ACC-15062053,Patient_414,3/4/2026,A121-365,98941 [AT],Provider_B,100,7.45,P,Novitas solutions inc,MID-100414X,29.18,0000086552,0,0,0,63.37,0
ACC-25484559,Patient_415,3/4/2026,A121-365,98941 [AT],Provider_A,100,7.45,B,Blue Cross Blue Shield of New Mexico,MID-100415X,0,,168,0,0,63.37,0
ACC-78325797,Patient_416,4/13/2026,A121-365,98941 [AT],Provider_B,100,7.45,P,Novitas solutions inc,MID-100416X,29.18,0000088064,0,0,0,63.37,0
ACC-56203503,Patient_417,4/13/2026,A121-365,98941 [AT],Provider_A,100,7.45,B,Blue Cross Blue Shield of New Mexico,MID-100417X,0,,123,0,0,63.37,0
ACC-26316745,Patient_418,5/29/2026,A121-365,98941 [AT],Provider_B,100,7.45,P,Novitas solutions inc,MID-100418X,29.18,0000090061,0,0,0,63.37,0
ACC-14485291,Patient_419,5/29/2026,A121-365,98941 [AT],Provider_A,100,7.45,B,Blue Cross Blue Shield of New Mexico,MID-100419X,0,,81,0,0,63.37,0
ACC-31376256,Patient_420,6/29/2026,A91-120,98941 [AT],Provider_B,100,7.45,P,Novitas solutions inc,MID-100420X,29.18,0000091245,0,0,0,63.37,0
ACC-83253545,Patient_421,6/29/2026,A91-120,98941 [AT],Provider_A,100,7.45,B,Blue Cross Blue Shield of New Mexico,MID-100421X,0,,46,0,0,63.37,0
ACC-95142443,Patient_422,8/10/2026,A31-60,98941 [AT],Provider_B,100,29.78,B,Novitas solutions inc,MID-100422X,0,,24,0,0,62.77,7.45
ACC-20039482,Patient_423,2/14/2024,F366+,98941 [AT],Provider_A,100,12.42,B,Presbyterian Health Plan,MID-100423X,0,0000051629,926,0,0,67.58,20
ACC-47311129,Patient_424,7/3/2024,F366+,98941 [AT],Provider_B,100,80,D,Presbyterian Health Plan,MID-100424X,0,0000055853,0,20,0,0,20
ACC-65577017,Patient_425,7/31/2024,F366+,98941 [AT],Provider_A,100,80,D,Presbyterian Health Plan,MID-100425X,0,0000056923,0,20,0,0,20
ACC-27961660,Patient_426,8/23/2024,F366+,98941,Provider_B,100,-9.97,B,Aetna,MID-100426X,0,0000060761,657,0,0,62.56,47.41
ACC-40270945,Patient_427,12/11/2023,F366+,98941,Provider_A,100,65,D,Presbyterian Health Plan,MID-100427X,0,0000051280,0,35,0,0,35
ACC-80186112,Patient_428,7/10/2024,F366+,98941,Provider_B,100,20,B,Presbyterian Health Plan,MID-100428X,0,,644,0,0,65,15
ACC-75942314,Patient_429,1/3/2024,F366+,98941,Provider_A,100,62.56,D,Aetna,MID-100429X,0,0000050264,0,37.44,37.44,0,0
ACC-67035274,Patient_430,2/2/2024,F366+,98941,Provider_B,100,62.56,D,Aetna,MID-100430X,0,0000051323,0,37.44,37.44,0,0
ACC-35257074,Patient_431,2/5/2024,F366+,98941,Provider_A,100,62.56,D,Aetna,MID-100431X,0,0000051324,0,37.44,37.44,0,0
ACC-72252276,Patient_432,2/8/2024,F366+,98941,Provider_B,100,62.56,D,Aetna,MID-100432X,0,,761,37.44,37.44,0,0
ACC-73025988,Patient_433,3/8/2024,F366+,98941,Provider_A,100,63.74,D,Aetna,MID-100433X,0,0000052449,0,36.26,36.26,0,0
ACC-56572041,Patient_434,3/11/2024,F366+,98941,Provider_B,100,63.74,D,Aetna,MID-100434X,0,0000052450,0,36.26,36.26,0,0
ACC-60168120,Patient_435,7/12/2024,F366+,98941,Provider_A,100,-7.56,B,Aetna,MID-100435X,0,0000056201,777,0,0,62.56,0
ACC-80373761,Patient_436,8/23/2024,F366+,98941,Provider_B,100,-7.56,B,Aetna,MID-100436X,0,0000057987,735,0,0,62.56,45
ACC-16943038,Patient_437,9/9/2024,F366+,98941,Provider_A,100,-7.56,B,Aetna,MID-100437X,0,0000058528,721,0,0,62.56,45
ACC-29708633,Patient_438,6/23/2026,A91-120,98941 [AT],Provider_B,35,7,P,Novitas solutions inc,MID-100438X,27.44,0000091095,0,0,0,0.56,0
ACC-94486058,Patient_439,6/23/2026,A91-120,98941 [AT],Provider_A,35,7,B,Cigna Medicare Supplement Insurance,MID-100439X,0,,56,0,0,0.56,0
ACC-90402698,Patient_440,8/11/2026,A31-60,98941 [AT],Provider_B,100,80,B,Novitas solutions inc,MID-100440X,0,,23,20,0,0,20
ACC-75033886,Patient_441,8/24/2026,A31-60,98941 [AT],Provider_A,100,80,B,Novitas solutions inc,MID-100441X,0,,10,20,0,0,20
ACC-73297457,Patient_442,5/12/2021,F366+,98941,Provider_B,100,-50,P,United HealthCare,MID-100442X,100,0000029297,1627,0,0,50,0
ACC-62292204,Patient_443,8/26/2026,A31-60,98941,Provider_A,100,50,B,United HealthCare,MID-100443X,0,0000092901,6,0,0,50,0
ACC-98359082,Patient_444,4/1/2022,F366+,98941 [AT],Provider_B,40.41,-7.72,P,Novitas solutions inc,MID-100444X,30.59,0000034748,0,0,0,2.1,0
ACC-86151630,Patient_445,4/1/2022,F366+,98941 [AT],Provider_A,40.41,-7.72,P,AARP Health Care Options United Healthcare,MID-100445X,15.44,,1563,0,0,2.1,0
ACC-18248363,Patient_446,8/12/2022,F366+,98941 [AT],Provider_B,40.41,-7.72,P,Novitas solutions inc,MID-100446X,30.28,0000037033,0,0,0,2.41,0
ACC-42484647,Patient_447,8/12/2022,F366+,98941 [AT],Provider_A,40.41,-7.72,P,AARP Health Care Options United Healthcare,MID-100447X,15.44,,1423,0,0,2.41,0
ACC-10536482,Patient_448,8/17/2026,A31-60,98941 [AT],Provider_B,40.41,32.33,B,Novitas solutions inc,MID-100448X,0,,17,8.08,0,0,8.08
ACC-60906741,Patient_449,7/22/2024,F366+,98941,Provider_A,100,70,D,Presbyterian Health Plan,MID-100449X,0,0000056468,0,30,3.13,0,26.87
ACC-45410447,Patient_450,7/23/2024,F366+,98941,Provider_B,100,70,D,Presbyterian Health Plan,MID-100450X,0,0000056613,0,30,0,0,30
ACC-19926179,Patient_451,7/26/2024,F366+,98941,Provider_A,100,70,D,Presbyterian Health Plan,MID-100451X,0,0000056740,0,30,0,0,30
ACC-51178648,Patient_452,7/29/2024,F366+,98941,Provider_B,100,70,D,Presbyterian Health Plan,MID-100452X,0,0000056741,0,30,0,0,30
ACC-71796566,Patient_453,7/31/2024,F366+,98941,Provider_A,100,70,D,Presbyterian Health Plan,MID-100453X,0,0000056918,0,30,0,0,30
ACC-46780434,Patient_454,8/17/2021,F366+,98941 [AT],Provider_B,100,2.42,D,Presbyterian Health Plan,MID-100454X,0,,1843,0,0,67.58,30
ACC-60842855,Patient_455,2/8/2022,F366+,98941 [AT],Provider_A,100,2.42,D,Presbyterian Health Plan,MID-100455X,0,,1668,0,0,67.58,30
ACC-56369601,Patient_456,7/12/2024,F366+,98941 [AT],Provider_B,40.41,7.99,D,Presbyterian Health Plan,MID-100456X,0,0000056145,0,32.42,0,0,32.42
ACC-39467578,Patient_457,7/22/2024,F366+,98941 [AT],Provider_A,40.41,7.99,D,Presbyterian Health Plan,MID-100457X,0,0000056456,0,32.42,0,0,32.42
ACC-66500786,Patient_458,7/12/2024,F366+,98941 [AT],Provider_B,100,67.58,D,Presbyterian Health Plan,MID-100458X,0,0000056152,0,32.42,0,0,32.42
ACC-58516164,Patient_459,7/22/2024,F366+,98941 [AT],Provider_A,100,67.58,D,Presbyterian Health Plan,MID-100459X,0,0000056464,0,32.42,0,0,32.42
ACC-30401111,Patient_460,2/21/2025,F366+,98941,Provider_B,100,80,B,Presbyterian Health Plan,MID-100460X,0,0000066600,556,20,0,0,20
ACC-81345861,Patient_461,8/26/2026,A31-60,98941,Provider_A,100,16.89,B,Presbyterian Health Plan,MID-100461X,0,0000092897,6,0,0,63.11,20
ACC-64841386,Patient_462,9/2/2026,A0-30,98941,Provider_B,100,16.89,B,Presbyterian Health Plan,MID-100462X,0,0000093083,0,0,0,63.11,20
ACC-69433633,Patient_463,7/1/2026,A61-90,98941,Provider_A,100,50,P,United Healthcare,MID-100463X,0,0000091317,0,50,0,0,50
ACC-98861905,Patient_464,7/1/2026,A61-90,98941,Provider_B,100,50,B,United HealthCare,MID-100464X,0,,0,50,0,0,50
ACC-56978664,Patient_465,4/12/2022,F366+,98941 [AT],Provider_A,100,-7.72,P,Novitas solutions inc,MID-100465X,30.59,0000035004,0,0,0,61.69,0
ACC-54471878,Patient_466,4/12/2022,F366+,98941 [AT],Provider_B,100,-7.72,P,AARP Health Care Options United Healthcare,MID-100466X,15.44,,1544,0,0,61.69,0
ACC-32870372,Patient_467,8/9/2022,F366+,98941 [AT],Provider_A,100,-7.72,P,Novitas solutions inc,MID-100467X,30.28,0000037044,0,0,0,62,0
ACC-17193112,Patient_468,8/9/2022,F366+,98941 [AT],Provider_B,100,-7.72,P,AARP Health Care Options United Healthcare,MID-100468X,15.44,,1423,0,0,62,0
ACC-55383986,Patient_469,7/29/2024,F366+,98941 [AT],Provider_A,100,100,D,Presbyterian Health Plan,MID-100469X,0,0000056734,0,0,0,0,0
ACC-23261752,Patient_470,6/1/2022,F366+,72052,Provider_B,0,-35,B,Presbyterian Health Plan,MID-100470X,0,,1555,35,35,0,0
ACC-85188818,Patient_471,8/6/2026,A31-60,97012 [GP],Provider_A,30,30,B,Presbyterian Health Plan,MID-100471X,0,0000092491,24,0,0,0,0
ACC-13163761,Patient_472,8/6/2026,A31-60,98941,Provider_B,100,60,B,Presbyterian Health Plan,MID-100472X,0,0000092491,24,40,0,0,40
ACC-18809046,Patient_473,8/26/2026,A31-60,97012 [GP],Provider_A,30,-10,B,Presbyterian Health Plan,MID-100473X,0,0000092954,6,40,0,0,40
ACC-17319267,Patient_474,8/26/2026,A31-60,98943,Provider_B,50,50,B,Presbyterian Health Plan,MID-100474X,0,0000092954,6,0,0,0,0
ACC-23977019,Patient_475,8/31/2026,A0-30,97012 [GP],Provider_A,30,-10,B,Presbyterian Health Plan,MID-100475X,0,0000093057,1,40,10,0,30
ACC-75131093,Patient_476,8/31/2026,A0-30,98943,Provider_B,50,50,B,Presbyterian Health Plan,MID-100476X,0,0000093057,1,0,0,0,0
ACC-61133435,Patient_477,6/25/2024,F366+,98941,Provider_A,100,32.42,B,Presbyterian Health Plan,MID-100477X,0,0000056276,777,0,0,67.58,0
ACC-66578880,Patient_478,7/23/2024,F366+,98941,Provider_B,100,100,D,Presbyterian Health Plan,MID-100478X,0,0000056631,0,0,0,0,0
ACC-36372437,Patient_479,8/5/2026,A31-60,98941 [AT],Provider_A,100,80,B,Novitas,MID-100479X,0,,29,20,0,0,20
ACC-42713586,Patient_480,8/26/2026,A31-60,98941,Provider_B,100,32.37,B,Presbyterian Health Plan,MID-100480X,0,0000092899,6,0,0,62.77,0
ACC-99186940,Patient_481,11/27/2023,F366+,98941 [AT],Provider_A,100,7.7,P,Blue Cross Blue Shield of New Mexico,MID-100481X,0,0000049121,0,0,0,62.1,0
ACC-56301150,Patient_482,11/27/2023,F366+,98941 [AT],Provider_B,100,7.7,P,Novitas solutions inc,MID-100482X,30.2,0000049955,0,0,0,62.1,0
ACC-55033313,Patient_483,1/3/2024,F366+,98941,Provider_A,100,100,D,Cigna Preferred Medicare,MID-100483X,0,0000054680,821,0,0,0,0
ACC-61139817,Patient_484,2/2/2024,F366+,98941,Provider_B,100,100,D,Cigna Preferred Medicare,MID-100484X,0,0000054681,821,0,0,0,0
ACC-96503632,Patient_485,8/31/2026,A0-30,98941,Provider_A,100,50,B,United Healthcare,MID-100485X,0,0000093038,1,0,0,50,0
ACC-69063619,Patient_486,11/20/2023,F366+,98941 [AT],Provider_B,100,100,D,Novitas solutions inc,MID-100486X,0,0000049276,0,0,0,0,0
ACC-20943227,Patient_487,7/31/2024,F366+,98941,Provider_A,100,100,B,Cigna,MID-100487X,0,0000057014,758,0,0,0,0
ACC-27856545,Patient_488,7/31/2024,F366+,98943,Provider_B,50,23.67,B,Cigna,MID-100488X,0,0000057014,758,0,0,26.33,0
ACC-23869559,Patient_489,7/8/2026,A61-90,98941,Provider_A,100,20,P,Presbyterian Health Plan,MID-100489X,17.23,0000091509,0,0,0,62.77,0
ACC-46084715,Patient_490,7/8/2026,A61-90,98941,Provider_B,100,20,B,United HealthCare,MID-100490X,0,,0,0,0,62.77,0
ACC-77375223,Patient_491,7/13/2026,A61-90,98941,Provider_A,100,20,P,Presbyterian Health Plan,MID-100491X,17.23,0000091667,0,0,0,62.77,0
ACC-37725498,Patient_492,7/13/2026,A61-90,98941,Provider_B,100,20,B,United HealthCare,MID-100492X,0,,0,0,0,62.77,0
ACC-31885619,Patient_493,7/15/2026,A61-90,98941,Provider_A,100,20,P,Presbyterian Health Plan,MID-100493X,17.23,0000091785,0,0,0,62.77,0
ACC-44566310,Patient_494,7/15/2026,A61-90,98941,Provider_B,100,20,B,United HealthCare,MID-100494X,0,,0,0,0,62.77,0
ACC-88107123,Patient_495,7/17/2026,A61-90,98941,Provider_A,100,20,P,Presbyterian Health Plan,MID-100495X,17.23,0000091846,0,0,0,62.77,0
ACC-74512349,Patient_496,7/17/2026,A61-90,98941,Provider_B,100,20,B,United HealthCare,MID-100496X,0,,0,0,0,62.77,0
ACC-95756839,Patient_497,7/20/2026,A61-90,98941,Provider_A,100,20,P,Presbyterian Health Plan,MID-100497X,17.23,0000091919,0,0,0,62.77,0
ACC-58914191,Patient_498,7/20/2026,A61-90,98941,Provider_B,100,20,B,United HealthCare,MID-100498X,0,,0,0,0,62.77,0
ACC-26991348,Patient_499,7/22/2026,A61-90,98941,Provider_A,100,20,P,Presbyterian Health Plan,MID-100499X,17.23,0000092019,0,0,0,62.77,0
ACC-17491813,Patient_500,7/22/2026,A61-90,98941,Provider_B,100,20,B,United HealthCare,MID-100500X,0,,0,0,0,62.77,0
ACC-85163326,Patient_501,8/3/2026,A31-60,97110 [GP],Provider_A,45,36,B,Novitas solutions inc,MID-100501X,0,,31,9,0,0,9
ACC-78265858,Patient_502,8/3/2026,A31-60,98941 [AT],Provider_B,100,80,B,Novitas solutions inc,MID-100502X,0,,31,20,0,0,20
ACC-31361436,Patient_503,8/5/2026,A31-60,98941 [AT],Provider_A,100,80,B,Novitas solutions inc,MID-100503X,0,,29,20,0,0,20
ACC-14449464,Patient_504,8/7/2026,A31-60,98941 [AT],Provider_B,100,80,B,Novitas solutions inc,MID-100504X,0,,27,20,0,0,20
ACC-31275849,Patient_505,8/10/2026,A31-60,98941 [AT],Provider_A,100,80,B,Novitas solutions inc,MID-100505X,0,,24,20,0,0,20
ACC-66257039,Patient_506,8/12/2026,A31-60,98941 [AT],Provider_B,100,80,B,Novitas solutions inc,MID-100506X,0,,22,20,0,0,20
ACC-28785386,Patient_507,8/14/2026,A31-60,98941 [AT],Provider_A,100,80,B,Novitas solutions inc,MID-100507X,0,,20,20,0,0,20
ACC-18623187,Patient_508,8/19/2026,A31-60,98941 [AT],Provider_B,100,80,B,Novitas solutions inc,MID-100508X,0,,15,20,0,0,20
ACC-94877674,Patient_509,8/19/2026,A31-60,99212 [25],Provider_A,100,80,B,Novitas solutions inc,MID-100509X,0,,15,20,0,0,20
ACC-75830628,Patient_510,8/20/2026,A31-60,98941 [AT],Provider_B,100,80,B,Novitas solutions inc,MID-100510X,0,,14,20,0,0,20
ACC-41857571,Patient_511,8/24/2026,A31-60,98941 [AT],Provider_A,100,80,B,Novitas solutions inc,MID-100511X,0,,10,20,0,0,20
ACC-27930978,Patient_512,8/26/2026,A31-60,98941 [AT],Provider_B,100,80,B,Novitas solutions inc,MID-100512X,0,,8,20,0,0,20
ACC-73772623,Patient_513,8/28/2026,A31-60,98941 [AT],Provider_A,100,80,B,Novitas solutions inc,MID-100513X,0,,6,20,0,0,20
ACC-33428985,Patient_514,8/31/2026,A0-30,98941 [AT],Provider_B,100,80,B,Novitas solutions inc,MID-100514X,0,,3,20,0,0,20
ACC-75231270,Patient_515,8/10/2026,A31-60,97012 [GP],Provider_A,30,30,B,United Healthcare,MID-100515X,0,0000092538,22,0,0,0,0
ACC-31453722,Patient_516,8/10/2026,A31-60,98941,Provider_B,100,75,B,United Healthcare,MID-100516X,0,0000092538,22,25,0,0,25
ACC-18886066,Patient_517,9/9/2020,F366+,98941,Provider_A,100,65,D,Presbyterian Health Plan,MID-100517X,0,,2185,35,0,0,35
ACC-16316091,Patient_518,5/1/2024,F366+,98941,Provider_B,100,-2.58,B,Presbyterian Health Plan,MID-100518X,0,,849,0,0,67.58,35
ACC-56704277,Patient_519,7/3/2024,F366+,98941,Provider_A,100,100,D,Presbyterian Health Plan,MID-100519X,0,0000055867,0,0,0,0,0
ACC-30787211,Patient_520,7/31/2024,F366+,98941,Provider_B,100,100,D,Presbyterian Health Plan,MID-100520X,0,0000056944,0,0,0,0,0
ACC-21837105,Patient_521,9/11/2024,F366+,98941,Provider_A,100,80,B,Presbyterian Health Plan,MID-100521X,0,0000058741,716,20,0,0,20
ACC-23116487,Patient_522,8/26/2026,A31-60,97012 [GP],Provider_B,30,30,B,Presbyterian Health Plan,MID-100522X,0,0000092958,6,0,0,0,0
ACC-59248634,Patient_523,8/26/2026,A31-60,98941,Provider_A,100,75,B,Presbyterian Health Plan,MID-100523X,0,0000092958,6,25,0,0,25
ACC-60884260,Patient_524,9/2/2026,A0-30,97012 [GP],Provider_B,30,30,B,Presbyterian Health Plan,MID-100524X,0,0000093138,0,0,0,0,0
ACC-43646128,Patient_525,9/2/2026,A0-30,98941,Provider_A,100,75,B,Presbyterian Health Plan,MID-100525X,0,0000093138,0,25,0,0,25
ACC-67100052,Patient_526,9/9/2024,F366+,98941 [AT],Provider_B,100,100,D,United Healthcare,MID-100526X,0,0000058486,0,0,0,0,0
ACC-60624727,Patient_527,8/24/2026,A31-60,98941 [AT],Provider_A,100,9,B,United Healthcare,MID-100527X,0,0000092830,8,0,0,71,20
ACC-14307076,Patient_528,8/31/2026,A0-30,98941 [AT],Provider_B,100,9,B,United Healthcare,MID-100528X,0,0000093026,1,0,0,71,20
ACC-11654831,Patient_529,8/17/2026,A31-60,98941 [AT],Provider_A,100,9,B,United Healthcare,MID-100529X,0,0000092680,13,0,0,71,20
ACC-17790745,Patient_530,8/31/2026,A0-30,98941 [AT],Provider_B,100,9,B,United Healthcare,MID-100530X,0,,3,0,0,71,20
ACC-21865034,Patient_531,4/10/2024,F366+,98941,Provider_A,100,-1.51,B,Aetna,MID-100531X,0,0000053341,870,0,0,62.56,38.95
ACC-17935570,Patient_532,8/21/2024,F366+,98941,Provider_B,100,-1.51,B,Aetna,MID-100532X,0,0000057826,737,0,0,62.56,38.95
ACC-33944312,Patient_533,9/6/2024,F366+,98941,Provider_A,100,-1.51,B,Aetna,MID-100533X,0,0000058495,721,0,0,62.56,38.95
ACC-21275672,Patient_534,9/9/2024,F366+,98941,Provider_B,100,-1.51,B,Aetna,MID-100534X,0,0000058496,721,0,0,62.56,38.95
ACC-73111207,Patient_535,9/16/2024,F366+,98941,Provider_A,100,-1.51,B,Aetna,MID-100535X,0,0000058764,714,0,0,62.56,38.95
ACC-68992250,Patient_536,9/23/2024,F366+,98941,Provider_B,100,-1.51,B,Aetna,MID-100536X,0,0000059044,707,0,0,62.56,38.95
ACC-52028446,Patient_537,1/8/2024,F366+,98941,Provider_A,100,-2.58,P,Presbyterian Health Plan,MID-100537X,0,0000050305,0,0,0,67.58,35
ACC-11665606,Patient_538,3/4/2024,F366+,98941,Provider_B,100,65,D,Presbyterian Health Plan,MID-100538X,0,0000057926,0,35,0,0,35
ACC-44914806,Patient_539,3/11/2024,F366+,98941,Provider_A,100,65,D,Presbyterian Health Plan,MID-100539X,0,0000057927,0,35,0,0,35
ACC-53750984,Patient_540,2/12/2025,F366+,98941,Provider_B,100,36.68,B,Blue Cross Blue Shield of New Mexico,MID-100540X,0,0000065898,566,0,0,63.32,0
ACC-34198484,Patient_541,3/4/2024,F366+,98941 [AT],Provider_A,100,12.17,B,Presbyterian Health Plan,MID-100541X,0,0000052171,910,0,0,67.83,20
ACC-87256982,Patient_542,4/28/2023,F366+,98941,Provider_B,100,-2.42,P,Presbyterian Health Plan,MID-100542X,34.84,,1160,0,0,67.58,0
ACC-82308123,Patient_543,4/26/2021,F366+,98941 [AT],Provider_A,100,-9,P,United Healthcare,MID-100543X,18,0000028898,1927,0,0,71,20
ACC-60493256,Patient_544,10/7/2024,F366+,98941 [AT],Provider_B,100,80,D,United Healthcare,MID-100544X,0,0000059538,0,20,0,0,20
ACC-37149227,Patient_545,8/5/2026,A31-60,98941 [AT],Provider_A,100,80,B,Novitas,MID-100545X,0,,29,20,0,0,20
ACC-78678923,Patient_546,8/19/2026,A31-60,98941 [AT],Provider_B,100,80,B,Novitas,MID-100546X,0,,15,20,0,0,20
ACC-20771260,Patient_547,8/26/2026,A31-60,98941 [AT],Provider_A,100,80,B,Novitas,MID-100547X,0,,8,20,0,0,20
ACC-52142337,Patient_548,1/17/2024,F366+,98941 [AT],Provider_B,39.27,31.57,P,Novitas solutions inc,MID-100548X,0,0000050633,0,7.7,0,0,7.7
ACC-50557842,Patient_549,1/17/2024,F366+,98941 [AT],Provider_A,39.27,31.57,B,State Farm Health Insurance,MID-100549X,0,,949,7.7,0,0,7.7
ACC-19309752,Patient_550,12/13/2023,F366+,98941,Provider_B,100,100,D,Blue Cross Blue Shield of New Mexico,MID-100550X,0,0000049805,0,0,0,0,0
ACC-89534620,Patient_551,7/25/2024,F366+,98941,Provider_A,100,100,D,Blue Cross Blue Shield of New Mexico,MID-100551X,0,0000056639,0,0,0,0,0
ACC-11620254,Patient_552,7/26/2024,F366+,98941,Provider_B,100,100,D,Blue Cross Blue Shield of New Mexico,MID-100552X,0,0000056773,763,0,0,0,0
ACC-15349229,Patient_553,7/29/2024,F366+,98941,Provider_A,100,100,D,Blue Cross Blue Shield of New Mexico,MID-100553X,0,0000056774,763,0,0,0,0
ACC-76466228,Patient_554,8/2/2024,F366+,98941,Provider_B,100,100,D,Blue Cross Blue Shield of New Mexico,MID-100554X,0,0000057111,756,0,0,0,0
ACC-94078370,Patient_555,9/11/2024,F366+,98941,Provider_A,100,100,D,Blue Cross Blue Shield of New Mexico,MID-100555X,0,0000058644,716,0,0,0,0
ACC-87748065,Patient_556,11/9/2020,F366+,98941,Provider_B,100,62.85,D,Presbyterian Health Plan,MID-100556X,0,,2124,37.15,0,0,37.15
ACC-36878420,Patient_557,11/11/2020,F366+,98941,Provider_A,100,62.85,D,Presbyterian Health Plan,MID-100557X,0,,2122,37.15,0,0,37.15
ACC-94516159,Patient_558,8/17/2026,A31-60,98941,Provider_B,100,0.08,B,Presbyterian Health Plan,MID-100558X,0,0000092650,15,0,0,62.77,20.32
ACC-50741612,Patient_559,1/20/2025,F366+,98941,Provider_A,100,32.42,B,Presbyterian Health Plan,MID-100559X,0,0000064882,589,0,0,67.58,0
ACC-70934349,Patient_560,2/17/2025,F366+,98941,Provider_B,100,25,P,Presbyterian Health Plan,MID-100560X,7.42,0000066120,0,0,0,67.58,0
ACC-68237717,Patient_561,11/4/2024,F366+,98941,Provider_A,100,20,B,(LIFE1) United HealthCare,MID-100561X,0,0000060535,665,0,0,80,0
ACC-43040170,Patient_562,11/20/2024,F366+,98941,Provider_B,100,20,B,(LIFE1) United HealthCare,MID-100562X,0,0000061352,650,0,0,80,0
ACC-47784771,Patient_563,6/7/2021,F366+,98941,Provider_A,100,-15.74,P,United HealthCare,MID-100563X,65.74,0000029709,1627,0,0,50,0
ACC-10691072,Patient_564,6/7/2021,F366+,98941,Provider_B,100,-15.74,P,United HealthCare,MID-100564X,0,0000034611,0,0,0,50,0
ACC-28984404,Patient_565,8/12/2026,A31-60,98941 [AT],Provider_A,100,74.06,B,Novitas,MID-100565X,0,,22,25.94,0,0,25.94
ACC-21732231,Patient_566,8/31/2026,A0-30,97012 [GP],Provider_B,30,30,B,United HealthCare,MID-100566X,0,0000093023,1,0,0,0,0
ACC-17912994,Patient_567,8/31/2026,A0-30,98941,Provider_A,100,40,B,United HealthCare,MID-100567X,0,0000093023,1,0,0,50,0
ACC-78717517,Patient_568,12/5/2023,F366+,98941 [AT],Provider_B,100,7.7,P,Novitas solutions inc,MID-100568X,30.2,0000049422,0,0,0,62.1,0
ACC-37461680,Patient_569,12/5/2023,F366+,98941 [AT],Provider_A,100,7.7,B,Presbyterian Health Plan,MID-100569X,0,,983,0,0,62.1,0
ACC-91942334,Patient_570,3/8/2024,F366+,98941 [AT],Provider_B,100,7.46,P,Novitas solutions inc,MID-100570X,29.25,0000052414,0,0,0,63.29,0
ACC-74377440,Patient_571,4/5/2024,F366+,98941 [AT],Provider_A,100,7.59,P,Novitas solutions inc,MID-100571X,29.73,0000053219,0,0,0,62.68,0
ACC-25108908,Patient_572,5/22/2024,F366+,98941 [AT],Provider_B,100,7.59,P,Novitas solutions inc,MID-100572X,29.73,0000054472,0,0,0,62.68,0
ACC-15020222,Patient_573,5/22/2024,F366+,98941 [AT],Provider_A,100,7.59,B,Presbyterian Health Plan,MID-100573X,0,,813,0,0,62.68,0
ACC-88162137,Patient_574,6/12/2024,F366+,98941 [AT],Provider_B,100,7.59,P,Novitas solutions inc,MID-100574X,29.73,0000055121,0,0,0,62.68,0
ACC-28643810,Patient_575,7/23/2024,F366+,98941 [AT],Provider_A,100,7.59,P,Novitas solutions inc,MID-100575X,29.73,0000056627,0,0,0,62.68,0
ACC-99908558,Patient_576,8/13/2024,F366+,98941 [AT],Provider_B,100,7.59,P,Novitas solutions inc,MID-100576X,29.73,0000057571,0,0,0,62.68,0
ACC-30157067,Patient_577,9/10/2024,F366+,98941 [AT],Provider_A,100,7.59,P,Novitas solutions inc,MID-100577X,29.73,0000058628,0,0,0,62.68,0
ACC-12648932,Patient_578,10/2/2024,F366+,98941 [AT],Provider_B,100,7.59,P,Novitas solutions inc,MID-100578X,29.73,0000059400,0,0,0,62.68,0
ACC-13198156,Patient_579,10/2/2024,F366+,98941 [AT],Provider_A,100,7.59,B,Presbyterian Health Plan,MID-100579X,0,,681,0,0,62.68,0
ACC-25620182,Patient_580,10/23/2024,F366+,98941 [AT],Provider_B,100,7.59,P,Novitas solutions inc,MID-100580X,29.73,0000060118,0,0,0,62.68,0
ACC-66767527,Patient_581,10/23/2024,F366+,98941 [AT],Provider_A,100,7.59,B,Presbyterian Health Plan,MID-100581X,0,,661,0,0,62.68,0
ACC-85020837,Patient_582,8/17/2026,A31-60,98941 [AT],Provider_B,100,80,B,Novitas solutions inc,MID-100582X,0,,17,20,12.67,0,7.33
ACC-82031280,Patient_583,9/20/2016,F366+,98941,Provider_A,100,100,P,Broadspire,MID-100583X,0,,0,0,0,0,0
ACC-75989960,Patient_584,8/7/2024,F366+,98941 [AT],Provider_B,40.41,7.59,P,Novitas solutions inc,MID-100584X,29.73,0000057252,0,0,0,3.09,0
ACC-60261872,Patient_585,8/7/2024,F366+,98941 [AT],Provider_A,40.41,7.59,B,United American Insurance Company,MID-100585X,0,,738,0,0,3.09,0
ACC-46657418,Patient_586,8/12/2024,F366+,98941 [AT],Provider_B,40.41,7.59,P,Novitas solutions inc,MID-100586X,29.73,0000057409,0,0,0,3.09,0
ACC-89213349,Patient_587,8/12/2024,F366+,98941 [AT],Provider_A,40.41,7.59,B,United American Insurance Company,MID-100587X,0,,736,0,0,3.09,0
ACC-96285795,Patient_588,8/19/2024,F366+,98941 [AT],Provider_B,40.41,7.59,P,Novitas solutions inc,MID-100588X,29.73,0000057680,0,0,0,3.09,0
ACC-31284296,Patient_589,8/19/2024,F366+,98941 [AT],Provider_A,40.41,7.59,B,United American Insurance Company,MID-100589X,0,,729,0,0,3.09,0
ACC-31853670,Patient_590,9/9/2024,F366+,98941 [AT],Provider_B,40.41,7.59,P,Novitas solutions inc,MID-100590X,29.73,0000058471,0,0,0,3.09,0
ACC-16709697,Patient_591,9/9/2024,F366+,98941 [AT],Provider_A,40.41,7.59,B,United American Insurance Company,MID-100591X,0,,698,0,0,3.09,0
ACC-14231476,Patient_592,9/25/2024,F366+,98941 [AT],Provider_B,40.41,7.59,P,Novitas solutions inc,MID-100592X,29.73,0000059148,0,0,0,3.09,0
ACC-52332312,Patient_593,9/25/2024,F366+,98941 [AT],Provider_A,40.41,7.59,B,United American Insurance Company,MID-100593X,0,,689,0,0,3.09,0
ACC-90895639,Patient_594,10/2/2024,F366+,98941 [AT],Provider_B,40.41,7.59,P,Novitas solutions inc,MID-100594X,29.73,0000059374,0,0,0,3.09,0
ACC-77902124,Patient_595,10/2/2024,F366+,98941 [AT],Provider_A,40.41,7.59,B,United American Insurance Company,MID-100595X,0,,681,0,0,3.09,0
ACC-46017169,Patient_596,10/9/2024,F366+,98941 [AT],Provider_B,40.41,7.59,P,Novitas solutions inc,MID-100596X,29.73,0000059667,0,0,0,3.09,0
ACC-87498018,Patient_597,10/9/2024,F366+,98941 [AT],Provider_A,40.41,7.59,B,United American Insurance Company,MID-100597X,0,,675,0,0,3.09,0
ACC-62065188,Patient_598,10/23/2024,F366+,98941 [AT],Provider_B,40.41,7.59,P,Novitas solutions inc,MID-100598X,29.73,0000060102,0,0,0,3.09,0
ACC-14978960,Patient_599,10/23/2024,F366+,98941 [AT],Provider_A,40.41,7.59,B,United American Insurance Company,MID-100599X,0,,661,0,0,3.09,0
ACC-47343653,Patient_600,10/30/2024,F366+,98941 [AT],Provider_B,40.41,7.59,P,Novitas solutions inc,MID-100600X,29.73,0000060368,0,0,0,3.09,0
ACC-96330146,Patient_601,10/30/2024,F366+,98941 [AT],Provider_A,40.41,7.59,B,United American Insurance Company,MID-100601X,0,,654,0,0,3.09,0
ACC-93425224,Patient_602,11/20/2024,F366+,98941 [AT],Provider_B,40.41,7.59,P,Novitas solutions inc,MID-100602X,29.73,0000061350,0,0,0,3.09,0
ACC-47021048,Patient_603,11/20/2024,F366+,98941 [AT],Provider_A,40.41,7.59,B,United American Insurance Company,MID-100603X,0,,637,0,0,3.09,0
ACC-45029041,Patient_604,4/29/2026,A121-365,98941 [AT],Provider_B,40.41,29.78,B,Novitas solutions inc,MID-100604X,0,0000088824,125,4.27,4.27,3.18,0
ACC-25927067,Patient_605,6/24/2026,A91-120,98941 [AT],Provider_A,40.41,7.45,P,Novitas solutions inc,MID-100605X,29.18,0000091050,0,0,0,3.78,0
ACC-72727544,Patient_606,6/24/2026,A91-120,98941 [AT],Provider_B,40.41,7.45,B,United American Insurance Company,MID-100606X,0,,56,0,0,3.78,0
ACC-63182869,Patient_607,8/5/2026,A31-60,98941 [AT],Provider_A,40.41,32.33,B,Novitas solutions inc,MID-100607X,0,,29,8.08,0,0,8.08
ACC-38121769,Patient_608,8/12/2026,A31-60,98941 [AT],Provider_B,40.41,32.33,B,Novitas solutions inc,MID-100608X,0,,22,8.08,8.08,0,0
ACC-33886047,Patient_609,8/19/2026,A31-60,98941 [AT],Provider_A,40.41,32.33,B,Novitas solutions inc,MID-100609X,0,,15,8.08,8.08,0,0
ACC-85211254,Patient_610,8/26/2026,A31-60,98941 [AT],Provider_B,40.41,32.33,B,Novitas solutions inc,MID-100610X,0,,8,8.08,8.08,0,0
ACC-35766935,Patient_611,12/13/2023,F366+,98941 [AT],Provider_A,100,69.8,D,Novitas solutions inc,MID-100611X,30.2,0000049841,943,0,0,0,0
ACC-86187200,Patient_612,12/13/2023,F366+,98941 [AT],Provider_B,100,69.8,B,Blue Cross Blue Shield of New Mexico,MID-100612X,0,,975,0,0,0,0
ACC-54840696,Patient_613,2/7/2024,F366+,98941,Provider_A,100,34.74,B,Cigna,MID-100613X,0,0000051442,933,0,0,65.26,0
ACC-60546705,Patient_614,3/13/2024,F366+,98941,Provider_B,100,34.74,B,Cigna,MID-100614X,0,0000052568,898,0,0,65.26,0
ACC-92587125,Patient_615,2/12/2020,F366+,98941,Provider_A,100,4.74,D,Blue Cross Blue Shield of New Mexico,MID-100615X,0,,2395,0,0,65.26,30
ACC-19749785,Patient_616,3/13/2019,F366+,98941,Provider_B,100,-0.55,B,New Mexico Health Connections,MID-100616X,0,,2731,0,0,59.79,40.76
ACC-78311778,Patient_617,7/10/2024,F366+,98941,Provider_A,100,100,D,Presbyterian Health Plan,MID-100617X,0,0000056059,0,0,0,0,0
ACC-93000211,Patient_618,8/7/2024,F366+,98941,Provider_B,100,67.58,D,Presbyterian Health Plan,MID-100618X,0,0000057304,0,32.42,0,0,32.42
ACC-13556799,Patient_619,7/31/2026,A31-60,98941 [AT],Provider_A,100,80,B,Novitas,MID-100619X,0,,34,20,20,0,0
ACC-26987627,Patient_620,8/5/2026,A31-60,98941 [AT],Provider_B,100,80,B,Novitas,MID-100620X,0,,29,20,20,0,0
ACC-56003706,Patient_621,8/28/2026,A31-60,98941 [AT],Provider_A,100,80,B,Novitas,MID-100621X,0,,6,20,20,0,0
ACC-68200271,Patient_622,5/4/2026,A121-365,98941 [AT],Provider_B,100,32.17,B,Presbyterian Health Plan,MID-100622X,0,,122,0,0,67.83,0
ACC-40626685,Patient_623,5/8/2026,A121-365,98941 [AT],Provider_A,100,32.17,B,Presbyterian Health Plan,MID-100623X,0,,118,0,0,67.83,0
ACC-96340896,Patient_624,8/12/2026,A31-60,98941 [AT],Provider_B,100,37.23,B,Blue Cross Medicare Advantage,MID-100624X,0,,22,0,0,62.77,0
ACC-55044482,Patient_625,8/7/2026,A31-60,98940 [AT],Provider_A,75,16.59,B,Novitas solutions inc,MID-100625X,0,,27,0,0,49.15,9.26
ACC-46834170,Patient_626,1/12/2024,F366+,98941,Provider_B,100,50,P,United HealthCare,MID-100626X,0,0000050540,0,0,0,50,0
ACC-20675986,Patient_627,1/12/2024,F366+,98941,Provider_A,100,50,B,Blue Cross Blue Shield of New Mexico,MID-100627X,0,,852,0,0,50,0
ACC-41147713,Patient_628,8/28/2026,A31-60,97012 [GP],Provider_B,30,5,B,United Healthcare,MID-100628X,0,0000092983,3,25,0,0,25
ACC-75554165,Patient_629,8/28/2026,A31-60,98942,Provider_A,125,125,B,United Healthcare,MID-100629X,0,0000092983,3,0,0,0,0
ACC-28773013,Patient_630,8/26/2026,A31-60,97012 [GP],Provider_B,30,13.65,B,Presbyterian Health Plan,MID-100630X,0,0000092895,6,0,0,16.35,0
ACC-18422022,Patient_631,8/26/2026,A31-60,98941,Provider_A,100,16.89,B,Presbyterian Health Plan,MID-100631X,0,0000092895,6,0,0,63.11,20
ACC-41388347,Patient_632,8/12/2022,F366+,98941 [AT],Provider_B,100,-7.72,P,Novitas solutions inc,MID-100632X,30.28,0000037131,0,0,0,62,0
ACC-60684561,Patient_633,8/12/2022,F366+,98941 [AT],Provider_A,100,-7.72,P,AARP Health Care Options United Healthcare,MID-100633X,15.44,,1423,0,0,62,0
ACC-45277202,Patient_634,8/19/2022,F366+,98941 [AT],Provider_B,100,-7.72,P,Novitas solutions inc,MID-100634X,30.28,0000037242,0,0,0,62,0
ACC-70442595,Patient_635,8/19/2022,F366+,98941 [AT],Provider_A,100,-7.72,P,AARP Health Care Options United Healthcare,MID-100635X,15.44,,1423,0,0,62,0
ACC-72966347,Patient_636,11/9/2020,F366+,98941,Provider_B,100,60.92,D,Blue Cross Blue Shield of New Mexico,MID-100636X,0,,2124,39.08,0,0,39.08
ACC-94100860,Patient_637,11/12/2020,F366+,98941,Provider_A,100,60.92,D,Blue Cross Blue Shield of New Mexico,MID-100637X,0,,2121,39.08,0,0,39.08
ACC-29171941,Patient_638,12/16/2020,F366+,98941,Provider_B,100,60.92,D,Blue Cross Blue Shield of New Mexico,MID-100638X,0,,2087,39.08,0,0,39.08
ACC-79281049,Patient_639,7/25/2024,F366+,98941,Provider_A,100,50,P,United HealthCare,MID-100639X,0,0000056647,0,0,0,50,0
ACC-10669281,Patient_640,8/8/2022,F366+,98941 [AT],Provider_B,100,-7.72,P,Novitas solutions inc,MID-100640X,30.28,0000036900,0,0,0,62,0
ACC-27112180,Patient_641,8/8/2022,F366+,98941 [AT],Provider_A,100,-7.72,P,AARP Health Care Options United Healthcare,MID-100641X,15.44,,1423,0,0,62,0
ACC-39502832,Patient_642,8/15/2022,F366+,98941 [AT],Provider_B,100,-7.72,P,Novitas solutions inc,MID-100642X,30.28,0000037037,0,0,0,62,0
ACC-83221680,Patient_643,8/15/2022,F366+,98941 [AT],Provider_A,100,-7.72,P,AARP Health Care Options United Healthcare,MID-100643X,15.44,,1423,0,0,62,0
ACC-84618039,Patient_644,8/22/2022,F366+,98941 [AT],Provider_B,100,-7.72,P,Novitas solutions inc,MID-100644X,30.28,0000037158,0,0,0,62,0
ACC-68642254,Patient_645,8/22/2022,F366+,98941 [AT],Provider_A,100,-7.72,P,AARP Health Care Options United Healthcare,MID-100645X,15.44,,1423,0,0,62,0
ACC-58670533,Patient_646,8/24/2026,A31-60,97012 [GP],Provider_B,30,30,B,Presbyterian Health Plan,MID-100646X,0,0000092828,8,0,0,0,0
ACC-84620121,Patient_647,8/24/2026,A31-60,98941,Provider_A,100,4.81,B,Presbyterian Health Plan,MID-100647X,0,0000092828,8,0,0,62.77,32.42
ACC-34609258,Patient_648,7/22/2020,F366+,98941,Provider_B,100,100,D,Presbyterian Health Plan,MID-100648X,0,,2234,0,0,0,0
ACC-43963565,Patient_649,8/4/2022,F366+,98941 [AT],Provider_A,100,-7.72,P,Novitas solutions inc,MID-100649X,30.28,0000036902,0,0,0,62,0
ACC-92266814,Patient_650,8/4/2022,F366+,98941 [AT],Provider_B,100,-7.72,P,AARP Health Care Options United Healthcare,MID-100650X,15.44,,1423,0,0,62,0
ACC-66774190,Patient_651,12/20/2023,F366+,98941,Provider_A,100,100,B,Blue Cross Blue Shield of New Mexico,MID-100651X,0,0000050046,980,0,0,0,0
ACC-91710633,Patient_652,1/30/2025,F366+,98941,Provider_B,100,100,B,Blue Cross Blue Shield of New Mexico,MID-100652X,0,0000065262,577,0,0,0,0
ACC-83331234,Patient_653,12/9/2022,F366+,98941 [AT],Provider_A,40.41,-7.72,P,Novitas solutions inc,MID-100653X,30.28,0000039243,0,0,0,2.41,0
ACC-82948250,Patient_654,12/9/2022,F366+,98941 [AT],Provider_B,40.41,-7.72,P,AARP Health Care Options,MID-100654X,15.44,,1319,0,0,2.41,0
ACC-64265673,Patient_655,8/11/2026,A31-60,98941 [AT],Provider_A,40.41,32.33,B,Novitas solutions inc,MID-100655X,0,,23,8.08,0,0,8.08
ACC-37616868,Patient_656,11/11/2024,F366+,98941 [AT],Provider_B,100,7.59,P,Novitas solutions inc,MID-100656X,29.73,0000060659,0,0,0,62.68,0
ACC-30720375,Patient_657,11/11/2024,F366+,98941 [AT],Provider_A,100,7.59,B,American Republic Corp Insurance Company,MID-100657X,0,,644,0,0,62.68,0
ACC-11876267,Patient_658,8/11/2026,A31-60,98941 [AT],Provider_B,100,29.72,B,Novitas solutions inc,MID-100658X,0,,23,0,0,62.85,0
ACC-15894441,Patient_659,8/17/2026,A31-60,98941 [AT],Provider_A,100,29.72,B,Novitas solutions inc,MID-100659X,0,,17,0,0,62.85,0
ACC-10148276,Patient_660,8/24/2026,A31-60,98941 [AT],Provider_B,100,29.72,B,Novitas solutions inc,MID-100660X,0,,10,0,0,62.85,0
ACC-92936823,Patient_661,12/9/2021,F366+,98941 [AT],Provider_A,40.41,-7.79,P,Novitas solutions inc,MID-100661X,38.94,0000033138,1307,0,0,1.47,0
ACC-26903779,Patient_662,12/9/2021,F366+,98941 [AT],Provider_B,40.41,-7.79,P,Omaha Insurance Company,MID-100662X,7.79,,0,0,0,1.47,0
ACC-62404213,Patient_663,2/13/2024,F366+,98941,Provider_A,100,2.42,B,Presbyterian Health Plan,MID-100663X,0,0000051644,926,0,0,67.58,30
ACC-73456645,Patient_664,5/8/2024,F366+,98941,Provider_B,100,2.42,B,Presbyterian Health Plan,MID-100664X,0,,842,0,0,67.58,30
ACC-18751010,Patient_665,10/10/2016,F366+,97014 [GP],Provider_A,35,35,B,Farmers Insurance,MID-100665X,0,0000070302,482,0,0,0,0
ACC-68718969,Patient_666,10/10/2016,F366+,98941,Provider_B,100,100,B,Farmers Insurance,MID-100666X,0,0000070302,482,0,0,0,0
ACC-24031389,Patient_667,10/10/2016,F366+,99203 [25],Provider_A,275,275,B,Farmers Insurance,MID-100667X,0,0000070302,482,0,0,0,0
ACC-52586745,Patient_668,10/11/2016,F366+,97014 [GP],Provider_B,35,35,B,Farmers Insurance,MID-100668X,0,0000070303,482,0,0,0,0
ACC-38551297,Patient_669,10/11/2016,F366+,98941,Provider_A,100,100,B,Farmers Insurance,MID-100669X,0,0000070303,482,0,0,0,0
ACC-38384016,Patient_670,10/11/2016,F366+,99211 [25],Provider_B,75,75,B,Farmers Insurance,MID-100670X,0,0000070303,482,0,0,0,0
ACC-48703026,Patient_671,10/14/2016,F366+,97014 [GP],Provider_A,35,35,B,Farmers Insurance,MID-100671X,0,0000070304,482,0,0,0,0
ACC-86621784,Patient_672,10/14/2016,F366+,98941,Provider_B,100,100,B,Farmers Insurance,MID-100672X,0,0000070304,482,0,0,0,0
ACC-36286975,Patient_673,10/14/2016,F366+,99211 [25],Provider_A,75,75,B,Farmers Insurance,MID-100673X,0,0000070304,482,0,0,0,0
ACC-51609718,Patient_674,10/17/2016,F366+,97014 [GP],Provider_B,35,35,B,Farmers Insurance,MID-100674X,0,0000070305,482,0,0,0,0
ACC-71538457,Patient_675,10/17/2016,F366+,98941,Provider_A,100,100,B,Farmers Insurance,MID-100675X,0,0000070305,482,0,0,0,0
ACC-48772682,Patient_676,10/17/2016,F366+,99211 [25],Provider_B,75,75,B,Farmers Insurance,MID-100676X,0,0000070305,482,0,0,0,0
ACC-66894479,Patient_677,10/18/2016,F366+,97014 [GP],Provider_A,35,35,B,Farmers Insurance,MID-100677X,0,0000070306,482,0,0,0,0
ACC-33578276,Patient_678,10/18/2016,F366+,98941,Provider_B,100,100,B,Farmers Insurance,MID-100678X,0,0000070306,482,0,0,0,0
ACC-67638776,Patient_679,10/18/2016,F366+,99211 [25],Provider_A,75,75,B,Farmers Insurance,MID-100679X,0,0000070306,482,0,0,0,0
ACC-90491036,Patient_680,10/20/2016,F366+,97014 [GP],Provider_B,35,35,B,Farmers Insurance,MID-100680X,0,0000070307,482,0,0,0,0
ACC-26258219,Patient_681,10/20/2016,F366+,98941,Provider_A,100,100,B,Farmers Insurance,MID-100681X,0,0000070307,482,0,0,0,0
ACC-83525891,Patient_682,10/20/2016,F366+,99211 [25],Provider_B,75,75,B,Farmers Insurance,MID-100682X,0,0000070307,482,0,0,0,0
ACC-91356181,Patient_683,10/24/2016,F366+,97014 [GP],Provider_A,35,35,B,Farmers Insurance,MID-100683X,0,0000070308,482,0,0,0,0
ACC-38394657,Patient_684,10/24/2016,F366+,98941,Provider_B,100,100,B,Farmers Insurance,MID-100684X,0,0000070308,482,0,0,0,0
ACC-86104937,Patient_685,10/24/2016,F366+,99211 [25],Provider_A,75,75,B,Farmers Insurance,MID-100685X,0,0000070308,482,0,0,0,0
ACC-92224826,Patient_686,10/27/2016,F366+,97014 [GP],Provider_B,35,35,B,Farmers Insurance,MID-100686X,0,0000070309,482,0,0,0,0
ACC-69662492,Patient_687,10/27/2016,F366+,98941,Provider_A,100,100,B,Farmers Insurance,MID-100687X,0,0000070309,482,0,0,0,0
ACC-69049289,Patient_688,10/27/2016,F366+,99211 [25],Provider_B,75,75,B,Farmers Insurance,MID-100688X,0,0000070309,482,0,0,0,0
ACC-36252156,Patient_689,11/1/2016,F366+,97014 [GP],Provider_A,35,35,B,Farmers Insurance,MID-100689X,0,0000070310,482,0,0,0,0
ACC-67153198,Patient_690,11/1/2016,F366+,98941,Provider_B,100,100,B,Farmers Insurance,MID-100690X,0,0000070310,482,0,0,0,0
ACC-69094817,Patient_691,11/1/2016,F366+,99211 [25],Provider_A,75,75,B,Farmers Insurance,MID-100691X,0,0000070310,482,0,0,0,0
ACC-44488122,Patient_692,11/10/2016,F366+,97014 [GP],Provider_B,35,35,B,Farmers Insurance,MID-100692X,0,0000070311,482,0,0,0,0
ACC-79276408,Patient_693,11/10/2016,F366+,98941,Provider_A,100,100,B,Farmers Insurance,MID-100693X,0,0000070311,482,0,0,0,0
ACC-47282929,Patient_694,11/10/2016,F366+,99211 [25],Provider_B,75,75,B,Farmers Insurance,MID-100694X,0,0000070311,482,0,0,0,0
ACC-14676742,Patient_695,11/14/2016,F366+,97014 [GP],Provider_A,35,35,B,Farmers Insurance,MID-100695X,0,0000070312,482,0,0,0,0
ACC-32076742,Patient_696,11/14/2016,F366+,98941,Provider_B,100,100,B,Farmers Insurance,MID-100696X,0,0000070312,482,0,0,0,0
ACC-71166571,Patient_697,11/14/2016,F366+,99211 [25],Provider_A,75,75,B,Farmers Insurance,MID-100697X,0,0000070312,482,0,0,0,0
ACC-57329303,Patient_698,11/21/2016,F366+,97014 [GP],Provider_B,35,35,B,Farmers Insurance,MID-100698X,0,0000070313,482,0,0,0,0
ACC-45450998,Patient_699,11/21/2016,F366+,98941,Provider_A,100,100,B,Farmers Insurance,MID-100699X,0,0000070313,482,0,0,0,0
ACC-64748926,Patient_700,11/21/2016,F366+,99211 [25],Provider_B,75,75,B,Farmers Insurance,MID-100700X,0,0000070313,482,0,0,0,0
ACC-76911794,Patient_701,12/12/2016,F366+,97014 [GP],Provider_A,35,35,B,Farmers Insurance,MID-100701X,0,0000070314,482,0,0,0,0
ACC-86250414,Patient_702,12/12/2016,F366+,98941,Provider_B,100,100,B,Farmers Insurance,MID-100702X,0,0000070314,482,0,0,0,0
ACC-36906713,Patient_703,12/12/2016,F366+,99211 [25],Provider_A,75,75,B,Farmers Insurance,MID-100703X,0,0000070314,482,0,0,0,0
ACC-65452557,Patient_704,1/12/2017,F366+,97014 [GP],Provider_B,35,35,B,Farmers Insurance,MID-100704X,0,0000070315,482,0,0,0,0
ACC-69818825,Patient_705,1/12/2017,F366+,98941,Provider_A,100,100,B,Farmers Insurance,MID-100705X,0,0000070315,482,0,0,0,0
ACC-64308617,Patient_706,1/12/2017,F366+,99211 [25],Provider_B,75,75,B,Farmers Insurance,MID-100706X,0,0000070315,482,0,0,0,0
ACC-87458879,Patient_707,2/2/2017,F366+,97014 [GP],Provider_A,35,35,B,Farmers Insurance,MID-100707X,0,0000070316,482,0,0,0,0
ACC-64590104,Patient_708,2/2/2017,F366+,98941,Provider_B,100,100,B,Farmers Insurance,MID-100708X,0,0000070316,482,0,0,0,0
ACC-21745386,Patient_709,2/2/2017,F366+,99211 [25],Provider_A,75,75,B,Farmers Insurance,MID-100709X,0,0000070316,482,0,0,0,0
ACC-59133714,Patient_710,10/10/2016,F366+,97014 [GP],Provider_B,35,35,B,Farmers Insurance,MID-100710X,0,0000070289,482,0,0,0,0
ACC-36082189,Patient_711,10/10/2016,F366+,98941,Provider_A,100,100,B,Farmers Insurance,MID-100711X,0,0000070289,482,0,0,0,0
ACC-65987425,Patient_712,10/10/2016,F366+,99203 [25],Provider_B,275,275,B,Farmers Insurance,MID-100712X,0,0000070289,482,0,0,0,0
ACC-36525385,Patient_713,10/11/2016,F366+,97014 [GP],Provider_A,35,35,B,Farmers Insurance,MID-100713X,0,0000070290,482,0,0,0,0
ACC-13424572,Patient_714,10/11/2016,F366+,98941,Provider_B,100,100,B,Farmers Insurance,MID-100714X,0,0000070290,482,0,0,0,0
ACC-38524493,Patient_715,10/11/2016,F366+,99211 [25],Provider_A,75,75,B,Farmers Insurance,MID-100715X,0,0000070290,482,0,0,0,0
ACC-35544891,Patient_716,10/14/2016,F366+,97014 [GP],Provider_B,35,35,B,Farmers Insurance,MID-100716X,0,0000070291,482,0,0,0,0
ACC-52166019,Patient_717,10/14/2016,F366+,98941,Provider_A,100,100,B,Farmers Insurance,MID-100717X,0,0000070291,482,0,0,0,0
ACC-60424523,Patient_718,10/14/2016,F366+,99211 [25],Provider_B,75,75,B,Farmers Insurance,MID-100718X,0,0000070291,482,0,0,0,0
ACC-99497970,Patient_719,10/17/2016,F366+,97014 [GP],Provider_A,35,35,B,Farmers Insurance,MID-100719X,0,0000070292,482,0,0,0,0
ACC-63604340,Patient_720,10/17/2016,F366+,98941,Provider_B,100,100,B,Farmers Insurance,MID-100720X,0,0000070292,482,0,0,0,0
ACC-89561944,Patient_721,10/17/2016,F366+,99211 [25],Provider_A,75,75,B,Farmers Insurance,MID-100721X,0,0000070292,482,0,0,0,0
ACC-11088839,Patient_722,10/18/2016,F366+,97014 [GP],Provider_B,35,35,B,Farmers Insurance,MID-100722X,0,0000070293,482,0,0,0,0
ACC-46362917,Patient_723,10/18/2016,F366+,98941,Provider_A,100,100,B,Farmers Insurance,MID-100723X,0,0000070293,482,0,0,0,0
ACC-39581393,Patient_724,10/18/2016,F366+,99211 [25],Provider_B,75,75,B,Farmers Insurance,MID-100724X,0,0000070293,482,0,0,0,0
ACC-66095966,Patient_725,10/20/2016,F366+,97014 [GP],Provider_A,35,35,B,Farmers Insurance,MID-100725X,0,0000070294,482,0,0,0,0
ACC-38164329,Patient_726,10/20/2016,F366+,98941,Provider_B,100,100,B,Farmers Insurance,MID-100726X,0,0000070294,482,0,0,0,0
ACC-28058145,Patient_727,10/20/2016,F366+,99211 [25],Provider_A,75,75,B,Farmers Insurance,MID-100727X,0,0000070294,482,0,0,0,0
ACC-65266286,Patient_728,10/24/2016,F366+,97014 [GP],Provider_B,35,35,B,Farmers Insurance,MID-100728X,0,0000070295,482,0,0,0,0
ACC-93180738,Patient_729,10/24/2016,F366+,98941,Provider_A,100,100,B,Farmers Insurance,MID-100729X,0,0000070295,482,0,0,0,0
ACC-61739110,Patient_730,10/24/2016,F366+,99211 [25],Provider_B,75,75,B,Farmers Insurance,MID-100730X,0,0000070295,482,0,0,0,0
ACC-35071766,Patient_731,10/27/2016,F366+,97014 [GP],Provider_A,35,35,B,Farmers Insurance,MID-100731X,0,0000070296,482,0,0,0,0
ACC-57074525,Patient_732,10/27/2016,F366+,98941,Provider_B,100,100,B,Farmers Insurance,MID-100732X,0,0000070296,482,0,0,0,0
ACC-27869355,Patient_733,10/27/2016,F366+,99211 [25],Provider_A,75,75,B,Farmers Insurance,MID-100733X,0,0000070296,482,0,0,0,0
ACC-85782625,Patient_734,11/1/2016,F366+,97014 [GP],Provider_B,35,35,B,Farmers Insurance,MID-100734X,0,0000070297,482,0,0,0,0
ACC-97599716,Patient_735,11/1/2016,F366+,98941,Provider_A,100,100,B,Farmers Insurance,MID-100735X,0,0000070297,482,0,0,0,0
ACC-29735044,Patient_736,11/1/2016,F366+,99211 [25],Provider_B,75,75,B,Farmers Insurance,MID-100736X,0,0000070297,482,0,0,0,0
ACC-83791560,Patient_737,11/14/2016,F366+,97014 [GP],Provider_A,35,35,B,Farmers Insurance,MID-100737X,0,0000070298,482,0,0,0,0
ACC-43090726,Patient_738,11/14/2016,F366+,98941,Provider_B,100,100,B,Farmers Insurance,MID-100738X,0,0000070298,482,0,0,0,0
ACC-76151135,Patient_739,11/14/2016,F366+,99211 [25],Provider_A,75,75,B,Farmers Insurance,MID-100739X,0,0000070298,482,0,0,0,0
ACC-97160687,Patient_740,11/28/2016,F366+,97014 [GP],Provider_B,35,35,B,Farmers Insurance,MID-100740X,0,0000070299,482,0,0,0,0
ACC-70035861,Patient_741,11/28/2016,F366+,98941,Provider_A,100,100,B,Farmers Insurance,MID-100741X,0,0000070299,482,0,0,0,0
ACC-81057354,Patient_742,11/28/2016,F366+,99211 [25],Provider_B,75,75,B,Farmers Insurance,MID-100742X,0,0000070299,482,0,0,0,0
ACC-82804990,Patient_743,12/13/2016,F366+,97014 [GP],Provider_A,35,35,B,Farmers Insurance,MID-100743X,0,0000070300,482,0,0,0,0
ACC-73400974,Patient_744,12/13/2016,F366+,98941,Provider_B,100,100,B,Farmers Insurance,MID-100744X,0,0000070300,482,0,0,0,0
ACC-73816923,Patient_745,12/13/2016,F366+,99211 [25],Provider_A,75,75,B,Farmers Insurance,MID-100745X,0,0000070300,482,0,0,0,0
ACC-82130522,Patient_746,1/9/2017,F366+,97014 [GP],Provider_B,35,35,B,Farmers Insurance,MID-100746X,0,0000070301,482,0,0,0,0
ACC-11256808,Patient_747,1/9/2017,F366+,98941,Provider_A,100,100,B,Farmers Insurance,MID-100747X,0,0000070301,482,0,0,0,0
ACC-79194451,Patient_748,1/9/2017,F366+,99214 [25],Provider_B,150,150,B,Farmers Insurance,MID-100748X,0,0000070301,482,0,0,0,0
ACC-65830428,Patient_749,8/31/2026,A0-30,97012 [GP],Provider_A,30,-20,B,United HealthCare,MID-100749X,0,0000093022,1,50,50,0,0
ACC-33575618,Patient_750,8/31/2026,A0-30,98943,Provider_B,50,50,B,United HealthCare,MID-100750X,0,0000093022,1,0,0,0,0
ACC-48245041,Patient_751,10/27/2016,F366+,72050,Provider_A,180,180,B,USAA Insurance,MID-100751X,0,0000069564,496,0,0,0,0
ACC-51112792,Patient_752,10/27/2016,F366+,97014 [GP],Provider_B,35,35,B,USAA Insurance,MID-100752X,0,0000069564,496,0,0,0,0
ACC-18330766,Patient_753,10/27/2016,F366+,98941,Provider_A,100,100,B,USAA Insurance,MID-100753X,0,0000069564,496,0,0,0,0
ACC-39662873,Patient_754,10/27/2016,F366+,99203 [25],Provider_B,275,275,B,USAA Insurance,MID-100754X,0,0000069564,496,0,0,0,0
ACC-11302247,Patient_755,10/28/2016,F366+,97014 [GP],Provider_A,70,70,B,USAA Insurance,MID-100755X,0,0000069565,496,0,0,0,0
ACC-86455530,Patient_756,10/28/2016,F366+,98941,Provider_B,100,100,B,USAA Insurance,MID-100756X,0,0000069565,496,0,0,0,0
ACC-11967288,Patient_757,10/31/2016,F366+,97014 [GP],Provider_A,70,70,B,USAA Insurance,MID-100757X,0,0000069566,496,0,0,0,0
ACC-54978750,Patient_758,10/31/2016,F366+,98941,Provider_B,100,100,B,USAA Insurance,MID-100758X,0,0000069566,496,0,0,0,0
ACC-36831729,Patient_759,10/31/2016,F366+,99211 [25],Provider_A,75,75,B,USAA Insurance,MID-100759X,0,0000069566,496,0,0,0,0
ACC-10873105,Patient_760,11/1/2016,F366+,97014 [GP],Provider_B,70,70,B,USAA Insurance,MID-100760X,0,0000069567,496,0,0,0,0
ACC-66263517,Patient_761,11/1/2016,F366+,98941,Provider_A,100,100,B,USAA Insurance,MID-100761X,0,0000069567,496,0,0,0,0
ACC-17206627,Patient_762,11/1/2016,F366+,99211 [25],Provider_B,75,75,B,USAA Insurance,MID-100762X,0,0000069567,496,0,0,0,0
ACC-74901815,Patient_763,11/2/2016,F366+,97014 [GP],Provider_A,70,70,B,USAA Insurance,MID-100763X,0,0000069568,496,0,0,0,0
ACC-88523589,Patient_764,11/2/2016,F366+,98941,Provider_B,100,100,B,USAA Insurance,MID-100764X,0,0000069568,496,0,0,0,0
ACC-17120459,Patient_765,11/2/2016,F366+,99211 [25],Provider_A,75,75,B,USAA Insurance,MID-100765X,0,0000069568,496,0,0,0,0
ACC-73786109,Patient_766,11/8/2016,F366+,97014 [GP],Provider_B,70,70,B,USAA Insurance,MID-100766X,0,0000069569,496,0,0,0,0
ACC-17672450,Patient_767,11/8/2016,F366+,98941,Provider_A,100,100,B,USAA Insurance,MID-100767X,0,0000069569,496,0,0,0,0
ACC-88953136,Patient_768,11/8/2016,F366+,99211 [25],Provider_B,75,75,B,USAA Insurance,MID-100768X,0,0000069569,496,0,0,0,0
ACC-20122147,Patient_769,11/11/2016,F366+,97014 [GP],Provider_A,70,70,B,USAA Insurance,MID-100769X,0,0000069570,496,0,0,0,0
ACC-77874693,Patient_770,11/11/2016,F366+,98941,Provider_B,100,100,B,USAA Insurance,MID-100770X,0,0000069570,496,0,0,0,0
ACC-65731218,Patient_771,11/11/2016,F366+,99211 [25],Provider_A,75,75,B,USAA Insurance,MID-100771X,0,0000069570,496,0,0,0,0
ACC-68579406,Patient_772,11/17/2016,F366+,97014 [GP],Provider_B,70,70,B,USAA Insurance,MID-100772X,0,0000069571,496,0,0,0,0
ACC-47513276,Patient_773,11/17/2016,F366+,98941,Provider_A,100,100,B,USAA Insurance,MID-100773X,0,0000069571,496,0,0,0,0
ACC-66022070,Patient_774,11/17/2016,F366+,99211 [25],Provider_B,75,75,B,USAA Insurance,MID-100774X,0,0000069571,496,0,0,0,0
ACC-62916343,Patient_775,12/5/2016,F366+,97014 [GP],Provider_A,70,70,B,USAA Insurance,MID-100775X,0,0000069572,496,0,0,0,0
ACC-11377957,Patient_776,12/5/2016,F366+,98941,Provider_B,100,100,B,USAA Insurance,MID-100776X,0,0000069572,496,0,0,0,0
ACC-72502775,Patient_777,12/5/2016,F366+,99211 [25],Provider_A,75,75,B,USAA Insurance,MID-100777X,0,0000069572,496,0,0,0,0
ACC-66753153,Patient_778,12/6/2016,F366+,97014 [GP],Provider_B,70,70,B,USAA Insurance,MID-100778X,0,0000069573,496,0,0,0,0
ACC-16075936,Patient_779,12/6/2016,F366+,98941,Provider_A,100,100,B,USAA Insurance,MID-100779X,0,0000069573,496,0,0,0,0
ACC-74605432,Patient_780,12/6/2016,F366+,99211 [25],Provider_B,75,75,B,USAA Insurance,MID-100780X,0,0000069573,496,0,0,0,0
ACC-40630978,Patient_781,12/7/2016,F366+,97014 [GP],Provider_A,70,70,B,USAA Insurance,MID-100781X,0,0000069574,496,0,0,0,0
ACC-79416835,Patient_782,12/7/2016,F366+,98941,Provider_B,100,100,B,USAA Insurance,MID-100782X,0,0000069574,496,0,0,0,0
ACC-20553547,Patient_783,12/7/2016,F366+,99211 [25],Provider_A,75,75,B,USAA Insurance,MID-100783X,0,0000069574,496,0,0,0,0
ACC-29964151,Patient_784,12/13/2016,F366+,97014 [GP],Provider_B,70,70,B,USAA Insurance,MID-100784X,0,0000069575,496,0,0,0,0
ACC-71425706,Patient_785,12/13/2016,F366+,98941,Provider_A,100,100,B,USAA Insurance,MID-100785X,0,0000069575,496,0,0,0,0
ACC-26776487,Patient_786,12/13/2016,F366+,99211 [25],Provider_B,75,75,B,USAA Insurance,MID-100786X,0,0000069575,496,0,0,0,0
ACC-87356318,Patient_787,12/14/2016,F366+,97014 [GP],Provider_A,70,70,B,USAA Insurance,MID-100787X,0,0000069576,496,0,0,0,0
ACC-73377047,Patient_788,12/14/2016,F366+,98941,Provider_B,100,100,B,USAA Insurance,MID-100788X,0,0000069576,496,0,0,0,0
ACC-45508028,Patient_789,12/14/2016,F366+,99211 [25],Provider_A,75,75,B,USAA Insurance,MID-100789X,0,0000069576,496,0,0,0,0
ACC-18516607,Patient_790,12/16/2016,F366+,97014 [GP],Provider_B,70,70,B,USAA Insurance,MID-100790X,0,0000069577,496,0,0,0,0
ACC-16541423,Patient_791,12/16/2016,F366+,98941,Provider_A,100,100,B,USAA Insurance,MID-100791X,0,0000069577,496,0,0,0,0
ACC-83663374,Patient_792,12/16/2016,F366+,99211 [25],Provider_B,75,75,B,USAA Insurance,MID-100792X,0,0000069577,496,0,0,0,0
ACC-41873629,Patient_793,12/19/2016,F366+,98941,Provider_A,100,100,B,USAA Insurance,MID-100793X,0,0000069578,496,0,0,0,0
ACC-97580686,Patient_794,12/19/2016,F366+,99211 [25],Provider_B,75,75,B,USAA Insurance,MID-100794X,0,0000069578,496,0,0,0,0
ACC-85515250,Patient_795,12/22/2016,F366+,97014 [GP],Provider_A,35,35,B,USAA Insurance,MID-100795X,0,0000069579,496,0,0,0,0
ACC-57102464,Patient_796,12/22/2016,F366+,98941,Provider_B,100,100,B,USAA Insurance,MID-100796X,0,0000069579,496,0,0,0,0
ACC-14470949,Patient_797,12/22/2016,F366+,99211 [25],Provider_A,75,75,B,USAA Insurance,MID-100797X,0,0000069579,496,0,0,0,0
ACC-34541059,Patient_798,12/28/2016,F366+,98941,Provider_B,100,100,B,USAA Insurance,MID-100798X,0,0000069580,496,0,0,0,0
ACC-52046753,Patient_799,12/28/2016,F366+,99211 [25],Provider_A,75,75,B,USAA Insurance,MID-100799X,0,0000069580,496,0,0,0,0
ACC-49762216,Patient_800,12/29/2016,F366+,97014 [GP],Provider_B,35,35,B,USAA Insurance,MID-100800X,0,0000069581,496,0,0,0,0
ACC-51449570,Patient_801,12/29/2016,F366+,98941,Provider_A,100,100,B,USAA Insurance,MID-100801X,0,0000069581,496,0,0,0,0
ACC-99089827,Patient_802,12/29/2016,F366+,99211 [25],Provider_B,75,75,B,USAA Insurance,MID-100802X,0,0000069581,496,0,0,0,0
ACC-26945681,Patient_803,1/2/2017,F366+,97014 [GP],Provider_A,35,35,B,USAA Insurance,MID-100803X,0,0000069582,496,0,0,0,0
ACC-74173043,Patient_804,1/2/2017,F366+,98941,Provider_B,100,100,B,USAA Insurance,MID-100804X,0,0000069582,496,0,0,0,0
ACC-14682519,Patient_805,1/2/2017,F366+,99211 [25],Provider_A,75,75,B,USAA Insurance,MID-100805X,0,0000069582,496,0,0,0,0
ACC-98634592,Patient_806,1/4/2017,F366+,98941,Provider_B,100,100,B,USAA Insurance,MID-100806X,0,0000069583,496,0,0,0,0
ACC-74839325,Patient_807,1/4/2017,F366+,99211 [25],Provider_A,75,75,B,USAA Insurance,MID-100807X,0,0000069583,496,0,0,0,0
ACC-17138396,Patient_808,1/12/2017,F366+,97014 [GP],Provider_B,35,35,B,USAA Insurance,MID-100808X,0,0000069584,496,0,0,0,0
ACC-62840834,Patient_809,1/12/2017,F366+,98941,Provider_A,100,100,B,USAA Insurance,MID-100809X,0,0000069584,496,0,0,0,0
ACC-41338816,Patient_810,1/12/2017,F366+,99211 [25],Provider_B,75,75,B,USAA Insurance,MID-100810X,0,0000069584,496,0,0,0,0
ACC-27480857,Patient_811,1/16/2017,F366+,97014 [GP],Provider_A,35,35,B,USAA Insurance,MID-100811X,0,0000069585,496,0,0,0,0
ACC-32610669,Patient_812,1/16/2017,F366+,98941,Provider_B,100,100,B,USAA Insurance,MID-100812X,0,0000069585,496,0,0,0,0
ACC-54917559,Patient_813,1/16/2017,F366+,99211 [25],Provider_A,75,75,B,USAA Insurance,MID-100813X,0,0000069585,496,0,0,0,0
ACC-25595310,Patient_814,1/23/2017,F366+,97014 [GP],Provider_B,35,35,B,USAA Insurance,MID-100814X,0,0000069586,496,0,0,0,0
ACC-60726383,Patient_815,1/23/2017,F366+,98941,Provider_A,100,100,B,USAA Insurance,MID-100815X,0,0000069586,496,0,0,0,0
ACC-74670314,Patient_816,1/23/2017,F366+,99211 [25],Provider_B,75,75,B,USAA Insurance,MID-100816X,0,0000069586,496,0,0,0,0
ACC-92971036,Patient_817,1/30/2017,F366+,98941,Provider_A,100,100,B,USAA Insurance,MID-100817X,0,0000069587,496,0,0,0,0
ACC-69130555,Patient_818,1/30/2017,F366+,99211 [25],Provider_B,75,75,B,USAA Insurance,MID-100818X,0,0000069587,496,0,0,0,0
ACC-91723465,Patient_819,2/8/2017,F366+,98941,Provider_A,100,100,B,USAA Insurance,MID-100819X,0,0000069588,496,0,0,0,0
ACC-31931775,Patient_820,2/8/2017,F366+,99211 [25],Provider_B,75,75,B,USAA Insurance,MID-100820X,0,0000069588,496,0,0,0,0
ACC-20894324,Patient_821,2/22/2017,F366+,98941,Provider_A,100,100,B,USAA Insurance,MID-100821X,0,0000069589,496,0,0,0,0
ACC-25734018,Patient_822,2/22/2017,F366+,99211 [25],Provider_B,75,75,B,USAA Insurance,MID-100822X,0,0000069589,496,0,0,0,0
ACC-73350825,Patient_823,3/8/2017,F366+,98941,Provider_A,100,100,B,USAA Insurance,MID-100823X,0,0000069590,496,0,0,0,0
ACC-21614977,Patient_824,3/8/2017,F366+,99211 [25],Provider_B,75,75,B,USAA Insurance,MID-100824X,0,0000069590,496,0,0,0,0
ACC-42986800,Patient_825,3/15/2017,F366+,98941,Provider_A,100,100,B,USAA Insurance,MID-100825X,0,0000069591,496,0,0,0,0
ACC-44611471,Patient_826,3/15/2017,F366+,99211 [25],Provider_B,75,75,B,USAA Insurance,MID-100826X,0,0000069591,496,0,0,0,0
ACC-61719721,Patient_827,3/29/2017,F366+,98941,Provider_A,100,100,B,USAA Insurance,MID-100827X,0,0000069592,496,0,0,0,0
ACC-46463309,Patient_828,3/29/2017,F366+,99211 [25],Provider_B,75,75,B,USAA Insurance,MID-100828X,0,0000069592,496,0,0,0,0
ACC-96472316,Patient_829,4/5/2017,F366+,97014 [GP],Provider_A,35,35,B,USAA Insurance,MID-100829X,0,0000069593,496,0,0,0,0
ACC-18476030,Patient_830,4/5/2017,F366+,98941,Provider_B,100,100,B,USAA Insurance,MID-100830X,0,0000069593,496,0,0,0,0
ACC-78945945,Patient_831,4/5/2017,F366+,99211 [25],Provider_A,75,75,B,USAA Insurance,MID-100831X,0,0000069593,496,0,0,0,0
ACC-40896518,Patient_832,5/10/2017,F366+,98941,Provider_B,100,100,B,USAA Insurance,MID-100832X,0,0000069594,496,0,0,0,0
ACC-97658518,Patient_833,5/10/2017,F366+,99211 [25],Provider_A,75,75,B,USAA Insurance,MID-100833X,0,0000069594,496,0,0,0,0
ACC-44558555,Patient_834,5/17/2017,F366+,98941,Provider_B,100,100,B,USAA Insurance,MID-100834X,0,0000069595,496,0,0,0,0
ACC-86410524,Patient_835,5/17/2017,F366+,99211 [25],Provider_A,75,75,B,USAA Insurance,MID-100835X,0,0000069595,496,0,0,0,0
ACC-81810885,Patient_836,5/24/2017,F366+,98941,Provider_B,100,100,B,USAA Insurance,MID-100836X,0,0000069596,496,0,0,0,0
ACC-37299471,Patient_837,5/24/2017,F366+,99211 [25],Provider_A,75,75,B,USAA Insurance,MID-100837X,0,0000069596,496,0,0,0,0
ACC-70350082,Patient_838,11/3/2016,F366+,98941,Provider_B,100,100,B,USAA Insurance,MID-100838X,0,,3367,0,0,0,0
ACC-13362031,Patient_839,11/3/2016,F366+,99203 [25],Provider_A,275,275,B,USAA Insurance,MID-100839X,0,,3367,0,0,0,0
ACC-49758684,Patient_840,11/3/2016,F366+,G0283,Provider_B,35,35,B,USAA Insurance,MID-100840X,0,,3367,0,0,0,0
ACC-42595356,Patient_841,11/7/2016,F366+,98941,Provider_A,100,100,B,USAA Insurance,MID-100841X,0,,3367,0,0,0,0
ACC-91543641,Patient_842,11/7/2016,F366+,99211 [25],Provider_B,75,75,B,USAA Insurance,MID-100842X,0,,3367,0,0,0,0
ACC-34440625,Patient_843,11/9/2016,F366+,97014,Provider_A,35,35,B,USAA Insurance,MID-100843X,0,,3367,0,0,0,0
ACC-42599380,Patient_844,11/9/2016,F366+,98941,Provider_B,100,100,B,USAA Insurance,MID-100844X,0,,3367,0,0,0,0
ACC-66952358,Patient_845,11/9/2016,F366+,99211 [25],Provider_A,75,75,B,USAA Insurance,MID-100845X,0,,3367,0,0,0,0
ACC-62529081,Patient_846,11/11/2016,F366+,97014,Provider_B,35,35,B,USAA Insurance,MID-100846X,0,,3367,0,0,0,0
ACC-84714974,Patient_847,11/11/2016,F366+,98941,Provider_A,100,100,B,USAA Insurance,MID-100847X,0,,3367,0,0,0,0
ACC-14376371,Patient_848,11/11/2016,F366+,99211 [25],Provider_B,75,75,B,USAA Insurance,MID-100848X,0,,3367,0,0,0,0
ACC-55912926,Patient_849,11/14/2016,F366+,97014,Provider_A,35,35,B,USAA Insurance,MID-100849X,0,,3367,0,0,0,0
ACC-11341367,Patient_850,11/14/2016,F366+,98941,Provider_B,100,100,B,USAA Insurance,MID-100850X,0,,3367,0,0,0,0
ACC-63582899,Patient_851,11/14/2016,F366+,99211 [25],Provider_A,75,75,B,USAA Insurance,MID-100851X,0,,3367,0,0,0,0
ACC-31881510,Patient_852,11/16/2016,F366+,97014,Provider_B,35,35,B,USAA Insurance,MID-100852X,0,,3367,0,0,0,0
ACC-19196427,Patient_853,11/16/2016,F366+,98941,Provider_A,100,100,B,USAA Insurance,MID-100853X,0,,3367,0,0,0,0
ACC-16382547,Patient_854,11/16/2016,F366+,99211 [25],Provider_B,75,75,B,USAA Insurance,MID-100854X,0,,3367,0,0,0,0
ACC-12665198,Patient_855,11/21/2016,F366+,97014,Provider_A,35,35,B,USAA Insurance,MID-100855X,0,,3367,0,0,0,0
ACC-92519372,Patient_856,11/21/2016,F366+,98941,Provider_B,100,100,B,USAA Insurance,MID-100856X,0,,3367,0,0,0,0
ACC-11599739,Patient_857,11/21/2016,F366+,99211 [25],Provider_A,75,75,B,USAA Insurance,MID-100857X,0,,3367,0,0,0,0
ACC-49949734,Patient_858,11/28/2016,F366+,97014,Provider_B,35,35,B,USAA Insurance,MID-100858X,0,,3367,0,0,0,0
ACC-49087116,Patient_859,11/28/2016,F366+,98941,Provider_A,100,100,B,USAA Insurance,MID-100859X,0,,3367,0,0,0,0
ACC-67480784,Patient_860,11/28/2016,F366+,99211 [25],Provider_B,75,75,B,USAA Insurance,MID-100860X,0,,3367,0,0,0,0
ACC-97147120,Patient_861,11/30/2016,F366+,97014,Provider_A,35,35,B,USAA Insurance,MID-100861X,0,,3367,0,0,0,0
ACC-49061465,Patient_862,11/30/2016,F366+,98941,Provider_B,100,100,B,USAA Insurance,MID-100862X,0,,3367,0,0,0,0
ACC-45517277,Patient_863,11/30/2016,F366+,99211 [25],Provider_A,75,75,B,USAA Insurance,MID-100863X,0,,3367,0,0,0,0
ACC-85667805,Patient_864,12/7/2016,F366+,97014,Provider_B,35,35,B,USAA Insurance,MID-100864X,0,,3367,0,0,0,0
ACC-79693428,Patient_865,12/7/2016,F366+,98941,Provider_A,100,100,B,USAA Insurance,MID-100865X,0,,3367,0,0,0,0
ACC-48028217,Patient_866,12/7/2016,F366+,99211 [25],Provider_B,75,75,B,USAA Insurance,MID-100866X,0,,3367,0,0,0,0
ACC-25133903,Patient_867,12/12/2016,F366+,97014,Provider_A,35,35,B,USAA Insurance,MID-100867X,0,,3367,0,0,0,0
ACC-51656716,Patient_868,12/12/2016,F366+,98941,Provider_B,100,100,B,USAA Insurance,MID-100868X,0,,3367,0,0,0,0
ACC-16063691,Patient_869,12/12/2016,F366+,99211 [25],Provider_A,75,75,B,USAA Insurance,MID-100869X,0,,3367,0,0,0,0
ACC-38933773,Patient_870,12/14/2016,F366+,97014,Provider_B,35,35,B,USAA Insurance,MID-100870X,0,,3367,0,0,0,0
ACC-95839580,Patient_871,12/14/2016,F366+,98941,Provider_A,100,100,B,USAA Insurance,MID-100871X,0,,3367,0,0,0,0
ACC-48342484,Patient_872,12/14/2016,F366+,99211 [25],Provider_B,75,75,B,USAA Insurance,MID-100872X,0,,3367,0,0,0,0
ACC-76498520,Patient_873,12/21/2016,F366+,97014,Provider_A,35,35,B,USAA Insurance,MID-100873X,0,,3367,0,0,0,0
ACC-69762153,Patient_874,12/21/2016,F366+,98941,Provider_B,100,100,B,USAA Insurance,MID-100874X,0,,3367,0,0,0,0
ACC-50451936,Patient_875,12/21/2016,F366+,99211 [25],Provider_A,75,75,B,USAA Insurance,MID-100875X,0,,3367,0,0,0,0
ACC-54307352,Patient_876,12/28/2016,F366+,97014,Provider_B,35,35,B,USAA Insurance,MID-100876X,0,,3367,0,0,0,0
ACC-73795464,Patient_877,12/28/2016,F366+,98941,Provider_A,100,100,B,USAA Insurance,MID-100877X,0,,3367,0,0,0,0
ACC-77801344,Patient_878,12/28/2016,F366+,99211 [25],Provider_B,75,75,B,USAA Insurance,MID-100878X,0,,3367,0,0,0,0
ACC-53974221,Patient_879,12/30/2016,F366+,98941,Provider_A,100,100,B,USAA Insurance,MID-100879X,0,,3367,0,0,0,0
ACC-26122861,Patient_880,12/30/2016,F366+,99211 [25],Provider_B,75,75,B,USAA Insurance,MID-100880X,0,,3367,0,0,0,0
ACC-53070359,Patient_881,1/4/2017,F366+,97014,Provider_A,35,35,B,USAA Insurance,MID-100881X,0,,3367,0,0,0,0
ACC-67891953,Patient_882,1/4/2017,F366+,98941,Provider_B,100,100,B,USAA Insurance,MID-100882X,0,,3367,0,0,0,0
ACC-79187849,Patient_883,1/4/2017,F366+,99211 [25],Provider_A,75,75,B,USAA Insurance,MID-100883X,0,,3367,0,0,0,0
ACC-61024029,Patient_884,1/6/2017,F366+,98941,Provider_B,100,100,B,USAA Insurance,MID-100884X,0,,3367,0,0,0,0
ACC-36190703,Patient_885,1/6/2017,F366+,99211 [25],Provider_A,75,75,B,USAA Insurance,MID-100885X,0,,3367,0,0,0,0
ACC-98012619,Patient_886,1/11/2017,F366+,98941,Provider_B,100,100,B,USAA Insurance,MID-100886X,0,,3367,0,0,0,0
ACC-33467750,Patient_887,1/11/2017,F366+,99211 [25],Provider_A,75,75,B,USAA Insurance,MID-100887X,0,,3367,0,0,0,0
ACC-17191830,Patient_888,1/13/2017,F366+,98941,Provider_B,100,100,B,USAA Insurance,MID-100888X,0,,3367,0,0,0,0
ACC-10339984,Patient_889,1/13/2017,F366+,99211 [25],Provider_A,75,75,B,USAA Insurance,MID-100889X,0,,3367,0,0,0,0
ACC-77314914,Patient_890,1/18/2017,F366+,98941,Provider_B,100,100,B,USAA Insurance,MID-100890X,0,,3367,0,0,0,0
ACC-89618331,Patient_891,1/18/2017,F366+,99211 [25],Provider_A,75,75,B,USAA Insurance,MID-100891X,0,,3367,0,0,0,0
ACC-83385877,Patient_892,1/27/2017,F366+,98941,Provider_B,100,100,B,USAA Insurance,MID-100892X,0,,3367,0,0,0,0
ACC-84929112,Patient_893,1/27/2017,F366+,99211 [25],Provider_A,75,75,B,USAA Insurance,MID-100893X,0,,3367,0,0,0,0
ACC-48173805,Patient_894,2/3/2017,F366+,98941,Provider_B,100,100,B,USAA Insurance,MID-100894X,0,,3367,0,0,0,0
ACC-64916595,Patient_895,2/3/2017,F366+,99211 [25],Provider_A,75,75,B,USAA Insurance,MID-100895X,0,,3367,0,0,0,0
ACC-86165953,Patient_896,2/8/2017,F366+,98941,Provider_B,100,100,B,USAA Insurance,MID-100896X,0,,3367,0,0,0,0
ACC-86221854,Patient_897,2/8/2017,F366+,99211 [25],Provider_A,75,75,B,USAA Insurance,MID-100897X,0,,3367,0,0,0,0
ACC-58335691,Patient_898,2/17/2017,F366+,98941,Provider_B,100,100,B,USAA Insurance,MID-100898X,0,,3367,0,0,0,0
ACC-15648684,Patient_899,2/17/2017,F366+,99211 [25],Provider_A,75,75,B,USAA Insurance,MID-100899X,0,,3367,0,0,0,0
ACC-10729530,Patient_900,2/24/2017,F366+,98941,Provider_B,100,100,B,USAA Insurance,MID-100900X,0,,3367,0,0,0,0
ACC-37921778,Patient_901,2/24/2017,F366+,99211 [25],Provider_A,75,75,B,USAA Insurance,MID-100901X,0,,3367,0,0,0,0
ACC-66932942,Patient_902,3/3/2017,F366+,98941,Provider_B,100,100,B,USAA Insurance,MID-100902X,0,,3367,0,0,0,0
ACC-72785518,Patient_903,3/3/2017,F366+,99211 [25],Provider_A,75,75,B,USAA Insurance,MID-100903X,0,,3367,0,0,0,0
ACC-65065408,Patient_904,3/17/2017,F366+,98941,Provider_B,100,100,B,USAA Insurance,MID-100904X,0,,3367,0,0,0,0
ACC-28501465,Patient_905,3/17/2017,F366+,99211 [25],Provider_A,75,75,B,USAA Insurance,MID-100905X,0,,3367,0,0,0,0
ACC-24810936,Patient_906,3/31/2017,F366+,98941,Provider_B,100,100,B,USAA Insurance,MID-100906X,0,,3367,0,0,0,0
ACC-82487271,Patient_907,3/31/2017,F366+,99211 [25],Provider_A,75,75,B,USAA Insurance,MID-100907X,0,,3367,0,0,0,0
ACC-84305097,Patient_908,4/20/2017,F366+,98941,Provider_B,100,100,B,USAA Insurance,MID-100908X,0,,3367,0,0,0,0
ACC-90440886,Patient_909,4/20/2017,F366+,99211 [25],Provider_A,75,75,B,USAA Insurance,MID-100909X,0,,3367,0,0,0,0
ACC-16959999,Patient_910,5/12/2017,F366+,98941,Provider_B,100,100,B,USAA Insurance,MID-100910X,0,,3367,0,0,0,0
ACC-39853749,Patient_911,5/12/2017,F366+,99211 [25],Provider_A,75,75,B,USAA Insurance,MID-100911X,0,,3367,0,0,0,0
ACC-66542157,Patient_912,6/2/2017,F366+,98941,Provider_B,100,100,B,USAA Insurance,MID-100912X,0,,3367,0,0,0,0
ACC-84273972,Patient_913,6/2/2017,F366+,99211 [25],Provider_A,75,75,B,USAA Insurance,MID-100913X,0,,3367,0,0,0,0
ACC-34182088,Patient_914,9/17/2024,F366+,72052,Provider_B,210,210,D,USAA Insurance,MID-100914X,0,0000064687,0,0,0,0,0
ACC-89579326,Patient_915,9/17/2024,F366+,72120,Provider_A,240,240,D,USAA Insurance,MID-100915X,0,0000064687,0,0,0,0,0
ACC-10161746,Patient_916,9/24/2024,F366+,98941,Provider_B,100,100,D,USAA Insurance,MID-100916X,0,0000064688,0,0,0,0,0
ACC-32730280,Patient_917,9/24/2024,F366+,S8948,Provider_A,60,60,D,USAA Insurance,MID-100917X,0,0000064688,0,0,0,0,0
ACC-26717875,Patient_918,9/26/2024,F366+,98941,Provider_B,100,100,D,USAA Insurance,MID-100918X,0,0000064689,0,0,0,0,0
ACC-63040717,Patient_919,9/26/2024,F366+,S8948,Provider_A,60,60,D,USAA Insurance,MID-100919X,0,0000064689,0,0,0,0,0
ACC-95726231,Patient_920,10/1/2024,F366+,98941,Provider_B,100,100,D,USAA Insurance,MID-100920X,0,0000064690,0,0,0,0,0
ACC-12289717,Patient_921,10/1/2024,F366+,S8948,Provider_A,60,60,D,USAA Insurance,MID-100921X,0,0000064690,0,0,0,0,0
ACC-90845303,Patient_922,10/2/2024,F366+,98941,Provider_B,100,100,D,USAA Insurance,MID-100922X,0,0000064691,0,0,0,0,0
ACC-40353961,Patient_923,10/2/2024,F366+,S8948,Provider_A,60,60,D,USAA Insurance,MID-100923X,0,0000064691,0,0,0,0,0
ACC-95263306,Patient_924,10/3/2024,F366+,98941,Provider_B,100,100,D,USAA Insurance,MID-100924X,0,0000064692,0,0,0,0,0
ACC-36477990,Patient_925,10/3/2024,F366+,S8948,Provider_A,60,60,D,USAA Insurance,MID-100925X,0,0000064692,0,0,0,0,0
ACC-93507740,Patient_926,10/7/2024,F366+,98941,Provider_B,100,100,D,USAA Insurance,MID-100926X,0,0000064693,0,0,0,0,0
ACC-89788587,Patient_927,10/7/2024,F366+,S8948,Provider_A,60,60,D,USAA Insurance,MID-100927X,0,0000064693,0,0,0,0,0
ACC-45661982,Patient_928,10/8/2024,F366+,98941,Provider_B,100,100,D,USAA Insurance,MID-100928X,0,0000064694,0,0,0,0,0
ACC-24563873,Patient_929,10/8/2024,F366+,S8948,Provider_A,60,60,D,USAA Insurance,MID-100929X,0,0000064694,0,0,0,0,0
ACC-27774245,Patient_930,10/15/2024,F366+,97110 [GP],Provider_B,35,35,D,USAA Insurance,MID-100930X,0,0000064695,0,0,0,0,0
ACC-76367606,Patient_931,10/15/2024,F366+,98941,Provider_A,100,100,D,USAA Insurance,MID-100931X,0,0000064695,0,0,0,0,0
ACC-24170525,Patient_932,10/15/2024,F366+,S8948,Provider_B,60,60,D,USAA Insurance,MID-100932X,0,0000064695,0,0,0,0,0
ACC-94590519,Patient_933,10/16/2024,F366+,98941,Provider_A,100,100,D,USAA Insurance,MID-100933X,0,0000064696,0,0,0,0,0
ACC-82981930,Patient_934,10/16/2024,F366+,S8948,Provider_B,60,60,D,USAA Insurance,MID-100934X,0,0000064696,0,0,0,0,0
ACC-17793849,Patient_935,10/17/2024,F366+,98941,Provider_A,100,100,D,USAA Insurance,MID-100935X,0,0000064697,0,0,0,0,0
ACC-75974855,Patient_936,10/17/2024,F366+,S8948,Provider_B,60,60,D,USAA Insurance,MID-100936X,0,0000064697,0,0,0,0,0
ACC-16147006,Patient_937,10/22/2024,F366+,98941,Provider_A,100,100,D,USAA Insurance,MID-100937X,0,0000064698,0,0,0,0,0
ACC-51436426,Patient_938,10/22/2024,F366+,S8948,Provider_B,60,60,D,USAA Insurance,MID-100938X,0,0000064698,0,0,0,0,0
ACC-31365700,Patient_939,10/23/2024,F366+,98941,Provider_A,100,100,D,USAA Insurance,MID-100939X,0,0000064699,0,0,0,0,0
ACC-25990966,Patient_940,10/23/2024,F366+,S8948,Provider_B,60,60,D,USAA Insurance,MID-100940X,0,0000064699,0,0,0,0,0
ACC-64852295,Patient_941,10/24/2024,F366+,98941,Provider_A,100,100,D,USAA Insurance,MID-100941X,0,0000064700,0,0,0,0,0
ACC-80585911,Patient_942,10/24/2024,F366+,99214 [25],Provider_B,150,150,D,USAA Insurance,MID-100942X,0,0000064700,0,0,0,0,0
ACC-33706326,Patient_943,10/24/2024,F366+,S8948,Provider_A,60,60,D,USAA Insurance,MID-100943X,0,0000064700,0,0,0,0,0
ACC-19734150,Patient_944,10/29/2024,F366+,98941,Provider_B,100,100,D,USAA Insurance,MID-100944X,0,0000064701,0,0,0,0,0
ACC-66344636,Patient_945,10/29/2024,F366+,S8948,Provider_A,60,60,D,USAA Insurance,MID-100945X,0,0000064701,0,0,0,0,0
ACC-77070784,Patient_946,10/30/2024,F366+,98941,Provider_B,100,100,D,USAA Insurance,MID-100946X,0,0000064702,0,0,0,0,0
ACC-94485869,Patient_947,10/30/2024,F366+,S8948,Provider_A,60,60,D,USAA Insurance,MID-100947X,0,0000064702,0,0,0,0,0
ACC-75051305,Patient_948,10/31/2024,F366+,98941,Provider_B,100,100,D,USAA Insurance,MID-100948X,0,0000064703,0,0,0,0,0
ACC-94793121,Patient_949,10/31/2024,F366+,S8948,Provider_A,60,60,D,USAA Insurance,MID-100949X,0,0000064703,0,0,0,0,0
ACC-16243847,Patient_950,11/12/2024,F366+,98941,Provider_B,100,100,B,USAA Insurance,MID-100950X,0,0000064706,373,0,0,0,0
ACC-80205164,Patient_951,11/13/2024,F366+,98941,Provider_A,100,100,B,USAA Insurance,MID-100951X,0,0000064707,373,0,0,0,0
ACC-17500572,Patient_952,4/15/2025,F366+,98941,Provider_B,100,100,B,USAA Insurance,MID-100952X,0,0000076422,412,0,0,0,0
ACC-90411693,Patient_953,4/29/2025,F366+,98941,Provider_A,100,100,B,USAA Insurance,MID-100953X,0,0000076423,400,0,0,0,0
ACC-56137751,Patient_954,4/8/2025,F366+,98941,Provider_B,100,36.68,P,Blue Cross Blue Shield of New Mexico,MID-100954X,0,0000068767,0,0,0,63.32,0
ACC-69888781,Patient_955,4/8/2025,F366+,98941,Provider_A,100,36.68,B,Presbyterian Health Plan,MID-100955X,0,,506,0,0,63.32,0
ACC-49305917,Patient_956,8/18/2026,A31-60,98941,Provider_B,100,0.08,B,Presbyterian Health Plan,MID-100956X,0,0000092731,13,0,0,62.77,37.15
ACC-84135458,Patient_957,5/17/2021,F366+,98941,Provider_A,100,-2.58,D,Presbyterian Health Plan,MID-100957X,0,,1935,0,0,67.58,35
ACC-34588742,Patient_958,11/20/2023,F366+,98941,Provider_B,100,-2.58,B,Presbyterian Health Plan,MID-100958X,0,,1010,0,0,67.58,35
ACC-10549917,Patient_959,4/28/2021,F366+,98941 [AT],Provider_A,100,-7.79,P,Novitas solutions inc,MID-100959X,31.15,0000029005,0,0,0,61.06,0
ACC-87367267,Patient_960,4/28/2021,F366+,98941 [AT],Provider_B,100,-7.79,P,Aflac,MID-100960X,15.58,0000029250,0,0,0,61.06,0
ACC-50121767,Patient_961,7/22/2024,F366+,98941 [AT],Provider_A,100,80,D,Presbyterian Health Plan,MID-100961X,0,0000056480,0,20,0,0,20
ACC-61881004,Patient_962,8/5/2024,F366+,98941 [AT],Provider_B,100,100,D,Presbyterian Health Plan,MID-100962X,0,0000057091,0,0,0,0,0
ACC-20260336,Patient_963,8/3/2026,A31-60,98941 [AT],Provider_A,100,22.23,B,Blue Cross Medicare Advantage,MID-100963X,0,,31,0,0,62.77,15
ACC-74651603,Patient_964,2/12/2024,F366+,98941,Provider_B,100,-2.58,B,Presbyterian Health Plan,MID-100964X,0,0000051509,931,0,0,67.58,35
ACC-43813476,Patient_965,5/10/2024,F366+,98941,Provider_A,100,-2.58,B,Presbyterian Health Plan,MID-100965X,0,,840,0,0,67.58,35
ACC-70074698,Patient_966,10/30/2024,F366+,98941,Provider_B,100,-2.58,B,Presbyterian Health Plan,MID-100966X,0,0000060374,667,0,0,67.58,35
ACC-46877257,Patient_967,4/5/2017,F366+,97010,Provider_A,20,20,D,Farmers Insurance,MID-100967X,0,,3438,0,0,0,0
ACC-84935922,Patient_968,4/5/2017,F366+,97014,Provider_B,35,35,D,Farmers Insurance,MID-100968X,0,,3438,0,0,0,0
ACC-51973231,Patient_969,4/5/2017,F366+,97024,Provider_A,20,20,D,Farmers Insurance,MID-100969X,0,,3438,0,0,0,0
ACC-72833738,Patient_970,4/5/2017,F366+,S-9090,Provider_B,140,140,D,Farmers Insurance,MID-100970X,0,,3438,0,0,0,0
ACC-58954114,Patient_971,4/21/2017,F366+,97010,Provider_A,20,20,D,Farmers Insurance,MID-100971X,0,,3422,0,0,0,0
ACC-91088475,Patient_972,4/21/2017,F366+,97014,Provider_B,35,35,D,Farmers Insurance,MID-100972X,0,,3422,0,0,0,0
ACC-64869628,Patient_973,4/21/2017,F366+,97024,Provider_A,20,20,D,Farmers Insurance,MID-100973X,0,,3422,0,0,0,0
ACC-75314379,Patient_974,4/21/2017,F366+,S-9090,Provider_B,140,140,D,Farmers Insurance,MID-100974X,0,,3422,0,0,0,0
ACC-21796457,Patient_975,11/28/2023,F366+,98941 [AT],Provider_A,100,75,D,United HealthCare,MID-100975X,0,0000049153,0,25,0,0,25
ACC-84080276,Patient_976,3/13/2024,F366+,98941 [AT],Provider_B,100,75,D,United Healthcare,MID-100976X,0,0000052589,0,25,0,0,25
ACC-19271774,Patient_977,4/3/2024,F366+,98941 [AT],Provider_A,100,75,D,United Healthcare,MID-100977X,0,0000053149,0,25,0,0,25
ACC-58189817,Patient_978,10/3/2024,F366+,98941 [AT],Provider_B,100,75,D,United Healthcare,MID-100978X,0,0000059445,0,25,0,0,25
ACC-89714357,Patient_979,10/8/2024,F366+,98941 [AT],Provider_A,100,75,D,United Healthcare,MID-100979X,0,,695,25,0,0,25
ACC-91101342,Patient_980,10/28/2024,F366+,98941 [AT],Provider_B,100,12.42,B,Presbyterian Health Plan,MID-100980X,0,0000060231,669,0,0,67.58,20
ACC-97277982,Patient_981,2/10/2025,F366+,98941 [AT],Provider_A,40.41,12.81,B,Presbyterian Health Plan,MID-100981X,0,0000065598,568,12.4,-7.6,7.6,20
ACC-96671888,Patient_982,7/9/2024,F366+,98941,Provider_B,100,100,D,Presbyterian Health Plan,MID-100982X,0,0000056053,0,0,0,0,0
ACC-60294807,Patient_983,8/24/2026,A31-60,98943,Provider_A,50,-6.69,B,Presbyterian Health Plan,MID-100983X,0,0000092839,8,8.15,-24.27,24.27,32.42
ACC-91220544,Patient_984,8/21/2026,A31-60,98941,Provider_B,100,7.23,B,Presbyterian Health Plan,MID-100984X,0,0000092809,10,0,0,62.77,30
ACC-82396306,Patient_985,8/28/2026,A31-60,98941,Provider_A,100,7.23,B,Presbyterian Health Plan,MID-100985X,0,0000092998,3,0,0,62.77,30
ACC-23413686,Patient_986,5/24/2024,F366+,98941,Provider_B,100,100,D,Administrative Concepts Inc,MID-100986X,0,0000054475,0,0,0,0,0
ACC-59283952,Patient_987,7/29/2024,F366+,98941,Provider_A,100,62.15,D,Administrative Concepts Inc,MID-100987X,0,0000056759,0,37.85,0,0,37.85
ACC-79828669,Patient_988,8/3/2026,A31-60,98941 [AT],Provider_B,100,80,B,Novitas solutions inc,MID-100988X,0,,31,20,20,0,0
ACC-37816583,Patient_989,1/2/2025,F366+,98941,Provider_A,100,17.42,B,Presbyterian Health Plan,MID-100989X,0,0000063195,605,0,0,67.58,15
ACC-13106523,Patient_990,1/17/2025,F366+,98941,Provider_B,100,17.42,B,Presbyterian Health Plan,MID-100990X,0,0000064811,591,0,0,67.58,15
ACC-54708925,Patient_991,8/24/2026,A31-60,97012 [GP],Provider_A,30,30,B,Aetna,MID-100991X,0,0000092866,8,0,0,0,0
ACC-96573495,Patient_992,8/24/2026,A31-60,98941,Provider_B,100,22.86,B,Aetna,MID-100992X,0,0000092866,8,0,0,57.14,20
ACC-40214967,Patient_993,10/7/2024,F366+,98941,Provider_A,100,60,B,Presbyterian Health Plan,MID-100993X,0,0000059547,693,40,0,0,40
ACC-85394185,Patient_994,10/14/2024,F366+,98941,Provider_B,100,60,B,Presbyterian Health Plan,MID-100994X,0,0000059760,686,40,0,0,40
ACC-48905709,Patient_995,8/5/2026,A31-60,97012 [GP],Provider_A,30,14.97,B,Cigna,MID-100995X,0,0000092387,27,0,0,15.03,0
ACC-86635565,Patient_996,8/5/2026,A31-60,98941,Provider_B,50,14.74,B,Cigna,MID-100996X,0,0000092387,27,4.74,-15.26,15.26,20
ACC-28082238,Patient_997,9/2/2026,A0-30,97012 [GP],Provider_A,30,14.97,B,Cigna,MID-100997X,0,0000093096,0,0,0,15.03,0
ACC-41899020,Patient_998,9/2/2026,A0-30,98941,Provider_B,50,14.74,B,Cigna,MID-100998X,0,0000093096,0,4.74,-15.26,15.26,20
ACC-55918516,Patient_999,7/10/2020,F366+,98941,Provider_A,100,-0.55,D,New Mexico Health Connections,MID-100999X,0,,2246,0,0,59.79,40.76
ACC-75303511,Patient_1000,10/23/2020,F366+,98941,Provider_B,100,-0.55,D,New Mexico Health Connections,MID-101000X,0,,2141,0,0,59.79,40.76
ACC-99922463,Patient_1001,12/11/2020,F366+,98941,Provider_A,100,-0.55,D,New Mexico Health Connections,MID-101001X,0,,2092,0,0,59.79,40.76
ACC-53583586,Patient_1002,1/9/2025,F366+,98941,Provider_B,100,37.09,B,Presbyterian Health Plan,MID-101002X,0,0000063854,598,0,0,62.91,0
ACC-44673464,Patient_1003,1/30/2025,F366+,98941,Provider_A,100,17.09,B,Presbyterian Health Plan,MID-101003X,0,0000065300,577,0,0,62.91,20
ACC-50476064,Patient_1004,1/3/2024,F366+,98941 [AT],Provider_B,100,12.42,B,Presbyterian Health Plan,MID-101004X,0,0000050184,968,0,0,67.58,20
ACC-89510438,Patient_1005,7/3/2024,F366+,98941 [AT],Provider_A,100,80,D,Presbyterian Health Plan,MID-101005X,0,0000055851,0,20,0,0,20
ACC-61544405,Patient_1006,7/29/2026,A61-90,98941 [AT],Provider_B,100,80,B,Novitas solutions inc,MID-101006X,0,,36,20,0,0,20
ACC-75634884,Patient_1007,8/5/2026,A31-60,98941,Provider_A,100,80,B,Novitas solutions inc,MID-101007X,0,,29,20,0,0,20
ACC-83411740,Patient_1008,8/26/2026,A31-60,98941,Provider_B,100,80,B,Novitas solutions inc,MID-101008X,0,,8,20,20,0,0
ACC-80268747,Patient_1009,8/14/2026,A31-60,98941 [AT],Provider_A,100,80,B,Novitas solutions inc,MID-101009X,0,,20,20,20,0,0
ACC-53312230,Patient_1010,9/18/2019,F366+,97140 [59],Provider_B,55,55,D,UMR,MID-101010X,0,0000018776,0,0,0,0,0
ACC-28035845,Patient_1011,9/19/2019,F366+,97140 [59],Provider_A,55,55,D,UMR,MID-101011X,0,0000018776,0,0,0,0,0
ACC-53809851,Patient_1012,9/24/2019,F366+,97140 [59],Provider_B,55,55,D,UMR,MID-101012X,0,0000018919,0,0,0,0,0
ACC-27183375,Patient_1013,9/25/2019,F366+,97140 [59],Provider_A,55,55,D,UMR,MID-101013X,0,0000018919,0,0,0,0,0
ACC-85403127,Patient_1014,9/27/2019,F366+,97140 [59],Provider_B,55,55,D,UMR,MID-101014X,0,0000018919,0,0,0,0,0
ACC-53119671,Patient_1015,9/30/2019,F366+,97140 [59],Provider_A,55,55,D,UMR,MID-101015X,0,0000018919,0,0,0,0,0
ACC-10990416,Patient_1016,12/23/2022,F366+,98941 [AT],Provider_B,100,-7.72,P,Novitas solutions inc,MID-101016X,38,0000039623,1319,0,0,62,0
ACC-78337972,Patient_1017,12/23/2022,F366+,98941 [AT],Provider_A,100,-7.72,P,Mutual of Omaha,MID-101017X,7.72,,1307,0,0,62,0
ACC-52837545,Patient_1018,2/20/2024,F366+,98941,Provider_B,100,-2.58,B,Presbyterian Health Plan,MID-101018X,0,,898,0,0,67.58,35
ACC-80463948,Patient_1019,2/21/2024,F366+,98941,Provider_A,100,-2.58,B,Presbyterian Health Plan,MID-101019X,0,,898,0,0,67.58,35
ACC-79357692,Patient_1020,2/26/2024,F366+,98941 [AT],Provider_B,40.41,32.42,B,Presbyterian Health Plan,MID-101020X,0,0000051985,917,0,0,7.99,0
ACC-63170326,Patient_1021,7/22/2024,F366+,98941 [AT],Provider_A,40.41,40.41,D,Presbyterian Health Plan,MID-101021X,0,0000056471,0,0,0,0,0
ACC-94355652,Patient_1022,11/4/2024,F366+,98941,Provider_B,100,75,B,(LIFE1) United HealthCare,MID-101022X,0,0000060549,665,25,0,0,25
ACC-50155661,Patient_1023,5/2/2024,F366+,98941 [AT],Provider_A,100,32.42,B,Presbyterian Health Plan,MID-101023X,0,,849,0,0,67.58,0
ACC-71189790,Patient_1024,5/9/2024,F366+,98941 [AT],Provider_B,100,32.42,B,Presbyterian Health Plan,MID-101024X,0,,842,0,0,67.58,0
ACC-26480557,Patient_1025,12/31/2024,F366+,98941 [AT],Provider_A,100,12.81,B,Presbyterian Health Plan,MID-101025X,0,0000063099,608,0,0,67.19,20
ACC-11075606,Patient_1026,2/14/2025,F366+,98941 [AT],Provider_B,100,12.81,B,Presbyterian Health Plan,MID-101026X,0,0000066025,563,0,0,67.19,20
ACC-42246472,Patient_1027,3/1/2024,F366+,98941,Provider_A,100,-2.58,B,Presbyterian Health Plan,MID-101027X,0,0000052166,910,0,0,67.58,35
ACC-69074217,Patient_1028,7/12/2024,F366+,98941,Provider_B,100,65,D,Presbyterian Health Plan,MID-101028X,0,0000056157,0,35,0,0,35
ACC-15840362,Patient_1029,1/15/2025,F366+,98941,Provider_A,100,-2.58,B,Presbyterian Health Plan,MID-101029X,0,0000064087,594,0,0,67.58,35
ACC-50199643,Patient_1030,2/25/2025,F366+,98941,Provider_B,100,-2.58,B,Presbyterian Health Plan,MID-101030X,0,0000066708,552,0,0,67.58,35
ACC-20195038,Patient_1031,12/17/2020,F366+,98941,Provider_A,100,-39.02,P,GPA,MID-101031X,39.02,,0,0,0,60.98,0
ACC-15436873,Patient_1032,12/21/2020,F366+,98941,Provider_B,100,-39.02,P,GPA,MID-101032X,39.02,,0,0,0,60.98,0
ACC-10095060,Patient_1033,7/10/2020,F366+,98941,Provider_A,100,60,D,Presbyterian Health Plan,MID-101033X,0,,2246,40,0,0,40
ACC-20974364,Patient_1034,11/20/2020,F366+,98941,Provider_B,100,60,D,Presbyterian Health Plan,MID-101034X,0,,2113,40,0,0,40
ACC-28309201,Patient_1035,2/19/2024,F366+,98941,Provider_A,100,-2.58,B,Presbyterian Health Plan,MID-101035X,0,0000051727,906,0,0,67.58,35
ACC-10382476,Patient_1036,2/22/2024,F366+,98941,Provider_B,100,-2.58,B,Presbyterian Health Plan,MID-101036X,0,0000051872,906,0,0,67.58,35
ACC-48005821,Patient_1037,2/23/2024,F366+,98941,Provider_A,100,-2.58,B,Presbyterian Health Plan,MID-101037X,0,0000051987,906,0,0,67.58,35
ACC-66681014,Patient_1038,3/4/2024,F366+,98941,Provider_B,100,65,D,Presbyterian Health Plan,MID-101038X,0,0000057805,0,35,0,0,35
ACC-15659179,Patient_1039,5/2/2024,F366+,98941,Provider_A,100,65,D,Presbyterian Health Plan,MID-101039X,0,0000057806,0,35,0,0,35
ACC-37624086,Patient_1040,1/8/2024,F366+,98941,Provider_B,100,-2.58,B,Presbyterian Health Plan,MID-101040X,0,0000050319,966,0,0,67.58,35
ACC-40170417,Patient_1041,7/17/2024,F366+,98941,Provider_A,100,65,D,Presbyterian Health Plan,MID-101041X,0,0000056332,0,35,0,0,35
ACC-22913302,Patient_1042,8/1/2024,F366+,98941,Provider_B,100,65,D,Presbyterian Health Plan,MID-101042X,0,0000056922,0,35,0,0,35
ACC-50492504,Patient_1043,3/25/2024,F366+,98941,Provider_A,100,-2.58,B,Presbyterian Health Plan,MID-101043X,0,0000052914,889,0,0,67.58,35
ACC-48091000,Patient_1044,12/22/2021,F366+,98941,Provider_B,100,20,B,GEHA United Healthcare,MID-101044X,0,0000081216,300,0,0,50,30
ACC-26371882,Patient_1045,1/14/2022,F366+,98941,Provider_A,100,20,B,GEHA United Healthcare,MID-101045X,0,0000081217,300,0,0,50,30
ACC-45720847,Patient_1046,2/15/2022,F366+,98941,Provider_B,100,20,B,GEHA United Healthcare,MID-101046X,0,0000081218,300,0,0,50,30
ACC-15105609,Patient_1047,8/10/2026,A31-60,98941 [AT],Provider_A,100,16.79,B,Presbyterian Health Plan,MID-101047X,0,0000092677,13,0,0,63.21,20
ACC-37134175,Patient_1048,6/5/2024,F366+,98941,Provider_B,100,100,B,Cigna,MID-101048X,0,0000054982,815,0,0,0,0
ACC-18555937,Patient_1049,12/9/2022,F366+,98941,Provider_A,100,-12.42,P,Presbyterian Health Plan,MID-101049X,24.59,,1299,0,0,67.83,20
ACC-73887935,Patient_1050,10/11/2023,F366+,98941 [AT],Provider_B,100,-7.7,P,Novitas solutions inc,MID-101050X,30.2,0000047497,0,0,0,62.1,0
ACC-21893564,Patient_1051,10/11/2023,F366+,98941 [AT],Provider_A,100,-7.7,P,AARP Health Care Options United Healthcare,MID-101051X,15.4,,0,0,0,62.1,0
ACC-95035541,Patient_1052,3/12/2024,F366+,98941 [AT],Provider_B,100,30.82,B,Novitas,MID-101052X,0,0000057556,744,0,0,61.48,7.7
ACC-30536050,Patient_1053,4/8/2024,F366+,98941 [AT],Provider_A,100,30.82,B,Novitas,MID-101053X,0,0000057557,744,0,0,61.48,0
ACC-28568517,Patient_1054,4/15/2024,F366+,98941 [AT],Provider_B,100,30.82,B,Novitas,MID-101054X,0,0000057558,744,0,0,61.48,0
ACC-21188240,Patient_1055,6/17/2024,F366+,98941 [AT],Provider_A,100,30.82,B,Novitas,MID-101055X,0,0000057559,744,0,0,61.48,0
ACC-45451820,Patient_1056,8/26/2026,A31-60,98941 [AT],Provider_B,100,29.3,B,Novitas,MID-101056X,0,,8,0,0,63.37,0
ACC-81997304,Patient_1057,7/10/2024,F366+,98941,Provider_A,100,80,D,Presbyterian Health Plan,MID-101057X,0,0000056061,0,20,0,0,20
ACC-54690958,Patient_1058,8/6/2024,F366+,98941,Provider_B,100,80,D,Presbyterian Health Plan,MID-101058X,0,0000057306,0,20,0,0,20
ACC-63330770,Patient_1059,10/21/2024,F366+,98941,Provider_A,100,80,B,Presbyterian Health Plan,MID-101059X,0,0000060012,679,20,0,0,20
ACC-63280325,Patient_1060,1/15/2025,F366+,98941,Provider_B,100,80,B,Presbyterian Health Plan,MID-101060X,0,0000064113,594,20,0,0,20
ACC-61946034,Patient_1061,2/12/2025,F366+,98941,Provider_A,100,80,B,Presbyterian Health Plan,MID-101061X,0,0000065927,566,20,0,0,20
ACC-14520626,Patient_1062,9/2/2026,A0-30,97012 [GP],Provider_B,30,13.93,B,Presbyterian Health Plan,MID-101062X,0,0000093097,0,0,0,16.07,0
ACC-74273378,Patient_1063,9/2/2026,A0-30,98941,Provider_A,100,17.23,B,Presbyterian Health Plan,MID-101063X,0,0000093097,0,0,0,62.77,20
ACC-62417742,Patient_1064,8/25/2026,A31-60,98941 [AT],Provider_B,100,29.78,B,Novitas solutions inc,MID-101064X,0,,9,0,0,62.77,7.45
ACC-78756845,Patient_1065,2/9/2024,F366+,98941 [AT],Provider_A,100,100,D,AARP Medicare Advantage,MID-101065X,0,0000051527,0,0,0,0,0
ACC-43617511,Patient_1066,2/14/2024,F366+,98941 [AT],Provider_B,100,100,D,AARP Medicare Advantage,MID-101066X,0,0000051648,0,0,0,0,0
ACC-11092560,Patient_1067,8/26/2026,A31-60,97012 [GP],Provider_A,30,-26.85,B,Blue Cross Blue Shield of New Mexico,MID-101067X,0,0000092902,6,16.51,-11.85,20.17,28.36
ACC-35398145,Patient_1068,8/26/2026,A31-60,98943,Provider_B,50,50,B,Blue Cross Blue Shield of New Mexico,MID-101068X,0,0000092902,6,0,0,0,0
ACC-71974231,Patient_1069,4/15/2024,F366+,98941,Provider_A,100,-2.58,B,Presbyterian Health Plan,MID-101069X,0,0000053419,868,0,0,67.58,35
ACC-33540838,Patient_1070,8/28/2026,A31-60,97012 [GP],Provider_B,30,-5.17,B,Blue Cross Blue Shield of New Mexico,MID-101070X,0,0000092961,3,0,0,20.17,15
ACC-75388036,Patient_1071,8/28/2026,A31-60,98943,Provider_A,50,50,B,Blue Cross Blue Shield of New Mexico,MID-101071X,0,0000092961,3,0,0,0,0
ACC-84380112,Patient_1072,10/28/2024,F366+,98941 [AT],Provider_B,100,12.81,B,Presbyterian Health Plan,MID-101072X,0,0000060244,669,0,0,67.19,20
ACC-91875627,Patient_1073,8/27/2026,A31-60,98941,Provider_A,100,0.08,B,Presbyterian Health Plan,MID-101073X,0,0000092962,3,0,0,62.77,37.15
ACC-24379294,Patient_1074,8/26/2026,A31-60,97012 [GP],Provider_B,30,30,B,United HealthCare,MID-101074X,0,0000092918,6,0,0,0,0
ACC-73009300,Patient_1075,8/26/2026,A31-60,98941,Provider_A,100,45,B,United HealthCare,MID-101075X,0,0000092918,6,0,0,50,5
ACC-84653242,Patient_1076,9/18/2024,F366+,98941 [AT],Provider_B,100,100,D,United HealthCare Medicare Advantage,MID-101076X,0,0000058868,0,0,0,0,0
ACC-50771760,Patient_1077,7/29/2026,A61-90,98941 [AT],Provider_A,100,29,B,United HealthCare Medicare Advantage,MID-101077X,0,,36,0,0,71,0
ACC-77381183,Patient_1078,8/26/2026,A31-60,98941 [AT],Provider_B,100,29,B,United HealthCare Medicare Advantage,MID-101078X,0,,8,0,0,71,0
ACC-56074575,Patient_1079,8/27/2026,A31-60,97012 [GP],Provider_A,30,30,B,Blue Cross Blue Shield of New Mexico,MID-101079X,0,0000092963,3,0,0,0,0
ACC-23050941,Patient_1080,8/31/2026,A0-30,97012 [GP],Provider_B,30,30,B,Blue Cross Blue Shield of New Mexico,MID-101080X,0,0000093024,1,0,0,0,0
ACC-35868028,Patient_1081,1/3/2024,F366+,98941 [AT],Provider_A,100,12.42,B,Presbyterian Health Plan,MID-101081X,0,0000050191,968,0,0,67.58,20
ACC-31973728,Patient_1082,7/12/2024,F366+,98941 [AT],Provider_B,100,80,D,Presbyterian Health Plan,MID-101082X,0,0000056162,0,20,0,0,20
ACC-50953859,Patient_1083,8/2/2024,F366+,98941 [AT],Provider_A,100,100,D,Presbyterian Health Plan,MID-101083X,0,0000057088,0,0,0,0,0
ACC-19975059,Patient_1084,1/8/2025,F366+,98941 [AT],Provider_B,100,12.81,B,Presbyterian Health Plan,MID-101084X,0,0000063625,601,0,0,67.19,20
ACC-82708742,Patient_1085,1/28/2025,F366+,98941 [AT],Provider_A,100,12.81,B,Presbyterian Health Plan,MID-101085X,0,0000065170,580,0,0,67.19,20
ACC-28636365,Patient_1086,8/21/2026,A31-60,98941 [AT],Provider_B,100,16.79,B,Presbyterian Health Plan,MID-101086X,0,,13,0,0,63.21,20
ACC-73422655,Patient_1087,6/15/2022,F366+,98941,Provider_A,100,-12.3,P,Presbyterian Health Plan,MID-101087X,24.6,,0,0,0,67.7,20
ACC-31249466,Patient_1088,8/17/2026,A31-60,98941 [AT],Provider_B,100,22.86,B,Aetna Medicare Choice Plan,MID-101088X,0,,17,0,0,57.14,20
ACC-96754902,Patient_1089,3/4/2024,F366+,98941,Provider_A,100,-1.51,B,Aetna,MID-101089X,0,0000052181,910,0,0,62.56,38.95
ACC-38389715,Patient_1090,9/1/2026,A0-30,98941,Provider_B,100,22.86,B,Aetna,MID-101090X,0,0000093092,0,0,0,57.14,20
ACC-67554719,Patient_1091,7/8/2024,F366+,98941 [AT],Provider_A,39.27,39.27,D,Presbyterian Health Plan,MID-101091X,0,0000055923,0,0,0,0,0
ACC-50153015,Patient_1092,8/5/2024,F366+,98941 [AT],Provider_B,39.27,39.27,D,Presbyterian Health Plan,MID-101092X,0,0000057089,0,0,0,0,0
ACC-35386895,Patient_1093,10/25/2024,F366+,98941 [AT],Provider_A,39.27,12.42,B,Presbyterian Health Plan,MID-101093X,0,0000060246,669,13.15,-6.85,6.85,20
ACC-92685220,Patient_1094,1/2/2024,F366+,98941 [AT],Provider_B,100,12.42,B,Presbyterian Health Plan,MID-101094X,0,0000050213,968,0,0,67.58,20
ACC-35511488,Patient_1095,7/3/2024,F366+,98941 [AT],Provider_A,100,12.42,B,Presbyterian Health Plan,MID-101095X,0,0000055862,786,0,0,67.58,20
ACC-28558590,Patient_1096,7/16/2024,F366+,98941 [AT],Provider_B,100,100,D,Presbyterian Health Plan,MID-101096X,0,0000056347,0,0,0,0,0
ACC-87949326,Patient_1097,8/24/2026,A31-60,98941 [AT],Provider_A,100,21.79,B,Presbyterian Health Plan,MID-101097X,0,,10,0,0,63.21,15
ACC-41806016,Patient_1098,8/31/2026,A0-30,98941 [AT],Provider_B,100,21.79,B,Presbyterian Health Plan,MID-101098X,0,,3,0,0,63.21,15
ACC-69288145,Patient_1099,5/10/2024,F366+,98941 [AT],Provider_A,100,15,D,United Healthcare,MID-101099X,14,0000054177,822,0,0,71,0
ACC-80389996,Patient_1100,5/13/2024,F366+,98941 [AT],Provider_B,100,15,D,United Healthcare,MID-101100X,14,0000054178,822,0,0,71,0
ACC-12028360,Patient_1101,9/3/2024,F366+,98941 [AT],Provider_A,100,100,D,United Healthcare,MID-101101X,0,0000058354,0,0,0,0,0
ACC-63232224,Patient_1102,9/17/2024,F366+,98941 [AT],Provider_B,100,100,D,United Healthcare,MID-101102X,0,0000058918,0,0,0,0,0
ACC-99760772,Patient_1103,2/3/2025,F366+,98941 [AT],Provider_A,100,15,P,United Healthcare,MID-101103X,14,0000065338,0,0,0,71,0
ACC-35905641,Patient_1104,1/6/2025,F366+,98941,Provider_B,100,30,P,Surest,MID-101104X,20,0000063554,0,0,0,50,0
ACC-30170852,Patient_1105,1/6/2025,F366+,98941,Provider_A,100,30,B,Blue Cross Blue Shield of New Mexico,MID-101105X,0,0000084137,232,0,0,50,0
ACC-17760147,Patient_1106,1/8/2025,F366+,98941,Provider_B,100,30,P,Surest,MID-101106X,20,0000063713,0,0,0,50,0
ACC-10644992,Patient_1107,1/8/2025,F366+,98941,Provider_A,100,30,B,Blue Cross Blue Shield of New Mexico,MID-101107X,0,0000084138,232,0,0,50,0
ACC-37711568,Patient_1108,8/3/2026,A31-60,98941 [AT],Provider_B,100,80,B,Novitas,MID-101108X,0,,31,20,0,0,20
ACC-52429409,Patient_1109,8/17/2026,A31-60,98941 [AT],Provider_A,100,80,B,Novitas,MID-101109X,0,,17,20,0,0,20
ACC-11298955,Patient_1110,10/14/2024,F366+,98941,Provider_B,100,32.42,B,Presbyterian Health Plan,MID-101110X,0,0000059779,686,0,0,67.58,0
ACC-93861770,Patient_1111,8/27/2026,A31-60,97012 [GP],Provider_A,30,30,B,Presbyterian Health Plan,MID-101111X,0,0000093017,3,0,0,0,0
ACC-22518904,Patient_1112,8/27/2026,A31-60,98941,Provider_B,100,60,B,Presbyterian Health Plan,MID-101112X,0,0000093017,3,40,0,0,40
ACC-27521866,Patient_1113,9/2/2026,A0-30,97012 [GP],Provider_A,30,30,B,Presbyterian Health Plan,MID-101113X,0,0000093136,0,0,0,0,0
ACC-38278346,Patient_1114,9/2/2026,A0-30,98941,Provider_B,100,60,B,Presbyterian Health Plan,MID-101114X,0,0000093136,0,40,0,0,40
ACC-93033698,Patient_1115,2/21/2022,F366+,98941,Provider_A,100,-30,B,GEHA United Healthcare,MID-101115X,0,0000070130,486,0,0,80,50
ACC-41414426,Patient_1116,7/15/2024,F366+,98941,Provider_B,100,65,D,Presbyterian Health Plan,MID-101116X,0,0000056182,0,35,0,0,35
ACC-40756218,Patient_1117,7/26/2024,F366+,98941,Provider_A,100,65,D,Presbyterian Health Plan,MID-101117X,0,0000056770,0,35,0,0,35
ACC-40295019,Patient_1118,3/6/2025,F366+,98941,Provider_B,100,25,P,United Healthcare,MID-101118X,25,,473,20,-15,15,35
ACC-60911294,Patient_1119,8/24/2026,A31-60,97012 [GP],Provider_A,30,30,B,Presbyterian Health Plan,MID-101119X,0,0000092870,8,0,0,0,0
ACC-23514889,Patient_1120,8/24/2026,A31-60,98943,Provider_B,50,-11.42,B,Presbyterian Health Plan,MID-101120X,0,0000092870,8,12.88,-24.27,24.27,37.15
ACC-73500637,Patient_1121,8/28/2026,A31-60,97012 [GP],Provider_A,30,30,B,Presbyterian Health Plan,MID-101121X,0,0000093001,3,0,0,0,0
ACC-97669560,Patient_1122,8/28/2026,A31-60,98943,Provider_B,50,-11.42,B,Presbyterian Health Plan,MID-101122X,0,0000093001,3,12.88,-24.27,24.27,37.15
ACC-62833588,Patient_1123,1/3/2024,F366+,98941 [AT],Provider_A,100,12.42,B,Presbyterian Health Plan,MID-101123X,0,0000050192,968,0,0,67.58,20
ACC-40358676,Patient_1124,1/8/2025,F366+,98941 [AT],Provider_B,100,12.81,B,Presbyterian Health Plan,MID-101124X,0,0000063626,601,0,0,67.19,0
ACC-48494408,Patient_1125,1/21/2025,F366+,98941 [AT],Provider_A,100,12.81,B,Presbyterian Health Plan,MID-101125X,0,0000065003,587,0,0,67.19,0
ACC-99651189,Patient_1126,8/20/2026,A31-60,98941 [AT],Provider_B,100,16.79,B,Presbyterian Health Plan,MID-101126X,0,,14,0,0,63.21,20
ACC-81615684,Patient_1127,1/27/2021,F366+,98941,Provider_A,100,50,B,United HealthCare,MID-101127X,0,0000027381,2039,0,0,50,0
ACC-57178881,Patient_1128,4/18/2022,F366+,98941,Provider_B,100,50,B,United HealthCare,MID-101128X,0,0000036914,1486,0,0,50,0
ACC-83600826,Patient_1129,10/16/2023,F366+,98941 [AT],Provider_A,100,20,D,Humana Medicare,MID-101129X,18.15,0000047644,1030,0,0,61.85,0
ACC-73409604,Patient_1130,7/24/2024,F366+,98941 [AT],Provider_B,100,80,D,Humana Medicare,MID-101130X,0,0000056628,0,20,0,0,20
ACC-74647517,Patient_1131,7/29/2026,A61-90,98941 [AT],Provider_A,100,16.79,B,Humana Medicare,MID-101131X,0,,36,0,0,63.21,20
ACC-78639733,Patient_1132,8/26/2026,A31-60,98941 [AT],Provider_B,100,16.79,B,Humana Medicare,MID-101132X,0,,8,0,0,63.21,20
ACC-27539095,Patient_1133,2/14/2025,F366+,98941 [AT],Provider_A,100,12.17,B,Presbyterian Health Plan,MID-101133X,0,0000066027,563,0,0,67.83,20
ACC-23933105,Patient_1134,11/17/2025,A121-365,98941,Provider_B,100,37.15,P,Presbyterian Health Plan,MID-101134X,37.15,0000081892,263,0,0,25.7,0
ACC-57122213,Patient_1135,12/20/2023,F366+,98941 [AT],Provider_A,100,80,B,Life 1,MID-101135X,0,0000050067,980,20,0,0,20
ACC-20208789,Patient_1136,1/17/2024,F366+,98941 [AT],Provider_B,100,80,B,Life 1,MID-101136X,0,0000050686,954,20,0,0,20
ACC-74971540,Patient_1137,7/26/2024,F366+,98941 [AT],Provider_A,100,80,B,Life 1,MID-101137X,0,0000056784,763,20,0,0,20
ACC-61548195,Patient_1138,9/6/2024,F366+,98941 [AT],Provider_B,100,80,B,Life 1,MID-101138X,0,0000058522,721,20,0,0,20
ACC-51475378,Patient_1139,6/11/2025,F366+,98941 [AT],Provider_A,100,16.81,B,Life 1,MID-101139X,0,0000072780,447,0,0,63.19,20
ACC-48608422,Patient_1140,3/5/2024,F366+,98941,Provider_B,100,100,D,Presbyterian Health Plan,MID-101140X,0,0000058672,0,0,0,0,0
ACC-16156670,Patient_1141,5/7/2024,F366+,98941,Provider_A,100,100,D,Presbyterian Health Plan,MID-101141X,0,0000058673,0,0,0,0,0
ACC-53176905,Patient_1142,10/8/2024,F366+,98941,Provider_B,100,10,B,Presbyterian Health Plan,MID-101142X,0,,698,0,0,90,0
ACC-74642198,Patient_1143,10/15/2024,F366+,98941,Provider_A,100,10,B,Presbyterian Health Plan,MID-101143X,0,0000059899,681,0,0,90,0
ACC-69597424,Patient_1144,10/22/2024,F366+,98941,Provider_B,100,10,B,Presbyterian Health Plan,MID-101144X,0,0000060141,674,0,0,90,0
ACC-56688889,Patient_1145,10/29/2024,F366+,98941,Provider_A,100,10,B,Presbyterian Health Plan,MID-101145X,0,0000060423,667,0,0,90,0
ACC-79460102,Patient_1146,9/4/2020,F366+,98941,Provider_B,100,60,D,Aetna,MID-101146X,0,,2190,40,0,0,40
ACC-37849022,Patient_1147,9/14/2020,F366+,98941,Provider_A,100,60,D,Aetna,MID-101147X,0,,2180,40,0,0,40
ACC-79815257,Patient_1148,9/21/2020,F366+,98941,Provider_B,100,60,D,Aetna,MID-101148X,0,,2173,40,0,0,40
ACC-34102492,Patient_1149,10/5/2020,F366+,98941,Provider_A,100,60,D,Aetna,MID-101149X,0,,2159,40,0,0,40
ACC-48223028,Patient_1150,6/19/2026,A91-120,98941,Provider_B,100,85,B,Optum,MID-101150X,0,,76,15,0,0,15
ACC-95135554,Patient_1151,6/20/2024,F366+,98941,Provider_A,100,-2.58,B,Presbyterian Health Plan,MID-101151X,0,0000056338,772,0,0,67.58,35
ACC-91162534,Patient_1152,8/16/2022,F366+,98941 [AT],Provider_B,100,-7.72,P,Novitas solutions inc,MID-101152X,30.28,0000037170,0,0,0,62,0
ACC-10843081,Patient_1153,8/16/2022,F366+,98941 [AT],Provider_A,100,-7.72,P,AARP Health Care Options United Healthcare,MID-101153X,15.44,,1423,0,0,62,0
ACC-57056380,Patient_1154,8/5/2026,A31-60,98941 [AT],Provider_B,100,80,B,Novitas solutions inc,MID-101154X,0,,29,20,20,0,0
ACC-50999343,Patient_1155,1/2/2024,F366+,98941 [AT],Provider_A,40.41,32.42,B,Presbyterian Health Plan,MID-101155X,0,0000050199,968,0,0,7.99,0
ACC-56198147,Patient_1156,8/7/2024,F366+,98941 [AT],Provider_B,40.41,40.41,D,Presbyterian Health Plan,MID-101156X,0,0000057282,0,0,0,0,0
ACC-40073792,Patient_1157,1/31/2025,F366+,98941 [AT],Provider_A,40.41,12.17,B,Presbyterian Health Plan,MID-101157X,0,0000065255,577,11.76,-8.24,8.24,20
ACC-86279406,Patient_1158,2/17/2025,F366+,98941 [AT],Provider_B,40.41,12.17,B,Presbyterian Health Plan,MID-101158X,0,0000066097,561,11.76,-8.24,8.24,20
ACC-17794427,Patient_1159,8/25/2026,A31-60,98941,Provider_A,100,12.17,B,Presbyterian Health Plan,MID-101159X,0,0000092900,6,0,0,67.83,20
ACC-50642482,Patient_1160,12/18/2023,F366+,98941,Provider_B,100,-2.58,B,Presbyterian Health Plan,MID-101160X,0,0000049899,987,0,0,67.58,35
ACC-47353638,Patient_1161,7/8/2024,F366+,98941,Provider_A,100,65,D,Presbyterian Health Plan,MID-101161X,0,0000055925,0,35,0,0,35
ACC-48495780,Patient_1162,10/21/2024,F366+,98941,Provider_B,100,-2.58,B,Presbyterian Health Plan,MID-101162X,0,0000059996,679,0,0,67.58,35
ACC-53707374,Patient_1163,8/31/2026,A0-30,98943,Provider_A,50,12.77,B,Presbyterian Health Plan,MID-101163X,0,0000093027,1,37.23,0,0,37.23
ACC-79354890,Patient_1164,8/28/2026,A31-60,98941,Provider_B,100,0.14,B,Blue Cross Blue Shield of New Mexico,MID-101164X,0,0000092965,3,0,0,63.32,36.54
ACC-79294734,Patient_1165,7/31/2024,F366+,98941 [AT],Provider_A,100,7.59,P,Novitas solutions inc,MID-101165X,29.73,0000056929,0,0,0,62.68,0
ACC-96003763,Patient_1166,7/31/2024,F366+,98941 [AT],Provider_B,100,7.59,B,USAA Life Insurance,MID-101166X,0,,737,0,0,62.68,0
ACC-48361713,Patient_1167,7/29/2026,A61-90,98941 [AT],Provider_A,100,80,B,Novitas solutions inc,MID-101167X,0,,36,20,20,0,0
ACC-28573649,Patient_1168,8/12/2026,A31-60,98941 [AT],Provider_B,100,80,B,Novitas solutions inc,MID-101168X,0,,22,20,20,0,0
ACC-37584170,Patient_1169,8/26/2026,A31-60,98941 [AT],Provider_A,100,80,B,Novitas solutions inc,MID-101169X,0,,8,20,20,0,0
ACC-27392071,Patient_1170,8/26/2026,A31-60,98943,Provider_B,50,20,B,UMR,MID-101170X,0,0000092930,6,30,0,0,30
ACC-50133868,Patient_1171,1/4/2024,F366+,98941,Provider_A,50,-2.58,B,Presbyterian Health Plan,MID-101171X,0,0000050206,968,17.42,-17.58,17.58,35
ACC-49238053,Patient_1172,1/17/2024,F366+,98941,Provider_B,50,-2.58,B,Presbyterian Health Plan,MID-101172X,0,0000050655,954,17.42,-17.58,17.58,35
ACC-57006921,Patient_1173,8/17/2026,A31-60,98941 [AT],Provider_A,100,29.72,B,Novitas solutions inc,MID-101173X,0,,17,0,0,62.85,0
ACC-12713044,Patient_1174,8/24/2026,A31-60,98941 [AT],Provider_B,100,29.72,B,Novitas solutions inc,MID-101174X,0,,10,0,0,62.85,0
ACC-62970848,Patient_1175,11/20/2023,F366+,98941 [AT],Provider_A,100,20,D,AARP Medicare Advantage,MID-101175X,8.82,0000048918,982,0,0,71.18,0
ACC-42840256,Patient_1176,12/21/2023,F366+,98941 [AT],Provider_B,100,71.18,D,AARP Medicare Advantage,MID-101176X,8.82,0000050059,954,20,0,0,20
ACC-60361096,Patient_1177,7/29/2026,A61-90,98941,Provider_A,100,80,B,United HealthCare Medicare Advantage,MID-101177X,0,,36,20,0,0,20
ACC-80103687,Patient_1178,8/12/2026,A31-60,98941,Provider_B,100,80,B,United HealthCare Medicare Advantage,MID-101178X,0,,22,20,0,0,20
ACC-52707908,Patient_1179,8/19/2026,A31-60,98941,Provider_A,100,80,B,United HealthCare Medicare Advantage,MID-101179X,0,,15,20,0,0,20
ACC-87013647,Patient_1180,8/26/2026,A31-60,98941,Provider_B,100,80,B,United HealthCare Medicare Advantage,MID-101180X,0,,8,20,0,0,20
ACC-81257210,Patient_1181,8/10/2026,A31-60,98941 [AT],Provider_A,100,80,B,Novitas solutions inc,MID-101181X,0,,24,20,20,0,0
ACC-87018833,Patient_1182,8/12/2022,F366+,98941 [AT],Provider_B,100,-7.72,P,Novitas solutions inc,MID-101182X,30.28,0000040436,0,0,0,62,0
ACC-59358602,Patient_1183,8/12/2022,F366+,98941 [AT],Provider_A,100,-7.72,P,AARP Health Care Options United Healthcare,MID-101183X,15.44,,1257,0,0,62,0
ACC-21243104,Patient_1184,5/7/2026,A121-365,98941,Provider_B,100,22.86,B,Aetna,MID-101184X,0,0000089277,115,0,0,57.14,0
ACC-56515710,Patient_1185,7/17/2024,F366+,98941,Provider_A,100,65,D,Presbyterian Health Plan,MID-101185X,0,0000056349,0,35,0,0,35
ACC-46584584,Patient_1186,4/1/2022,F366+,98941 [AT],Provider_B,100,-38.62,P,Novitas solutions inc,MID-101186X,0,0000034773,0,0,0,61.38,0
ACC-97641475,Patient_1187,4/1/2022,F366+,98941 [AT],Provider_A,100,-38.62,P,AARP Health Care Options United Healthcare,MID-101187X,77.24,,1563,0,0,61.38,0
ACC-90476169,Patient_1188,8/5/2022,F366+,98941 [AT],Provider_B,100,-7.47,P,Novitas solutions inc,MID-101188X,29.27,0000036925,0,0,0,61.98,0
ACC-28253126,Patient_1189,8/5/2022,F366+,98941 [AT],Provider_A,100,-7.47,P,AARP Health Care Options United Healthcare,MID-101189X,16.22,,1423,0,0,61.98,0
ACC-66045811,Patient_1190,8/14/2026,A31-60,98941 [AT],Provider_B,100,80,B,Novitas solutions inc,MID-101190X,0,,20,20,0,0,20
ACC-36413466,Patient_1191,3/15/2024,F366+,98941 [AT],Provider_A,100,7.59,P,Novitas solutions inc,MID-101191X,29.73,0000052651,0,0,0,62.68,0
ACC-98614333,Patient_1192,3/15/2024,F366+,98941 [AT],Provider_B,100,7.59,B,United World Life Insurance CO,MID-101192X,0,,882,0,0,62.68,0
ACC-46164214,Patient_1193,5/16/2025,F366+,98941,Provider_A,100,5.41,B,Blue Cross Blue Shield of New Mexico,MID-101193X,0,0000071052,472,0,0,63.32,31.27
ACC-81548520,Patient_1194,5/28/2025,F366+,98941,Provider_B,100,29.35,B,Blue Cross Blue Shield of New Mexico,MID-101194X,0,0000071464,461,0,0,63.32,7.33
ACC-38343217,Patient_1195,9/2/2026,A0-30,97012 [GP],Provider_A,30,9.83,B,Blue Cross Blue Shield of New Mexico,MID-101195X,0,0000093085,0,0,0,20.17,0
ACC-79990749,Patient_1196,9/2/2026,A0-30,98941,Provider_B,100,29.35,B,Blue Cross Blue Shield of New Mexico,MID-101196X,0,0000093085,0,0,0,63.32,7.33
ACC-10765596,Patient_1197,4/6/2022,F366+,98941,Provider_A,55,-2.81,B,Blue Cross Blue Shield of New Mexico,MID-101197X,0,0000034897,1605,20.89,20.89,18.46,0
ACC-82299507,Patient_1198,4/11/2022,F366+,98941,Provider_B,55,-2.81,B,Blue Cross Blue Shield of New Mexico,MID-101198X,0,0000034897,1605,20.89,20.89,18.46,0
ACC-94891681,Patient_1199,8/10/2026,A31-60,98941,Provider_A,100,80,B,United Healthcare,MID-101199X,0,0000092749,13,20,20,0,0
ACC-23605721,Patient_1200,8/31/2026,A0-30,98941,Provider_B,100,80,B,United Healthcare,MID-101200X,0,,3,20,20,0,0
ACC-17612782,Patient_1201,8/12/2026,A31-60,98941 [AT],Provider_A,40.41,22.23,B,Blue Cross Blue Shield Medicare Advantage,MID-101201X,0,,22,11.82,-3.18,3.18,15
ACC-28980191,Patient_1202,12/19/2022,F366+,98941,Provider_B,100,-2.81,B,Blue Cross Blue Shield of New Mexico,MID-101202X,0,0000039503,1353,0,0,63.46,8.46
ACC-14957063,Patient_1203,9/9/2024,F366+,98941,Provider_A,100,100,D,Presbyterian Health Plan,MID-101203X,0,0000058605,0,0,0,0,0
ACC-26979275,Patient_1204,1/29/2024,F366+,98941,Provider_B,100,100,B,HealthScope Benefits,MID-101204X,0,0000052897,891,0,0,0,0
ACC-35765543,Patient_1205,2/14/2024,F366+,98941,Provider_A,100,100,B,HealthScope Benefits,MID-101205X,0,0000052898,891,0,0,0,0
ACC-70265822,Patient_1206,8/19/2024,F366+,98941,Provider_B,100,37.09,B,Blue Cross Blue Shield of New Mexico,MID-101206X,0,0000057701,742,0,0,62.91,0
ACC-53703713,Patient_1207,8/24/2026,A31-60,97012 [GP],Provider_A,30,30,B,Blue Cross Blue Shield of New Mexico,MID-101207X,0,0000092833,8,0,0,0,0
ACC-11448023,Patient_1208,7/16/2024,F366+,98941,Provider_B,100,65,D,Presbyterian Health Plan,MID-101208X,0,0000056343,0,35,0,0,35
ACC-69861891,Patient_1209,7/23/2024,F366+,98941,Provider_A,100,65,D,Presbyterian Health Plan,MID-101209X,0,0000056624,0,35,0,0,35
ACC-60936090,Patient_1210,2/3/2021,F366+,98941,Provider_B,100,9.15,D,Blue Cross Blue Shield of New Mexico,MID-101210X,0,,2038,0,0,60.85,30
ACC-83275301,Patient_1211,6/21/2021,F366+,98941,Provider_A,100,9.15,D,Blue Cross Blue Shield of New Mexico,MID-101211X,0,,1900,0,0,60.85,30
ACC-85295289,Patient_1212,11/8/2023,F366+,98941,Provider_B,100,-2.26,B,Blue Cross Blue Shield of New Mexico,MID-101212X,0,0000048442,1024,0,0,62.91,39.35
ACC-93584665,Patient_1213,2/7/2024,F366+,98941,Provider_A,100,-2.26,B,Blue Cross Blue Shield of New Mexico,MID-101213X,0,0000051411,933,0,0,62.91,39.35
ACC-61392054,Patient_1214,3/18/2024,F366+,98941 [AT],Provider_B,40.41,18.15,B,Humana Medicare,MID-101214X,0,0000052662,896,17.74,-2.26,2.26,20
ACC-99180674,Patient_1215,8/10/2026,A31-60,98941 [AT],Provider_A,40.41,17.57,B,Humana Medicare,MID-101215X,0,,24,17.16,-2.84,2.84,20
ACC-20853950,Patient_1216,8/5/2026,A31-60,98941 [AT],Provider_B,100,9,B,United Healthcare,MID-101216X,0,0000092687,13,0,0,71,20
ACC-41908507,Patient_1217,7/2/2024,F366+,98941 [AT],Provider_A,100,7.59,P,Novitas solutions inc,MID-101217X,29.73,0000055856,0,0,0,62.68,0
ACC-18247327,Patient_1218,7/2/2024,F366+,98941 [AT],Provider_B,100,7.59,B,Aetna Senior Supplemental Insurance,MID-101218X,0,,770,0,0,62.68,0
ACC-93237222,Patient_1219,8/6/2024,F366+,98941 [AT],Provider_A,100,7.59,P,Novitas solutions inc,MID-101219X,29.73,0000057289,0,0,0,62.68,0
ACC-93064627,Patient_1220,8/6/2024,F366+,98941 [AT],Provider_B,100,7.59,B,Aetna Senior Supplemental Insurance,MID-101220X,0,0000057965,735,0,0,62.68,0
ACC-37301990,Patient_1221,9/3/2024,F366+,98941 [AT],Provider_A,100,7.59,P,Novitas solutions inc,MID-101221X,29.73,0000058325,0,0,0,62.68,0
ACC-79420553,Patient_1222,7/2/2024,F366+,98941 [AT],Provider_B,100,7.59,P,Novitas solutions inc,MID-101222X,29.73,0000055857,0,0,0,62.68,0
ACC-33734097,Patient_1223,7/2/2024,F366+,98941 [AT],Provider_A,100,7.59,B,Aetna Senior Supplemental Insurance,MID-101223X,0,,770,0,0,62.68,0
ACC-90964169,Patient_1224,8/6/2024,F366+,98941 [AT],Provider_B,100,7.59,P,Novitas solutions inc,MID-101224X,29.73,0000057291,0,0,0,62.68,0
ACC-71818166,Patient_1225,9/3/2024,F366+,98941 [AT],Provider_A,100,7.59,P,Novitas solutions inc,MID-101225X,29.73,0000058327,0,0,0,62.68,0
ACC-11491399,Patient_1226,8/19/2022,F366+,98941 [AT],Provider_B,100,-7.72,P,Novitas solutions inc,MID-101226X,30.28,0000037182,0,0,0,62,0
ACC-51659730,Patient_1227,8/19/2022,F366+,98941 [AT],Provider_A,100,-7.72,P,AARP Health Care Options United Healthcare,MID-101227X,15.44,,1423,0,0,62,0
ACC-97850243,Patient_1228,8/11/2026,A31-60,98941 [AT],Provider_B,100,80,B,Novitas solutions inc,MID-101228X,0,,23,20,4.35,0,15.65
ACC-17852075,Patient_1229,3/4/2024,F366+,98941 [AT],Provider_A,100,12.42,B,Presbyterian Health Plan,MID-101229X,0,0000052179,910,0,0,67.58,20
ACC-61318217,Patient_1230,7/15/2024,F366+,98941 [AT],Provider_B,100,80,D,Presbyterian Health Plan,MID-101230X,0,0000056170,0,20,0,0,20
ACC-77723649,Patient_1231,10/25/2024,F366+,98941 [AT],Provider_A,100,12.81,B,Presbyterian Health Plan,MID-101231X,0,0000060252,669,0,0,67.19,20
ACC-37188771,Patient_1232,1/15/2025,F366+,98941 [AT],Provider_B,100,12.17,B,Presbyterian Health Plan,MID-101232X,0,0000064096,594,0,0,67.83,20
ACC-25501551,Patient_1233,10/14/2020,F366+,98941 [AT],Provider_A,100,-20.15,P,Presbyterian Health Plan,MID-101233X,40.3,,1390,0,0,59.85,20
ACC-36834400,Patient_1234,7/12/2024,F366+,98941 [AT],Provider_B,100,80,D,Presbyterian Health Plan,MID-101234X,0,0000056171,0,20,0,0,20
ACC-86062637,Patient_1235,7/11/2025,F366+,98941 [AT],Provider_A,100,9,D,Presbyterian Health Plan,MID-101235X,0,,419,0,0,71,20
ACC-10409837,Patient_1236,10/16/2024,F366+,98941,Provider_B,100,2.42,B,Presbyterian Health Plan,MID-101236X,0,0000059859,681,0,0,67.58,30
ACC-74826561,Patient_1237,1/16/2025,F366+,98941,Provider_A,100,2.42,B,Presbyterian Health Plan,MID-101237X,0,0000064812,591,0,0,67.58,30
ACC-39006842,Patient_1238,2/7/2025,F366+,98941,Provider_B,100,2.42,B,Presbyterian Health Plan,MID-101238X,0,0000065538,570,0,0,67.58,30
ACC-80269347,Patient_1239,8/28/2026,A31-60,97012 [GP],Provider_A,30,13.93,B,Presbyterian Health Plan,MID-101239X,0,0000092967,3,0,0,16.07,0
ACC-10983321,Patient_1240,8/28/2026,A31-60,98941,Provider_B,100,7.23,B,Presbyterian Health Plan,MID-101240X,0,0000092967,3,0,0,62.77,30
ACC-71826266,Patient_1241,9/2/2026,A0-30,97012 [GP],Provider_A,30,13.93,B,Presbyterian Health Plan,MID-101241X,0,0000093086,0,0,0,16.07,0
ACC-87242108,Patient_1242,9/2/2026,A0-30,98941,Provider_B,100,7.23,B,Presbyterian Health Plan,MID-101242X,0,0000093086,0,0,0,62.77,30
ACC-49479377,Patient_1243,1/17/2024,F366+,98941 [AT],Provider_A,100,100,D,AARP Medicare Advantage,MID-101243X,0,0000050741,0,0,0,0,0
ACC-81251212,Patient_1244,2/21/2024,F366+,98941 [AT],Provider_B,100,100,D,AARP Medicare Advantage,MID-101244X,0,0000051953,0,0,0,0,0
ACC-15709383,Patient_1245,3/20/2024,F366+,98941 [AT],Provider_A,100,86.28,D,AARP Medicare Advantage,MID-101245X,13.72,0000052852,833,0,0,0,0
ACC-96547510,Patient_1246,8/5/2024,F366+,98941 [AT],Provider_B,100,71.28,D,AARP Medicare Advantage,MID-101246X,13.72,0000057131,718,15,0,0,15
ACC-52109840,Patient_1247,9/9/2020,F366+,97014 [GP],Provider_A,35,35,B,State Farm Insurance,MID-101247X,0,0000082472,274,0,0,0,0
ACC-54740772,Patient_1248,9/9/2020,F366+,98941,Provider_B,100,100,B,State Farm Insurance,MID-101248X,0,0000082472,274,0,0,0,0
ACC-44889396,Patient_1249,9/9/2020,F366+,99203 [25],Provider_A,275,275,B,State Farm Insurance,MID-101249X,0,0000082472,274,0,0,0,0
ACC-48053889,Patient_1250,9/11/2020,F366+,97014 [GP],Provider_B,35,35,B,State Farm Insurance,MID-101250X,0,0000082473,274,0,0,0,0
ACC-72596896,Patient_1251,9/11/2020,F366+,98941,Provider_A,100,100,B,State Farm Insurance,MID-101251X,0,0000082473,274,0,0,0,0
ACC-12420948,Patient_1252,9/14/2020,F366+,97014 [GP],Provider_B,35,35,B,State Farm Insurance,MID-101252X,0,0000082474,274,0,0,0,0
ACC-98020354,Patient_1253,9/14/2020,F366+,98941,Provider_A,100,100,B,State Farm Insurance,MID-101253X,0,0000082474,274,0,0,0,0
ACC-46018774,Patient_1254,10/28/2024,F366+,98941 [AT],Provider_B,100,12.41,B,Presbyterian Health Plan,MID-101254X,0,0000060253,669,0,0,67.59,4.14
ACC-88860472,Patient_1255,8/24/2026,A31-60,98941 [AT],Provider_A,100,80,B,Novitas solutions inc,MID-101255X,0,,10,20,0,0,20
ACC-73129073,Patient_1256,3/7/2024,F366+,98941,Provider_B,100,100,B,Cigna,MID-101256X,0,0000052385,905,0,0,0,0
ACC-85014578,Patient_1257,3/8/2024,F366+,98941,Provider_A,100,100,B,Cigna,MID-101257X,0,0000052504,903,0,0,0,0
ACC-74352058,Patient_1258,9/1/2026,A0-30,97012 [GP],Provider_B,30,30,B,United HealthCare,MID-101258X,0,0000093087,0,0,0,0,0
ACC-28121811,Patient_1259,7/29/2024,F366+,98941 [AT],Provider_A,100,80,D,Presbyterian Health Plan,MID-101259X,0,0000056763,0,20,0,0,20
ACC-65606817,Patient_1260,8/31/2026,A0-30,97012 [GP],Provider_B,30,-20,B,United HealthCare,MID-101260X,0,0000093041,1,50,20,0,30
ACC-14962349,Patient_1261,8/31/2026,A0-30,98941,Provider_A,100,100,B,United HealthCare,MID-101261X,0,0000093041,1,0,0,0,0
ACC-72492761,Patient_1262,7/9/2021,F366+,98941 [AT],Provider_B,100,-7.79,P,Novitas solutions inc,MID-101262X,31.15,0000030367,0,0,0,61.06,0
ACC-53858119,Patient_1263,7/9/2021,F366+,98941 [AT],Provider_A,100,-7.79,P,AARP Health Care Options United Healthcare,MID-101263X,15.58,0000030779,1810,0,0,61.06,0
ACC-72551665,Patient_1264,1/23/2024,F366+,98941 [AT],Provider_B,100,100,D,AARP Medicare Advantage,MID-101264X,0,0000050894,0,0,0,0,0
ACC-65983454,Patient_1265,2/20/2024,F366+,98941 [AT],Provider_A,100,100,D,AARP Medicare Advantage,MID-101265X,0,0000051911,0,0,0,0,0
ACC-92951752,Patient_1266,3/19/2024,F366+,98941 [AT],Provider_B,100,100,D,AARP Medicare Advantage,MID-101266X,0,0000052680,834,0,0,0,0
ACC-42126490,Patient_1267,4/16/2024,F366+,98941 [AT],Provider_A,100,100,D,AARP Medicare Advantage,MID-101267X,0,0000053526,0,0,0,0,0
ACC-88095382,Patient_1268,6/5/2024,F366+,98941 [AT],Provider_B,100,86.28,D,AARP Medicare Advantage,MID-101268X,13.72,0000054930,789,0,0,0,0
ACC-27968711,Patient_1269,6/17/2024,F366+,98941 [AT],Provider_A,100,71.28,D,AARP Medicare Advantage,MID-101269X,13.72,0000055295,757,15,0,0,15
ACC-40148896,Patient_1270,8/19/2024,F366+,98941 [AT],Provider_B,100,66.28,D,AARP Medicare Advantage,MID-101270X,13.72,0000057718,0,20,0,0,20
ACC-74987455,Patient_1271,10/1/2024,F366+,98941 [AT],Provider_A,100,66.28,D,AARP Medicare Advantage,MID-101271X,13.72,0000059421,667,20,0,0,20
ACC-46774312,Patient_1272,8/11/2026,A31-60,98941 [AT],Provider_B,100,80,B,AARP Medicare Advantage,MID-101272X,0,,23,20,0,0,20
ACC-63836219,Patient_1273,8/18/2026,A31-60,98941 [AT],Provider_A,100,80,B,AARP Medicare Advantage,MID-101273X,0,,16,20,0,0,20
ACC-90915311,Patient_1274,9/2/2026,A0-30,97012 [GP],Provider_B,30,-23.22,B,Presbyterian Health Plan,MID-101274X,0,0000093089,0,21.08,-6.98,16.07,28.06
ACC-20235650,Patient_1275,9/2/2026,A0-30,98943,Provider_A,50,50,B,Presbyterian Health Plan,MID-101275X,0,0000093089,0,0,0,0,0
ACC-36324689,Patient_1276,7/17/2024,F366+,98941,Provider_B,100,67.58,D,Presbyterian Health Plan,MID-101276X,0,0000056346,0,32.42,0,0,32.42
ACC-67019972,Patient_1277,4/26/2024,F366+,98941,Provider_A,100,50,B,Presbyterian Health Plan,MID-101277X,0,,849,0,0,50,0
ACC-56282801,Patient_1278,1/9/2024,F366+,98941 [AT],Provider_B,100,20.51,P,Aetna Medicare Choice Plan,MID-101278X,18.01,0000050424,0,0,0,61.48,0
ACC-24123470,Patient_1279,2/4/2025,F366+,98941 [AT],Provider_A,100,62.85,B,Cigna Medicare Supplement Insurance,MID-101279X,0,0000069312,503,37.15,0,0,37.15
ACC-95017779,Patient_1280,3/4/2025,F366+,98941 [AT],Provider_B,100,62.85,B,Cigna Medicare Supplement Insurance,MID-101280X,0,0000069313,503,37.15,0,0,37.15
ACC-26427385,Patient_1281,4/1/2025,F366+,98941 [AT],Provider_A,100,62.85,B,Cigna Medicare Supplement Insurance,MID-101281X,0,0000069124,505,37.15,0,0,37.15
ACC-95561327,Patient_1282,2/4/2026,A121-365,98941 [AT],Provider_B,100,7.45,P,Novitas,MID-101282X,29.18,0000091329,0,0,0,63.37,0
ACC-86484303,Patient_1283,2/4/2026,A121-365,98941 [AT],Provider_A,100,7.45,B,Cigna Medicare Supplement Insurance,MID-101283X,0,,46,0,0,63.37,0
ACC-39230630,Patient_1284,3/2/2026,A121-365,98941 [AT],Provider_B,100,7.45,P,Novitas,MID-101284X,29.18,0000091330,0,0,0,63.37,0
ACC-99541963,Patient_1285,3/2/2026,A121-365,98941 [AT],Provider_A,100,7.45,B,Cigna Medicare Supplement Insurance,MID-101285X,0,,46,0,0,63.37,0
ACC-72251208,Patient_1286,5/12/2026,A121-365,98941 [AT],Provider_B,100,7.45,P,Novitas,MID-101286X,29.18,0000091331,0,0,0,63.37,0
ACC-95367441,Patient_1287,5/12/2026,A121-365,98941 [AT],Provider_A,100,7.45,B,Cigna Medicare Supplement Insurance,MID-101287X,0,,46,0,0,63.37,0
ACC-56947736,Patient_1288,6/23/2026,A91-120,98941 [AT],Provider_B,100,7.45,P,Novitas,MID-101288X,29.18,0000091332,0,0,0,63.37,0
ACC-25591701,Patient_1289,6/23/2026,A91-120,98941 [AT],Provider_A,100,7.45,B,Cigna Medicare Supplement Insurance,MID-101289X,0,,46,0,0,63.37,0
ACC-79342264,Patient_1290,7/28/2026,A61-90,98941 [AT],Provider_B,100,29.78,B,Novitas,MID-101290X,0,,37,0,0,62.77,7.45
ACC-71663516,Patient_1291,7/11/2024,F366+,98941,Provider_A,100,100,D,Presbyterian Health Plan,MID-101291X,0,0000056044,0,0,0,0,0
ACC-27754728,Patient_1292,8/2/2024,F366+,98941,Provider_B,100,100,D,Presbyterian Health Plan,MID-101292X,0,0000057098,0,0,0,0,0
ACC-65674519,Patient_1293,1/10/2025,F366+,98941,Provider_A,100,-2.58,B,Presbyterian Health Plan,MID-101293X,0,0000063796,598,0,0,67.58,35
ACC-72183960,Patient_1294,1/20/2025,F366+,98941,Provider_B,100,-2.58,B,Presbyterian Health Plan,MID-101294X,0,0000064879,589,0,0,67.58,35
ACC-72730603,Patient_1295,2/3/2025,F366+,98941,Provider_A,100,-2.58,B,Presbyterian Health Plan,MID-101295X,0,0000066296,559,0,0,67.58,35
ACC-10090984,Patient_1296,2/12/2025,F366+,98941,Provider_B,100,-2.58,B,Presbyterian Health Plan,MID-101296X,0,0000066297,559,0,0,67.58,35
ACC-88986157,Patient_1297,9/2/2026,A0-30,97012 [GP],Provider_A,30,13.93,B,Presbyterian Health Plan,MID-101297X,0,0000093091,0,0,0,16.07,0
ACC-48629161,Patient_1298,9/2/2026,A0-30,98941,Provider_B,100,-2.77,B,Presbyterian Health Plan,MID-101298X,0,0000093091,0,0,0,62.77,40
ACC-77033906,Patient_1299,1/2/2024,F366+,98941 [AT],Provider_A,100,12.42,B,Presbyterian Health Plan,MID-101299X,0,0000050216,968,0,0,67.58,20
ACC-48236270,Patient_1300,7/11/2024,F366+,98941,Provider_B,100,60,D,Presbyterian Health Plan,MID-101300X,0,0000056299,0,40,0,0,40
ACC-49721494,Patient_1301,10/16/2024,F366+,98941,Provider_A,100,-40,B,Presbyterian Health Plan,MID-101301X,0,0000059924,681,0,0,100,40
ACC-64165444,Patient_1302,1/2/2025,F366+,98941,Provider_B,100,-40,B,Presbyterian Health Plan,MID-101302X,0,0000063224,605,0,0,100,40
ACC-72592008,Patient_1303,8/26/2026,A31-60,97012 [GP],Provider_A,30,9.83,B,Blue Cross Blue Shield of New Mexico,MID-101303X,0,0000092909,6,0,0,20.17,0
ACC-47981060,Patient_1304,8/26/2026,A31-60,98941,Provider_B,100,-8.32,B,Blue Cross Blue Shield of New Mexico,MID-101304X,0,0000092909,6,0,0,63.32,45
ACC-97414673,Patient_1305,8/26/2026,A31-60,97012 [GP],Provider_A,30,9.83,B,Blue Cross Blue Shield of New Mexico,MID-101305X,0,0000092909,6,0,0,20.17,0
ACC-76999883,Patient_1306,8/26/2026,A31-60,98941,Provider_B,100,-8.32,B,Blue Cross Blue Shield of New Mexico,MID-101306X,0,0000092909,6,0,0,63.32,45
ACC-25368907,Patient_1307,8/27/2026,A31-60,97012 [GP],Provider_A,30,9.83,B,Blue Cross Blue Shield of New Mexico,MID-101307X,0,0000092977,3,0,0,20.17,0
ACC-32802742,Patient_1308,8/27/2026,A31-60,98941,Provider_B,100,-8.32,B,Blue Cross Blue Shield of New Mexico,MID-101308X,0,0000092977,3,0,0,63.32,45
ACC-51071516,Patient_1309,8/28/2026,A31-60,97012 [GP],Provider_A,30,9.83,B,Blue Cross Blue Shield of New Mexico,MID-101309X,0,0000092978,3,0,0,20.17,0
ACC-21320715,Patient_1310,8/28/2026,A31-60,98941,Provider_B,100,-8.32,B,Blue Cross Blue Shield of New Mexico,MID-101310X,0,0000092978,3,0,0,63.32,45
ACC-84198328,Patient_1311,9/2/2026,A0-30,97012 [GP],Provider_A,30,9.83,B,Blue Cross Blue Shield of New Mexico,MID-101311X,0,0000093100,0,0,0,20.17,0
ACC-43439287,Patient_1312,9/2/2026,A0-30,98941,Provider_B,100,-8.32,B,Blue Cross Blue Shield of New Mexico,MID-101312X,0,0000093100,0,0,0,63.32,17.51
ACC-56132701,Patient_1313,7/31/2026,A31-60,98941 [AT],Provider_A,40.41,29.78,B,Novitas solutions inc,MID-101313X,0,,34,4.27,-3.18,3.18,7.45
ACC-98565914,Patient_1314,3/1/2024,F366+,98941 [AT],Provider_B,40.41,38.52,B,Aetna Medicare Choice Plan,MID-101314X,0,0000052188,910,0,0,1.89,0
ACC-86927051,Patient_1315,5/1/2026,A121-365,98941 [AT],Provider_A,100,29.72,B,Novitas solutions inc,MID-101315X,0,0000088941,122,0,0,62.85,0
ACC-79858647,Patient_1316,8/2/2024,F366+,98941 [AT],Provider_B,100,100,D,Presbyterian Health Plan,MID-101316X,0,0000057099,0,0,0,0,0
ACC-30964929,Patient_1317,8/25/2026,A31-60,98941 [AT],Provider_A,100,0.08,B,Presbyterian Health Plan,MID-101317X,0,0000092936,6,0,0,62.77,37.15
ACC-42285722,Patient_1318,8/10/2026,A31-60,98941 [AT],Provider_B,40.41,32.33,B,Novitas solutions inc,MID-101318X,0,,24,8.08,0,0,8.08
ACC-56074324,Patient_1319,4/15/2024,F366+,98941 [AT],Provider_A,100,7.59,P,Novitas solutions inc,MID-101319X,29.73,0000053432,0,0,0,62.68,0
ACC-53150407,Patient_1320,4/15/2024,F366+,98941 [AT],Provider_B,100,7.59,B,United HealthCare,MID-101320X,0,,855,0,0,62.68,0
ACC-59926812,Patient_1321,8/23/2024,F366+,98941,Provider_A,100,36.86,B,Aetna,MID-101321X,0,0000057994,735,0,0,63.14,0
ACC-71197722,Patient_1322,8/28/2024,F366+,98941,Provider_B,100,36.86,B,Aetna,MID-101322X,0,0000058167,730,0,0,63.14,0
ACC-90840729,Patient_1323,9/2/2026,A0-30,97012 [GP],Provider_A,30,16.4,B,Aetna,MID-101323X,0,0000093104,0,0,0,13.6,0
ACC-48025133,Patient_1324,6/11/2025,F366+,98941,Provider_B,100,70,B,Truehealth New Mexico,MID-101324X,0,,352,30,0,0,30
ACC-37919333,Patient_1325,6/18/2025,F366+,98941,Provider_A,100,70,B,Truehealth New Mexico,MID-101325X,0,0000073919,440,30,0,0,30
ACC-72035660,Patient_1326,2/14/2024,F366+,98941 [AT],Provider_B,100,12.42,B,Presbyterian Health Plan,MID-101326X,0,0000051650,926,0,0,67.58,20
ACC-37309994,Patient_1327,1/8/2025,F366+,98941 [AT],Provider_A,100,12.81,B,Presbyterian Health Plan,MID-101327X,0,0000063640,601,0,0,67.19,0
ACC-24567158,Patient_1328,2/5/2025,F366+,98941 [AT],Provider_B,100,12.81,B,Presbyterian Health Plan,MID-101328X,0,0000065420,573,0,0,67.19,0
ACC-67636171,Patient_1329,9/2/2026,A0-30,98941 [AT],Provider_A,100,16.89,B,Presbyterian Health Plan,MID-101329X,0,,1,0,0,63.11,20
ACC-75916301,Patient_1330,7/9/2026,A61-90,98941,Provider_B,100,25,P,United HealthCare,MID-101330X,25,0000091532,0,0,0,50,0
ACC-91625201,Patient_1331,7/9/2026,A61-90,98941,Provider_A,100,25,B,Presbyterian Health Plan,MID-101331X,0,,0,0,0,50,0
ACC-79873966,Patient_1332,7/13/2026,A61-90,98941,Provider_B,100,25,P,United HealthCare,MID-101332X,25,0000091612,0,0,0,50,0
ACC-18355888,Patient_1333,7/13/2026,A61-90,98941,Provider_A,100,25,B,Presbyterian Health Plan,MID-101333X,0,,0,0,0,50,0
ACC-68308151,Patient_1334,7/29/2026,A61-90,98941,Provider_B,100,25,P,United HealthCare,MID-101334X,25,0000092212,0,0,0,50,0
ACC-91709942,Patient_1335,7/29/2026,A61-90,98941,Provider_A,100,25,B,Presbyterian Health Plan,MID-101335X,0,,0,0,0,50,0
ACC-32290397,Patient_1336,7/10/2024,F366+,98941,Provider_B,100,80,D,Presbyterian Health Plan,MID-101336X,0,0000056062,0,20,0,0,20
ACC-25761097,Patient_1337,10/21/2024,F366+,98941,Provider_A,100,36.9,B,Presbyterian Health Plan,MID-101337X,0,0000060013,679,0,0,43.1,20
ACC-73293312,Patient_1338,1/15/2025,F366+,98941,Provider_B,100,36.9,B,Presbyterian Health Plan,MID-101338X,0,0000064114,594,0,0,43.1,20
ACC-61348787,Patient_1339,2/12/2025,F366+,98941,Provider_A,100,36.9,B,Presbyterian Health Plan,MID-101339X,0,0000065928,566,0,0,43.1,20
ACC-67912142,Patient_1340,5/6/2024,F366+,98941,Provider_B,100,32.42,B,Presbyterian Health Plan,MID-101340X,0,,842,0,0,67.58,0
ACC-21151902,Patient_1341,9/12/2022,F366+,98941 [AT],Provider_A,100,-7.72,P,Novitas solutions inc,MID-101341X,30.28,0000037493,0,0,0,62,0
ACC-24456446,Patient_1342,9/12/2022,F366+,98941 [AT],Provider_B,100,-7.72,P,AARP Health Care Options United Healthcare,MID-101342X,15.44,0000037831,1200,0,0,62,0
ACC-77325144,Patient_1343,7/8/2024,F366+,98941,Provider_A,100,65,D,Presbyterian Health Plan,MID-101343X,0,0000055949,0,35,35,0,0
ACC-97681946,Patient_1344,7/22/2024,F366+,98941,Provider_B,100,65,D,Presbyterian Health Plan,MID-101344X,0,0000056503,0,0,0,35,0
ACC-10058093,Patient_1345,8/5/2024,F366+,98941,Provider_A,100,100,D,Presbyterian Health Plan,MID-101345X,0,0000057116,0,0,0,0,0
ACC-64885558,Patient_1346,10/28/2024,F366+,98941,Provider_B,100,32.42,B,Presbyterian Health Plan,MID-101346X,0,0000060265,669,0,0,67.58,0
ACC-36591496,Patient_1347,1/13/2025,F366+,98941,Provider_A,100,32.42,B,Presbyterian Health Plan,MID-101347X,0,0000063932,596,0,0,67.58,0
ACC-38308397,Patient_1348,1/27/2025,F366+,98941,Provider_B,100,32.42,B,Presbyterian Health Plan,MID-101348X,0,0000065112,582,0,0,67.58,0
ACC-61285777,Patient_1349,2/10/2025,F366+,98941,Provider_A,100,32.42,B,Presbyterian Health Plan,MID-101349X,0,0000065620,568,0,0,67.58,0
ACC-62969737,Patient_1350,5/11/2026,A121-365,98941 [AT],Provider_B,100,37.23,B,Novitas solutions inc,MID-101350X,0,0000089320,113,0,0,62.77,0
ACC-97345396,Patient_1351,5/7/2024,F366+,98941 [AT],Provider_A,100,12.42,B,Presbyterian Health Plan,MID-101351X,0,,842,0,0,67.58,20
ACC-29085883,Patient_1352,7/17/2024,F366+,98941 [AT],Provider_B,100,80,D,Presbyterian Health Plan,MID-101352X,0,0000056485,0,20,0,0,20
ACC-42241047,Patient_1353,7/30/2024,F366+,98941 [AT],Provider_A,100,80,D,Presbyterian Health Plan,MID-101353X,0,0000056941,0,20,0,0,20
ACC-64777085,Patient_1354,12/30/2024,F366+,98941 [AT],Provider_B,100,80,B,Presbyterian Health Plan,MID-101354X,0,0000063111,608,20,0,0,20
ACC-26835498,Patient_1355,5/3/2024,F366+,98941,Provider_A,100,32.42,B,Presbyterian Health Plan,MID-101355X,0,,842,0,0,67.58,0
ACC-98836995,Patient_1356,5/10/2024,F366+,98941,Provider_B,100,32.42,B,Presbyterian Health Plan,MID-101356X,0,,840,0,0,67.58,0
ACC-47949470,Patient_1357,1/3/2025,F366+,98941,Provider_A,100,32.42,B,Presbyterian Health Plan,MID-101357X,0,0000063211,605,0,0,67.58,0
ACC-56922899,Patient_1358,1/17/2025,F366+,98941,Provider_B,100,32.42,B,Presbyterian Health Plan,MID-101358X,0,0000064824,591,0,0,67.58,0
ACC-34129015,Patient_1359,2/26/2024,F366+,98941 [AT],Provider_A,100,63.05,P,Novitas solutions inc,MID-101359X,29.25,0000052005,0,7.7,7.7,0,0
ACC-78529379,Patient_1360,2/26/2024,F366+,98941 [AT],Provider_B,100,63.05,B,Blue Cross Blue Shield of New Mexico,MID-101360X,0,,904,7.7,7.7,0,0
ACC-24274401,Patient_1361,3/25/2024,F366+,98941 [AT],Provider_A,100,7.59,P,Novitas solutions inc,MID-101361X,29.73,0000052916,0,0,0,62.68,0
ACC-14529343,Patient_1362,3/25/2024,F366+,98941 [AT],Provider_B,100,7.59,B,Blue Cross Blue Shield of New Mexico,MID-101362X,0,,876,0,0,62.68,0
ACC-90086883,Patient_1363,5/17/2024,F366+,98941 [AT],Provider_A,100,7.59,P,Novitas solutions inc,MID-101363X,29.73,0000054365,0,0,0,62.68,0
ACC-39278854,Patient_1364,5/17/2024,F366+,98941 [AT],Provider_B,100,7.59,B,Blue Cross Blue Shield of New Mexico,MID-101364X,0,,819,0,0,62.68,0
ACC-10515574,Patient_1365,6/21/2024,F366+,98941 [AT],Provider_A,100,7.59,P,Novitas solutions inc,MID-101365X,29.73,0000055447,0,0,0,62.68,0
ACC-78323598,Patient_1366,6/21/2024,F366+,98941 [AT],Provider_B,100,7.59,B,Blue Cross Blue Shield of New Mexico,MID-101366X,0,,785,0,0,62.68,0
ACC-90369143,Patient_1367,8/20/2024,F366+,98941 [AT],Provider_A,100,7.59,P,Novitas solutions inc,MID-101367X,29.73,0000057830,0,0,0,62.68,0
ACC-76897106,Patient_1368,8/20/2024,F366+,98941 [AT],Provider_B,100,7.59,B,Blue Cross Blue Shield of New Mexico,MID-101368X,0,,724,0,0,62.68,0
ACC-14932921,Patient_1369,8/3/2026,A31-60,98941 [AT],Provider_A,100,80,B,Novitas solutions inc,MID-101369X,0,,31,20,12.55,0,7.45
ACC-78303347,Patient_1370,8/10/2026,A31-60,98941 [AT],Provider_B,100,80,B,Novitas solutions inc,MID-101370X,0,,24,20,20,0,0
ACC-92217401,Patient_1371,8/24/2026,A31-60,98941 [AT],Provider_A,100,80,B,Novitas solutions inc,MID-101371X,0,,10,20,20,0,0
ACC-10504430,Patient_1372,4/15/2024,F366+,98941,Provider_B,100,32.42,B,Presbyterian Health Plan,MID-101372X,0,,868,0,0,67.58,0
ACC-41480786,Patient_1373,10/17/2024,F366+,98941,Provider_A,100,32.42,B,Presbyterian Health Plan,MID-101373X,0,0000059865,681,0,0,67.58,0
ACC-30574680,Patient_1374,1/27/2025,F366+,98941,Provider_B,100,50,D,United HealthCare,MID-101374X,0,0000065098,0,50,0,0,50
ACC-54324641,Patient_1375,1/12/2022,F366+,98941,Provider_A,100,-2.81,B,Blue Cross Blue Shield of New Mexico,MID-101375X,0,0000033624,1689,0,0,63.46,39.35
ACC-20451168,Patient_1376,3/11/2024,F366+,98941 [AT],Provider_B,100,12.42,B,Presbyterian Health Plan,MID-101376X,0,0000052421,903,0,0,67.58,20
ACC-67233213,Patient_1377,5/1/2024,F366+,98941 [AT],Provider_A,100,12.42,B,Presbyterian Health Plan,MID-101377X,0,,849,0,0,67.58,20
ACC-58581120,Patient_1378,1/2/2024,F366+,98941 [AT],Provider_B,100,100,D,Novitas solutions inc,MID-101378X,0,0000050223,0,0,0,0,0
ACC-76005946,Patient_1379,1/2/2024,F366+,98941 [AT],Provider_A,100,100,D,Humana Medicare,MID-101379X,0,,0,0,0,0,0
ACC-29680571,Patient_1380,1/16/2024,F366+,98941 [AT],Provider_B,100,92.3,P,Novitas solutions inc,MID-101380X,0,0000050670,0,7.7,7.7,0,0
ACC-70495819,Patient_1381,1/16/2024,F366+,98941 [AT],Provider_A,100,92.3,B,Humana Medicare,MID-101381X,0,,949,7.7,7.7,0,0
ACC-70426456,Patient_1382,2/6/2024,F366+,98941 [AT],Provider_B,100,92.54,P,Novitas solutions inc,MID-101382X,0,0000051424,0,7.46,7.46,0,0
ACC-26333200,Patient_1383,2/6/2024,F366+,98941 [AT],Provider_A,100,92.54,B,Humana Medicare,MID-101383X,0,,926,7.46,7.46,0,0
ACC-83400995,Patient_1384,3/4/2024,F366+,98941 [AT],Provider_B,100,7.46,P,Novitas solutions inc,MID-101384X,29.25,0000052182,0,0,0,63.29,0
ACC-49986468,Patient_1385,3/4/2024,F366+,98941 [AT],Provider_A,100,7.46,B,Humana Medicare,MID-101385X,0,,897,0,0,63.29,0
ACC-20615771,Patient_1386,8/6/2024,F366+,98941 [AT],Provider_B,100,7.59,B,Novitas solutions inc,MID-101386X,29.73,0000057295,726,0,0,62.68,0
ACC-60590874,Patient_1387,8/6/2024,F366+,98941 [AT],Provider_A,100,7.59,B,Humana Medicare,MID-101387X,0,,738,0,0,62.68,0
ACC-12283652,Patient_1388,9/3/2024,F366+,98941 [AT],Provider_B,100,7.59,P,Novitas solutions inc,MID-101388X,29.73,0000058335,0,0,0,62.68,0
ACC-52377268,Patient_1389,9/3/2024,F366+,98941 [AT],Provider_A,100,7.59,B,Humana Medicare,MID-101389X,0,,698,0,0,62.68,0
ACC-87485923,Patient_1390,8/24/2026,A31-60,98941 [AT],Provider_B,100,80,B,Novitas solutions inc,MID-101390X,0,,10,20,20,0,0
ACC-20662508,Patient_1391,5/11/2026,A121-365,98941 [AT],Provider_A,100,92.57,B,Novitas solutions inc,MID-101391X,0,,69,7.43,7.43,0,0
ACC-26634617,Patient_1392,7/31/2026,A31-60,98941 [AT],Provider_B,100,80,B,Novitas solutions inc,MID-101392X,0,,34,20,20,0,0
ACC-72532324,Patient_1393,3/5/2024,F366+,S8990,Provider_A,60,60,B,Presbyterian Health Plan,MID-101393X,0,0000052356,905,0,0,0,0
ACC-33311268,Patient_1394,7/24/2024,F366+,98941,Provider_B,100,100,D,Presbyterian Health Plan,MID-101394X,0,0000056661,0,0,0,0,0
ACC-27532743,Patient_1395,4/12/2024,F366+,98941,Provider_A,100,12.41,B,Presbyterian Health Plan,MID-101395X,0,,868,0,0,67.59,20
ACC-24448290,Patient_1396,7/29/2024,F366+,98941 [AT],Provider_B,100,80,D,Presbyterian Health Plan,MID-101396X,0,0000056765,0,20,0,0,20
ACC-89194645,Patient_1397,3/1/2024,F366+,98941 [AT],Provider_A,100,18.52,B,Aetna Medicare Choice Plan,MID-101397X,0,0000052184,910,0,0,61.48,20
ACC-76987683,Patient_1398,8/10/2026,A31-60,98941 [AT],Provider_B,100,80,B,AARP Medicare Advantage,MID-101398X,0,,24,20,0,0,20
ACC-55599957,Patient_1399,8/26/2026,A31-60,98941 [AT],Provider_A,100,80,B,AARP Medicare Advantage,MID-101399X,0,,8,20,0,0,20
ACC-65245102,Patient_1400,9/2/2026,A0-30,98941 [AT],Provider_B,100,80,B,AARP Medicare Advantage,MID-101400X,0,,1,20,0,0,20
ACC-61269803,Patient_1401,1/3/2024,F366+,98941 [AT],Provider_A,100,32.42,B,Presbyterian Health Plan,MID-101401X,0,0000050224,968,0,0,67.58,0
ACC-63412107,Patient_1402,2/14/2024,F366+,98941 [AT],Provider_B,100,32.42,B,Presbyterian Health Plan,MID-101402X,0,0000051652,926,0,0,67.58,0
ACC-57733336,Patient_1403,8/26/2026,A31-60,98941 [AT],Provider_A,100,12.42,B,Presbyterian Health Plan,MID-101403X,0,0000092904,6,0,0,67.58,20
ACC-14453173,Patient_1404,9/2/2026,A0-30,98941 [AT],Provider_B,100,12.42,B,Presbyterian Health Plan,MID-101404X,0,0000093093,0,0,0,67.58,20
ACC-25115059,Patient_1405,10/16/2024,F366+,98941,Provider_A,100,100,B,Presbyterian Health Plan,MID-101405X,0,0000059876,681,0,0,0,0
ACC-18412198,Patient_1406,10/30/2024,F366+,98941,Provider_B,100,100,B,Presbyterian Health Plan,MID-101406X,0,0000060401,667,0,0,0,0
ACC-44811582,Patient_1407,3/3/2022,F366+,99203 [25],Provider_A,275,275,D,United HealthCare,MID-101407X,0,0000034725,0,0,0,0,0
ACC-59712937,Patient_1408,12/1/2023,F366+,98941,Provider_B,100,100,B,Aetna,MID-101408X,0,0000050885,947,0,0,0,0
ACC-33385181,Patient_1409,12/4/2023,F366+,98941,Provider_A,100,100,B,Aetna,MID-101409X,0,0000050886,947,0,0,0,0
ACC-70607495,Patient_1410,12/7/2023,F366+,98941,Provider_B,100,100,B,Aetna,MID-101410X,0,0000050887,947,0,0,0,0
ACC-13792109,Patient_1411,12/21/2023,F366+,98941,Provider_A,100,100,B,Aetna,MID-101411X,0,0000050888,947,0,0,0,0
ACC-41745474,Patient_1412,1/3/2024,F366+,98941,Provider_B,100,100,B,Aetna,MID-101412X,0,0000050889,947,0,0,0,0
ACC-33552656,Patient_1413,9/9/2024,F366+,98941 [AT],Provider_A,100,100,D,United HealthCare Medicare Advantage,MID-101413X,0,0000058504,0,0,0,0,0
ACC-19121610,Patient_1414,9/17/2024,F366+,98941 [AT],Provider_B,100,100,D,United HealthCare Medicare Advantage,MID-101414X,0,0000058904,0,0,0,0,0
ACC-94089611,Patient_1415,9/25/2024,F366+,98941 [AT],Provider_A,40.41,40.41,D,United HealthCare Medicare Advantage,MID-101415X,0,0000059179,0,0,0,0,0
ACC-27785211,Patient_1416,10/8/2024,F366+,98941 [AT],Provider_B,40.41,40.41,D,United HealthCare Medicare Advantage,MID-101416X,0,0000059689,0,0,0,0,0
ACC-73243175,Patient_1417,3/13/2024,F366+,98941 [AT],Provider_A,100,12.41,B,Presbyterian Health Plan,MID-101417X,0,,898,0,0,67.59,20
ACC-90900371,Patient_1418,1/22/2025,F366+,98941 [AT],Provider_B,100,12.17,B,Presbyterian Health Plan,MID-101418X,0,0000065016,587,0,0,67.83,20
ACC-47396105,Patient_1419,9/3/2024,F366+,98941,Provider_A,100,-8.53,B,GPA,MID-101419X,0,0000058339,723,0,0,70.99,37.54
ACC-25998966,Patient_1420,5/13/2025,F366+,98941,Provider_B,100,-1.43,P,GPA,MID-101420X,0,0000070869,0,0,0,63.89,37.54
ACC-34305696,Patient_1421,4/25/2022,F366+,98941 [AT],Provider_A,100,100,B,Blue Cross Medicare Advantage,MID-101421X,0,0000036969,1486,0,0,0,0
ACC-32395485,Patient_1422,4/25/2022,F366+,99203 [25],Provider_B,275,275,B,Blue Cross Medicare Advantage,MID-101422X,0,0000036969,1486,0,0,0,0
ACC-34535862,Patient_1423,5/4/2022,F366+,98941 [AT],Provider_A,100,100,B,Blue Cross Medicare Advantage,MID-101423X,0,0000036969,1486,0,0,0,0
ACC-58989790,Patient_1424,5/10/2022,F366+,98941 [AT],Provider_B,100,100,B,Blue Cross Medicare Advantage,MID-101424X,0,0000036969,1486,0,0,0,0
ACC-18031090,Patient_1425,5/18/2022,F366+,98941 [AT],Provider_A,100,100,B,Blue Cross Medicare Advantage,MID-101425X,0,0000036969,1486,0,0,0,0
ACC-77460969,Patient_1426,5/31/2022,F366+,98941 [AT],Provider_B,100,100,B,Blue Cross Medicare Advantage,MID-101426X,0,0000036969,1486,0,0,0,0
ACC-75609635,Patient_1427,9/7/2022,F366+,98941,Provider_A,100,80,D,Blue Cross Medicare Advantage,MID-101427X,0,0000038009,0,20,0,0,20
ACC-70789510,Patient_1428,1/3/2025,F366+,98941 [AT],Provider_B,100,12.81,B,Presbyterian Health Plan,MID-101428X,0,0000063236,605,0,0,67.19,20
ACC-95783906,Patient_1429,2/4/2025,F366+,98941 [AT],Provider_A,100,12.81,B,Presbyterian Health Plan,MID-101429X,0,0000065495,573,0,0,67.19,20
ACC-54738724,Patient_1430,1/8/2024,F366+,98941,Provider_B,100,75.16,D,Presbyterian Health Plan,MID-101430X,0,,0,24.84,0,0,24.84
ACC-59856247,Patient_1431,1/24/2024,F366+,98941,Provider_A,100,100,D,Presbyterian Health Plan,MID-101431X,0,,0,0,0,0,0
ACC-98772440,Patient_1432,4/24/2024,F366+,98941,Provider_B,100,67.58,P,Presbyterian Health Plan,MID-101432X,0,,0,32.42,0,0,32.42
ACC-55116445,Patient_1433,5/8/2024,F366+,98941,Provider_A,100,67.58,D,Presbyterian Health Plan,MID-101433X,0,0000057962,0,32.42,0,0,32.42
ACC-41200551,Patient_1434,7/3/2024,F366+,98941,Provider_B,100,67.58,D,Presbyterian Health Plan,MID-101434X,0,0000055868,0,32.42,0,0,32.42
ACC-42356501,Patient_1435,8/12/2026,A31-60,98941,Provider_A,100,0.08,B,Presbyterian Health Plan,MID-101435X,0,0000092571,20,0,0,62.77,37.15
ACC-76892800,Patient_1436,8/19/2026,A31-60,98941,Provider_B,100,0.08,B,Presbyterian Health Plan,MID-101436X,0,0000092737,13,0,0,62.77,37.07
ACC-36083107,Patient_1437,8/26/2026,A31-60,98941,Provider_A,100,0.08,B,Presbyterian Health Plan,MID-101437X,0,0000092926,6,0,0,62.77,0
ACC-86633067,Patient_1438,5/6/2024,F366+,98941,Provider_B,100,-2.58,B,Presbyterian Health Plan,MID-101438X,0,,842,0,0,67.58,35
ACC-82668915,Patient_1439,7/3/2024,F366+,98941,Provider_A,100,17.42,B,Presbyterian Health Plan,MID-101439X,0,0000055869,786,0,0,67.58,15
ACC-96384853,Patient_1440,8/2/2024,F366+,98941,Provider_B,100,85,D,Presbyterian Health Plan,MID-101440X,0,0000057107,0,15,0,0,15
ACC-71264710,Patient_1441,7/11/2024,F366+,98941,Provider_A,100,100,D,Presbyterian Health Plan,MID-101441X,0,0000056051,0,0,0,0,0
ACC-61916852,Patient_1442,7/25/2024,F366+,98941,Provider_B,100,100,D,Presbyterian Health Plan,MID-101442X,0,0000056632,0,0,0,0,0
ACC-34550504,Patient_1443,8/8/2024,F366+,98941,Provider_A,100,100,D,Presbyterian Health Plan,MID-101443X,0,0000057298,0,0,0,0,0
ACC-22810366,Patient_1444,1/2/2025,F366+,98941,Provider_B,100,32.42,B,Presbyterian Health Plan,MID-101444X,0,0000063201,605,0,0,67.58,0
ACC-70834236,Patient_1445,1/30/2025,F366+,98941,Provider_A,100,32.42,B,Presbyterian Health Plan,MID-101445X,0,0000065263,577,0,0,67.58,0
ACC-23958892,Patient_1446,2/6/2025,F366+,98941,Provider_B,100,2.42,B,Presbyterian Health Plan,MID-101446X,0,0000065549,570,0,0,67.58,30
ACC-79090377,Patient_1447,9/2/2026,A0-30,97012 [GP],Provider_A,30,13.93,B,Presbyterian Health Plan,MID-101447X,0,0000093094,0,0,0,16.07,0
ACC-57680667,Patient_1448,9/2/2026,A0-30,98941,Provider_B,100,7.23,B,Presbyterian Health Plan,MID-101448X,0,0000093094,0,0,0,62.77,0
ACC-58573793,Patient_1449,8/8/2022,F366+,98941 [AT],Provider_A,100,-7.72,P,AARP Health Care Options United Healthcare,MID-101449X,15.44,,1423,0,0,62,0
ACC-54273734,Patient_1450,8/15/2022,F366+,98941 [AT],Provider_B,100,-7.72,P,AARP Health Care Options United Healthcare,MID-101450X,15.44,,1423,0,0,62,0
ACC-50677363,Patient_1451,8/10/2026,A31-60,98941 [AT],Provider_A,100,37.23,B,Novitas solutions inc,MID-101451X,0,,24,0,0,62.77,0
ACC-77311450,Patient_1452,3/19/2024,F366+,98941,Provider_B,100,100,D,Presbyterian Health Plan,MID-101452X,0,,0,0,0,0,0
ACC-72102999,Patient_1453,4/15/2024,F366+,98941,Provider_A,100,100,D,Presbyterian Health Plan,MID-101453X,0,0000057710,0,0,0,0,0
ACC-48971635,Patient_1454,5/6/2024,F366+,98941,Provider_B,100,100,D,Presbyterian Health Plan,MID-101454X,0,0000057711,0,0,0,0,0
ACC-57042236,Patient_1455,5/20/2024,F366+,98941,Provider_A,100,100,D,Presbyterian Health Plan,MID-101455X,0,0000057712,0,0,0,0,0
ACC-58728583,Patient_1456,7/8/2024,F366+,98941,Provider_B,100,100,D,Presbyterian Health Plan,MID-101456X,0,0000055937,0,0,0,0,0
ACC-62526167,Patient_1457,7/15/2024,F366+,98941,Provider_A,100,100,D,Presbyterian Health Plan,MID-101457X,0,0000056179,0,0,0,0,0
ACC-94320883,Patient_1458,7/23/2024,F366+,98941,Provider_B,100,100,D,Presbyterian Health Plan,MID-101458X,0,0000056634,0,0,0,0,0
ACC-29908627,Patient_1459,7/29/2024,F366+,98941,Provider_A,100,100,D,Presbyterian Health Plan,MID-101459X,0,0000056767,0,0,0,0,0
ACC-33958049,Patient_1460,8/5/2024,F366+,98941,Provider_B,100,100,D,Presbyterian Health Plan,MID-101460X,0,0000057104,0,0,0,0,0
ACC-44326468,Patient_1461,8/25/2026,A31-60,97012 [GP],Provider_A,30,13.93,B,Presbyterian Health Plan,MID-101461X,0,0000092906,6,0,0,16.07,0
ACC-83221279,Patient_1462,8/25/2026,A31-60,98943,Provider_B,50,-11.5,B,Presbyterian Health Plan,MID-101462X,0,0000092906,6,12.96,-24.27,24.27,37.23
ACC-98500931,Patient_1463,8/9/2022,F366+,98941 [AT],Provider_A,100,-7.72,P,Novitas solutions inc,MID-101463X,30.28,0000037115,0,0,0,62,0
ACC-11954852,Patient_1464,8/9/2022,F366+,98941 [AT],Provider_B,100,-7.72,P,AARP Health Care Options United Healthcare,MID-101464X,15.44,,1423,0,0,62,0
ACC-36118438,Patient_1465,8/26/2026,A31-60,98942,Provider_A,125,90,B,Blue Cross Blue Shield of New Mexico,MID-101465X,0,0000092907,6,35,35,0,0
ACC-51588810,Patient_1466,1/11/2024,F366+,98941,Provider_B,100,-2.58,B,Presbyterian Health Plan,MID-101466X,0,0000050438,961,0,0,67.58,0
ACC-88871690,Patient_1467,6/21/2024,F366+,98941,Provider_A,100,65,D,Presbyterian Health Plan,MID-101467X,0,0000055452,0,35,2.58,0,32.42
ACC-35713475,Patient_1468,7/15/2024,F366+,98941,Provider_B,100,65,B,Presbyterian Health Plan,MID-101468X,0,0000056180,777,35,0,0,35
ACC-53576542,Patient_1469,8/7/2024,F366+,98941,Provider_A,100,65,D,Presbyterian Health Plan,MID-101469X,0,0000057299,0,35,0,0,35
ACC-90836432,Patient_1470,9/5/2024,F366+,98941,Provider_B,100,100,B,Presbyterian Health Plan,MID-101470X,0,0000060404,667,0,0,0,0
ACC-17863763,Patient_1471,9/19/2024,F366+,98941,Provider_A,100,65,D,Presbyterian Health Plan,MID-101471X,0,0000058907,0,35,0,0,35
ACC-88332458,Patient_1472,10/2/2024,F366+,98941,Provider_B,100,65,D,Presbyterian Health Plan,MID-101472X,0,0000059417,0,35,0,0,35
ACC-75473146,Patient_1473,10/17/2024,F366+,98941,Provider_A,100,65,B,Presbyterian Health Plan,MID-101473X,0,0000059878,681,35,0,0,35
ACC-32866143,Patient_1474,11/13/2024,F366+,98941,Provider_B,100,65,B,Presbyterian Health Plan,MID-101474X,0,0000060766,657,35,0,0,35
ACC-79915183,Patient_1475,1/2/2025,F366+,98941,Provider_A,100,65,B,Presbyterian Health Plan,MID-101475X,0,0000063202,605,35,0,0,35
ACC-29898158,Patient_1476,8/27/2026,A31-60,98941,Provider_B,100,0.08,B,Presbyterian Health Plan,MID-101476X,0,0000092969,3,0,0,62.77,0
ACC-48817159,Patient_1477,1/6/2025,F366+,98941,Provider_A,100,32.42,B,Presbyterian Health Plan,MID-101477X,0,0000063433,603,0,0,67.58,0
ACC-10026596,Patient_1478,2/3/2025,F366+,98941,Provider_B,100,32.42,B,Presbyterian Health Plan,MID-101478X,0,0000065333,575,0,0,67.58,0
ACC-82294084,Patient_1479,8/28/2024,F366+,98941,Provider_A,100,50,B,United Healthcare,MID-101479X,0,0000058131,730,0,0,50,0
ACC-28721652,Patient_1480,8/24/2026,A31-60,97012 [GP],Provider_B,30,30,B,United HealthCare,MID-101480X,0,0000092838,8,0,0,0,0
ACC-91571678,Patient_1481,8/24/2026,A31-60,98941,Provider_A,100,40,B,United HealthCare,MID-101481X,0,0000092838,8,0,0,50,10
ACC-49641559,Patient_1482,7/8/2024,F366+,98941,Provider_B,100,100,D,Presbyterian Health Plan,MID-101482X,0,0000055938,0,0,0,0,0
ACC-22995186,Patient_1483,7/15/2024,F366+,98941,Provider_A,100,100,D,Presbyterian Health Plan,MID-101483X,0,0000056181,0,0,0,0,0
ACC-67810076,Patient_1484,7/22/2024,F366+,98941,Provider_B,100,100,D,Presbyterian Health Plan,MID-101484X,0,0000056492,0,0,0,0,0
ACC-23786110,Patient_1485,7/29/2024,F366+,98941,Provider_A,100,100,D,Presbyterian Health Plan,MID-101485X,0,0000056769,0,0,0,0,0
ACC-45889639,Patient_1486,8/5/2024,F366+,98941,Provider_B,100,100,D,Presbyterian Health Plan,MID-101486X,0,0000057106,0,0,0,0,0
ACC-89524505,Patient_1487,8/31/2022,F366+,72050,Provider_A,210,210,B,Fred Loya Insurance,MID-101487X,0,,360,0,0,0,0
ACC-64631775,Patient_1488,8/31/2022,F366+,72100,Provider_B,50,50,B,Fred Loya Insurance,MID-101488X,0,,360,0,0,0,0
ACC-69943274,Patient_1489,8/31/2022,F366+,98941,Provider_A,100,100,B,Fred Loya Insurance,MID-101489X,0,,360,0,0,0,0
ACC-43985739,Patient_1490,8/31/2022,F366+,99203 [25],Provider_B,275,275,B,Fred Loya Insurance,MID-101490X,0,,360,0,0,0,0
ACC-39489799,Patient_1491,9/2/2022,F366+,98941,Provider_A,100,100,B,Fred Loya Insurance,MID-101491X,0,,360,0,0,0,0
ACC-79545985,Patient_1492,9/2/2022,F366+,99211 [25],Provider_B,75,75,B,Fred Loya Insurance,MID-101492X,0,,360,0,0,0,0
ACC-96648474,Patient_1493,9/9/2022,F366+,98941,Provider_A,100,100,B,Fred Loya Insurance,MID-101493X,0,,357,0,0,0,0
ACC-91181496,Patient_1494,9/9/2022,F366+,99211 [25],Provider_B,75,75,B,Fred Loya Insurance,MID-101494X,0,,357,0,0,0,0
ACC-51939880,Patient_1495,9/16/2022,F366+,98941,Provider_A,100,100,B,Fred Loya Insurance,MID-101495X,0,,360,0,0,0,0
ACC-30964580,Patient_1496,9/16/2022,F366+,99211 [25],Provider_B,75,75,B,Fred Loya Insurance,MID-101496X,0,,360,0,0,0,0
ACC-91277415,Patient_1497,9/23/2022,F366+,98941,Provider_A,100,100,B,Fred Loya Insurance,MID-101497X,0,,360,0,0,0,0
ACC-86120926,Patient_1498,9/23/2022,F366+,99211 [25],Provider_B,75,75,B,Fred Loya Insurance,MID-101498X,0,,360,0,0,0,0
ACC-34010567,Patient_1499,9/30/2022,F366+,98941,Provider_A,100,100,B,Fred Loya Insurance,MID-101499X,0,,360,0,0,0,0
ACC-82509359,Patient_1500,9/30/2022,F366+,99211 [25],Provider_B,75,75,B,Fred Loya Insurance,MID-101500X,0,,360,0,0,0,0
ACC-48158542,Patient_1501,10/7/2022,F366+,98941,Provider_A,100,100,B,Fred Loya Insurance,MID-101501X,0,,360,0,0,0,0
ACC-22515905,Patient_1502,10/7/2022,F366+,99211 [25],Provider_B,75,75,B,Fred Loya Insurance,MID-101502X,0,,360,0,0,0,0
ACC-33034711,Patient_1503,10/14/2022,F366+,98941,Provider_A,100,100,B,Fred Loya Insurance,MID-101503X,0,,360,0,0,0,0
ACC-99154505,Patient_1504,10/14/2022,F366+,99211 [25],Provider_B,75,75,B,Fred Loya Insurance,MID-101504X,0,,360,0,0,0,0
ACC-47250174,Patient_1505,10/21/2022,F366+,98941,Provider_A,100,100,B,Fred Loya Insurance,MID-101505X,0,,360,0,0,0,0
ACC-22202720,Patient_1506,10/21/2022,F366+,99211 [25],Provider_B,75,75,B,Fred Loya Insurance,MID-101506X,0,,360,0,0,0,0
ACC-83781173,Patient_1507,10/28/2022,F366+,98941,Provider_A,100,100,B,Fred Loya Insurance,MID-101507X,0,,360,0,0,0,0
ACC-43734431,Patient_1508,10/28/2022,F366+,99211 [25],Provider_B,75,75,B,Fred Loya Insurance,MID-101508X,0,,360,0,0,0,0
ACC-87382930,Patient_1509,11/2/2022,F366+,98941,Provider_A,100,100,B,Fred Loya Insurance,MID-101509X,0,,360,0,0,0,0
ACC-24345164,Patient_1510,11/2/2022,F366+,99211 [25],Provider_B,75,75,B,Fred Loya Insurance,MID-101510X,0,,360,0,0,0,0
ACC-39253261,Patient_1511,11/14/2022,F366+,98941,Provider_A,100,100,B,Fred Loya Insurance,MID-101511X,0,,360,0,0,0,0
ACC-48870573,Patient_1512,11/14/2022,F366+,99211 [25],Provider_B,75,75,B,Fred Loya Insurance,MID-101512X,0,,360,0,0,0,0
ACC-96855243,Patient_1513,11/30/2022,F366+,98941,Provider_A,100,100,B,Fred Loya Insurance,MID-101513X,0,,360,0,0,0,0
ACC-98758373,Patient_1514,11/30/2022,F366+,99211 [25],Provider_B,75,75,B,Fred Loya Insurance,MID-101514X,0,,360,0,0,0,0
ACC-28325063,Patient_1515,12/9/2022,F366+,98941,Provider_A,100,100,B,Fred Loya Insurance,MID-101515X,0,,360,0,0,0,0
ACC-80336995,Patient_1516,12/9/2022,F366+,99211 [25],Provider_B,75,75,B,Fred Loya Insurance,MID-101516X,0,,360,0,0,0,0
ACC-33679327,Patient_1517,12/23/2022,F366+,98941,Provider_A,100,100,B,Fred Loya Insurance,MID-101517X,0,,360,0,0,0,0
ACC-66692326,Patient_1518,12/23/2022,F366+,99211 [25],Provider_B,75,75,B,Fred Loya Insurance,MID-101518X,0,,360,0,0,0,0
ACC-51483901,Patient_1519,1/2/2023,F366+,98941,Provider_A,100,100,B,Fred Loya Insurance,MID-101519X,0,,360,0,0,0,0
ACC-73635432,Patient_1520,1/2/2023,F366+,99214 [25],Provider_B,150,150,B,Fred Loya Insurance,MID-101520X,0,,360,0,0,0,0
ACC-25287049,Patient_1521,8/14/2024,F366+,98941 [AT],Provider_A,100,7.59,P,Novitas solutions inc,MID-101521X,29.73,0000057582,0,0,0,62.68,0
ACC-47067903,Patient_1522,8/14/2024,F366+,98941 [AT],Provider_B,100,7.59,B,EMI Health,MID-101522X,0,,731,0,0,62.68,0
ACC-64717924,Patient_1523,9/25/2024,F366+,98941 [AT],Provider_A,100,7.59,P,Novitas solutions inc,MID-101523X,29.73,0000059183,0,0,0,62.68,0
ACC-78845712,Patient_1524,9/25/2024,F366+,98941 [AT],Provider_B,100,7.59,B,EMI Health,MID-101524X,0,,689,0,0,62.68,0
ACC-63224185,Patient_1525,10/23/2024,F366+,98941 [AT],Provider_A,100,7.59,P,Novitas solutions inc,MID-101525X,29.73,0000060130,0,0,0,62.68,0
ACC-49942319,Patient_1526,10/23/2024,F366+,98941 [AT],Provider_B,100,7.59,B,EMI Health,MID-101526X,0,,661,0,0,62.68,0
ACC-54957677,Patient_1527,5/13/2025,F366+,98941 [AT],Provider_A,100,7.43,P,Novitas solutions inc,MID-101527X,29.13,0000070876,0,0,0,63.44,0
ACC-36112749,Patient_1528,5/13/2025,F366+,98941 [AT],Provider_B,100,7.43,B,EMI Health,MID-101528X,0,0000089136,118,0,0,63.44,0
ACC-15650181,Patient_1529,6/10/2025,F366+,98941 [AT],Provider_A,100,7.43,P,Novitas solutions inc,MID-101529X,29.13,0000072770,0,0,0,63.44,0
ACC-18509538,Patient_1530,6/10/2025,F366+,98941 [AT],Provider_B,100,7.43,B,EMI Health,MID-101530X,0,0000089137,118,0,0,63.44,0
ACC-11951617,Patient_1531,6/13/2025,F366+,98941 [AT],Provider_A,100,7.43,P,Novitas solutions inc,MID-101531X,29.13,0000073274,0,0,0,63.44,0
ACC-38541473,Patient_1532,6/13/2025,F366+,98941 [AT],Provider_B,100,7.43,B,EMI Health,MID-101532X,0,0000089138,118,0,0,63.44,0
ACC-71053584,Patient_1533,3/20/2026,A121-365,98941 [AT],Provider_A,100,7.45,P,Novitas solutions inc,MID-101533X,29.18,0000087146,0,0,0,63.37,0
ACC-11013580,Patient_1534,3/20/2026,A121-365,98941 [AT],Provider_B,100,7.45,B,EMI Health,MID-101534X,0,0000090727,78,0,0,63.37,0
ACC-49774254,Patient_1535,3/27/2026,A121-365,98941 [AT],Provider_A,100,7.45,P,Novitas solutions inc,MID-101535X,29.18,0000087427,0,0,0,63.37,0
ACC-72108638,Patient_1536,3/27/2026,A121-365,98941 [AT],Provider_B,100,7.45,B,EMI Health,MID-101536X,0,0000090728,78,0,0,63.37,0
ACC-21815517,Patient_1537,4/17/2026,A121-365,98941 [AT],Provider_A,100,7.45,P,Novitas solutions inc,MID-101537X,29.18,0000088249,0,0,0,63.37,0
ACC-45542868,Patient_1538,4/17/2026,A121-365,98941 [AT],Provider_B,100,7.45,B,EMI Health,MID-101538X,0,,123,0,0,63.37,0
ACC-28451303,Patient_1539,5/29/2026,A121-365,98941 [AT],Provider_A,100,7.45,P,Novitas solutions inc,MID-101539X,29.18,0000090080,0,0,0,63.37,0
ACC-14086534,Patient_1540,5/29/2026,A121-365,98941 [AT],Provider_B,100,7.45,B,EMI Health,MID-101540X,0,,81,0,0,63.37,0
ACC-37235161,Patient_1541,8/14/2026,A31-60,98941 [AT],Provider_A,100,80,B,Novitas solutions inc,MID-101541X,0,,20,20,12.57,0,7.43
ACC-87317276,Patient_1542,8/26/2026,A31-60,98941 [AT],Provider_B,100,80,B,Novitas solutions inc,MID-101542X,0,,8,20,20,0,0
ACC-90275194,Patient_1543,9/18/2024,F366+,98941 [AT],Provider_A,100,85,D,Cigna Preferred Medicare,MID-101543X,0,0000058910,0,15,0,0,15
ACC-30601400,Patient_1544,12/4/2024,F366+,98941 [AT],Provider_B,100,85,B,Cigna Preferred Medicare,MID-101544X,0,0000062201,636,15,0,0,15
ACC-15352980,Patient_1545,12/18/2024,F366+,98941 [AT],Provider_A,100,80,B,Cigna Preferred Medicare,MID-101545X,0,0000062951,622,20,0,0,20
ACC-60316998,Patient_1546,7/30/2025,F366+,98941 [AT],Provider_B,100,17.15,B,Cigna Preferred Medicare,MID-101546X,0,0000077011,398,0,0,62.85,20
ACC-94481578,Patient_1547,4/27/2026,A121-365,98941 [AT],Provider_A,100,17.15,B,Cigna Preferred Medicare,MID-101547X,0,0000088754,127,0,0,62.85,20
ACC-31974683,Patient_1548,5/4/2026,A121-365,98941 [AT],Provider_B,100,17.15,B,Cigna Preferred Medicare,MID-101548X,0,0000089023,120,0,0,62.85,20
ACC-80921024,Patient_1549,5/11/2026,A121-365,98941 [AT],Provider_A,100,17.15,B,Cigna Preferred Medicare,MID-101549X,0,0000089323,113,0,0,62.85,20
ACC-53915561,Patient_1550,6/1/2026,A91-120,98941 [AT],Provider_B,100,17.15,B,Cigna Preferred Medicare,MID-101550X,0,0000090177,92,0,0,62.85,20
ACC-60480749,Patient_1551,6/29/2026,A91-120,98941 [AT],Provider_A,100,17.15,B,Cigna Preferred Medicare,MID-101551X,0,0000091251,64,0,0,62.85,20
ACC-28635938,Patient_1552,7/27/2026,A61-90,98941 [AT],Provider_B,100,17.15,B,Cigna Preferred Medicare,MID-101552X,0,0000092119,36,0,0,62.85,20
ACC-35101713,Patient_1553,8/24/2026,A31-60,98941 [AT],Provider_A,100,17.15,B,Cigna Preferred Medicare,MID-101553X,0,,10,0,0,62.85,20
ACC-60877784,Patient_1554,8/5/2026,A31-60,98941 [AT],Provider_B,100,80,B,Novitas solutions inc,MID-101554X,0,,29,20,20,0,0
ACC-44125501,Patient_1555,8/19/2026,A31-60,98941 [AT],Provider_A,100,80,B,Novitas solutions inc,MID-101555X,0,,15,20,20,0,0
ACC-31370100,Patient_1556,9/2/2026,A0-30,98941 [AT],Provider_B,100,80,B,Novitas solutions inc,MID-101556X,0,,1,20,20,0,0
ACC-72100299,Patient_1557,8/19/2026,A31-60,98941,Provider_A,100,-2.77,B,Presbyterian Health Plan,MID-101557X,0,0000092753,13,0,0,62.77,40
ACC-14661179,Patient_1558,8/26/2026,A31-60,98941,Provider_B,100,-2.77,B,Presbyterian Health Plan,MID-101558X,0,0000092932,6,0,0,62.77,40
ACC-43965066,Patient_1559,8/14/2026,A31-60,98941 [AT],Provider_A,100,9,B,United Healthcare,MID-101559X,0,0000092698,13,0,0,71,20
ACC-20183273,Patient_1560,1/15/2024,F366+,98941 [AT],Provider_B,100,38.52,B,Aetna Medicare Choice Plan,MID-101560X,0,0000050548,959,0,0,61.48,0
ACC-85327311,Patient_1561,1/22/2024,F366+,98941 [AT],Provider_A,100,38.52,B,Aetna Medicare Choice Plan,MID-101561X,0,0000050781,952,0,0,61.48,0
ACC-33275767,Patient_1562,1/29/2024,F366+,98941 [AT],Provider_B,100,100,P,Aetna Medicare Choice Plan,MID-101562X,0,0000051076,0,0,0,0,0
ACC-30749286,Patient_1563,1/29/2024,F366+,98941 [AT],Provider_A,100,100,B,Novitas solutions inc,MID-101563X,0,,733,0,0,0,0
ACC-55482578,Patient_1564,2/5/2024,F366+,98941 [AT],Provider_B,100,100,D,Aetna Medicare Choice Plan,MID-101564X,0,0000054370,0,0,0,0,0
ACC-71077236,Patient_1565,2/16/2024,F366+,98941 [AT],Provider_A,100,100,D,Aetna Medicare Choice Plan,MID-101565X,0,0000054371,0,0,0,0,0
ACC-80075011,Patient_1566,5/15/2024,F366+,98941 [AT],Provider_B,100,1.52,P,Aetna Medicare Choice Plan,MID-101566X,35.68,0000054372,0,0,0,62.8,0
ACC-47816990,Patient_1567,5/15/2024,F366+,98941 [AT],Provider_A,100,1.52,B,Novitas solutions inc,MID-101567X,0,,824,0,0,62.8,0
ACC-56604107,Patient_1568,5/22/2024,F366+,98941 [AT],Provider_B,100,64.32,D,Aetna Medicare Choice Plan,MID-101568X,35.68,0000054491,0,0,0,0,0
ACC-84779488,Patient_1569,5/22/2024,F366+,98941 [AT],Provider_A,100,64.32,D,Novitas solutions inc,MID-101569X,0,0000055388,0,0,0,0,0
ACC-37637024,Patient_1570,5/29/2024,F366+,98941 [AT],Provider_B,100,1.52,P,Aetna Medicare Choice Plan,MID-101570X,35.68,0000054647,0,0,0,62.8,0
ACC-51311070,Patient_1571,5/29/2024,F366+,98941 [AT],Provider_A,100,1.52,B,Novitas solutions inc,MID-101571X,0,,819,0,0,62.8,0
ACC-63744367,Patient_1572,6/5/2024,F366+,98941 [AT],Provider_B,100,1.52,P,Aetna Medicare Choice Plan,MID-101572X,35.68,0000054927,0,0,0,62.8,0
ACC-35083757,Patient_1573,6/5/2024,F366+,98941 [AT],Provider_A,100,1.52,B,Novitas solutions inc,MID-101573X,0,,812,0,0,62.8,0
ACC-44484071,Patient_1574,6/12/2024,F366+,98941 [AT],Provider_B,100,1.52,P,Aetna Medicare Choice Plan,MID-101574X,71.36,0000055139,793,0,0,27.12,0
ACC-21322530,Patient_1575,6/19/2024,F366+,98941 [AT],Provider_A,100,1.52,P,Aetna Medicare Choice Plan,MID-101575X,71.36,0000055290,789,0,0,27.12,0
ACC-57876655,Patient_1576,7/24/2024,F366+,98941 [AT],Provider_B,100,37.93,P,Aetna Medicare Choice Plan,MID-101576X,0,0000056637,0,0,0,62.07,0
ACC-84229397,Patient_1577,7/24/2024,F366+,98941 [AT],Provider_A,100,37.93,B,Novitas solutions inc,MID-101577X,0,,733,0,0,62.07,0
ACC-17531194,Patient_1578,7/31/2024,F366+,98941 [AT],Provider_B,100,37.93,D,Aetna Medicare Choice Plan,MID-101578X,0,0000056948,0,0,0,62.07,0
ACC-59137287,Patient_1579,7/31/2024,F366+,98941 [AT],Provider_A,100,37.93,D,Novitas solutions inc,MID-101579X,0,0000057881,0,0,0,62.07,0
ACC-17339981,Patient_1580,8/7/2024,F366+,98941 [AT],Provider_B,100,37.93,P,Aetna Medicare Choice Plan,MID-101580X,0,0000057302,0,0,0,62.07,0
ACC-52394451,Patient_1581,8/7/2024,F366+,98941 [AT],Provider_A,100,37.93,B,Novitas solutions inc,MID-101581X,0,,723,0,0,62.07,0
ACC-63109187,Patient_1582,8/14/2024,F366+,98941 [AT],Provider_B,100,37.93,P,Aetna Medicare Choice Plan,MID-101582X,0,0000057583,0,0,0,62.07,0
ACC-27882567,Patient_1583,8/14/2024,F366+,98941 [AT],Provider_A,100,37.93,B,Novitas solutions inc,MID-101583X,0,,733,0,0,62.07,0
ACC-57954465,Patient_1584,8/21/2024,F366+,98941 [AT],Provider_B,100,100,B,Aetna Medicare Choice Plan,MID-101584X,0,0000057840,737,0,0,0,0
ACC-39254123,Patient_1585,9/4/2024,F366+,98941 [AT],Provider_A,100,37.93,P,Aetna Medicare Choice Plan,MID-101585X,0,0000058346,0,0,0,62.07,0
ACC-10011205,Patient_1586,9/4/2024,F366+,98941 [AT],Provider_B,100,37.93,B,Novitas solutions inc,MID-101586X,0,,698,0,0,62.07,0
ACC-73845758,Patient_1587,7/24/2026,A61-90,98941 [AT],Provider_A,100,1.47,P,Aetna Medicare Choice Plan,MID-101587X,34.52,0000092053,0,0,0,64.01,0
ACC-78143001,Patient_1588,7/24/2026,A61-90,98941 [AT],Provider_B,100,1.47,B,Novitas solutions inc,MID-101588X,0,,0,0,0,64.01,0
ACC-26533372,Patient_1589,7/31/2026,A31-60,98941 [AT],Provider_A,100,36.69,B,Aetna Medicare Choice Plan,MID-101589X,0,,34,0,0,63.31,0
ACC-16852729,Patient_1590,2/14/2023,F366+,98941 [AT],Provider_B,100,-0.01,P,Novitas solutions inc,MID-101590X,30.2,0000040706,0,0,0,62.1,0
ACC-85087398,Patient_1591,2/14/2023,F366+,98941 [AT],Provider_A,100,-0.01,P,United American Insurance Company,MID-101591X,7.71,0000041121,0,0,0,62.1,0
ACC-42491388,Patient_1592,3/14/2023,F366+,98941 [AT],Provider_B,100,-0.01,P,Novitas solutions inc,MID-101592X,30.2,0000041241,0,0,0,62.1,0
ACC-66985675,Patient_1593,3/14/2023,F366+,98941 [AT],Provider_A,100,-0.01,P,United American Insurance Company,MID-101593X,7.71,0000041568,0,0,0,62.1,0
ACC-78934453,Patient_1594,8/30/2024,F366+,98941,Provider_B,100,50,B,UMR,MID-101594X,0,0000058255,728,0,0,50,0
ACC-84080937,Patient_1595,9/6/2024,F366+,98941,Provider_A,100,50,B,UMR,MID-101595X,0,0000058509,721,0,0,50,0
ACC-42811847,Patient_1596,9/11/2024,F366+,98941,Provider_B,100,50,B,UMR,MID-101596X,0,0000058643,716,0,0,50,0
ACC-25105764,Patient_1597,9/17/2024,F366+,98941,Provider_A,100,100,D,United Healthcare,MID-101597X,0,0000059006,0,0,0,0,0
ACC-19205816,Patient_1598,3/11/2024,F366+,72052,Provider_B,210,210,B,Presbyterian Health Plan,MID-101598X,0,0000052428,903,0,0,0,0
ACC-56636368,Patient_1599,3/11/2024,F366+,98941,Provider_A,100,32.42,B,Presbyterian Health Plan,MID-101599X,0,0000052428,903,0,0,67.58,0
ACC-40008355,Patient_1600,7/8/2024,F366+,98941,Provider_B,100,100,D,Presbyterian Health Plan,MID-101600X,0,0000055939,0,0,0,0,0
ACC-13175496,Patient_1601,8/1/2024,F366+,98941,Provider_A,100,100,D,Presbyterian Health Plan,MID-101601X,0,0000056950,0,0,0,0,0
ACC-65880199,Patient_1602,12/13/2023,F366+,98941,Provider_B,100,100,D,Blue Cross Blue Shield of New Mexico,MID-101602X,0,0000049803,989,0,0,0,0
ACC-71479198,Patient_1603,1/10/2024,F366+,98941,Provider_A,100,100,B,Blue Cross Blue Shield of New Mexico,MID-101603X,0,0000050441,960,0,0,0,0
ACC-84777712,Patient_1604,5/8/2024,F366+,98941,Provider_B,100,100,D,Blue Cross Blue Shield of New Mexico,MID-101604X,0,0000054076,0,0,0,0,0
ACC-56597258,Patient_1605,6/5/2024,F366+,98941,Provider_A,100,100,D,Blue Cross Blue Shield of New Mexico,MID-101605X,0,0000054928,0,0,0,0,0
ACC-63098495,Patient_1606,7/31/2024,F366+,98941,Provider_B,100,100,D,Blue Cross Blue Shield of New Mexico,MID-101606X,0,0000056949,0,0,0,0,0
ACC-40863599,Patient_1607,8/28/2024,F366+,98941,Provider_A,100,100,D,Blue Cross Blue Shield of New Mexico,MID-101607X,0,0000058122,0,0,0,0,0
ACC-55537072,Patient_1608,9/25/2024,F366+,98941,Provider_B,100,100,D,Blue Cross Blue Shield of New Mexico,MID-101608X,0,0000059184,0,0,0,0,0
ACC-63330312,Patient_1609,4/15/2024,F366+,98941,Provider_A,100,32.42,B,Presbyterian Health Plan,MID-101609X,0,,868,0,0,67.58,0
ACC-57922452,Patient_1610,8/18/2026,A31-60,97012 [GP],Provider_B,30,30,B,Presbyterian Health Plan,MID-101610X,0,0000092699,13,0,0,0,0
ACC-15353812,Patient_1611,8/18/2026,A31-60,98941,Provider_A,100,7.15,B,Presbyterian Health Plan,MID-101611X,0,0000092699,13,0,0,62.85,30
ACC-77035106,Patient_1612,8/31/2026,A0-30,97012 [GP],Provider_B,30,30,B,Presbyterian Health Plan,MID-101612X,0,0000093029,1,0,0,0,0
ACC-29089161,Patient_1613,8/31/2026,A0-30,98941,Provider_A,100,7.15,B,Presbyterian Health Plan,MID-101613X,0,0000093029,1,0,0,62.85,30
ACC-59316494,Patient_1614,8/3/2026,A31-60,98941 [AT],Provider_B,100,62.77,B,Novitas solutions inc,MID-101614X,0,,31,37.23,0,0,37.23
ACC-26755833,Patient_1615,8/24/2026,A31-60,98941 [AT],Provider_A,100,62.77,B,Novitas solutions inc,MID-101615X,0,,10,37.23,0,0,37.23
ACC-98498730,Patient_1616,8/14/2024,F366+,98941 [AT],Provider_B,100,7.59,P,Novitas solutions inc,MID-101616X,29.73,0000057585,0,0,0,62.68,0
ACC-27726551,Patient_1617,8/14/2024,F366+,98941 [AT],Provider_A,100,7.59,B,Blue Cross Blue Shield of New Mexico,MID-101617X,0,,731,0,0,62.68,0
ACC-66261876,Patient_1618,9/3/2024,F366+,98941 [AT],Provider_B,100,7.59,P,Novitas solutions inc,MID-101618X,29.73,0000058347,0,0,0,62.68,0
ACC-15185762,Patient_1619,9/3/2024,F366+,98941 [AT],Provider_A,100,7.59,B,Blue Cross Blue Shield of New Mexico,MID-101619X,0,,698,0,0,62.68,0
ACC-66300011,Patient_1620,10/1/2024,F366+,98941 [AT],Provider_B,100,7.59,P,Novitas solutions inc,MID-101620X,29.73,0000059419,0,0,0,62.68,0
ACC-63469788,Patient_1621,10/1/2024,F366+,98941 [AT],Provider_A,100,7.59,B,Blue Cross Blue Shield of New Mexico,MID-101621X,0,,681,0,0,62.68,0
ACC-17504429,Patient_1622,10/29/2024,F366+,98941 [AT],Provider_B,100,7.59,P,Novitas solutions inc,MID-101622X,29.73,0000060407,0,0,0,62.68,0
ACC-48677373,Patient_1623,10/29/2024,F366+,98941 [AT],Provider_A,100,7.59,B,Blue Cross Blue Shield of New Mexico,MID-101623X,0,,654,0,0,62.68,0
ACC-54692909,Patient_1624,10/17/2025,A121-365,98941 [AT],Provider_B,100,7.43,P,Novitas solutions inc,MID-101624X,29.13,0000080328,0,0,0,63.44,0
ACC-27008449,Patient_1625,10/17/2025,A121-365,98941 [AT],Provider_A,100,7.43,B,Blue Cross Blue Shield of New Mexico,MID-101625X,0,0000090934,73,0,0,63.44,0
ACC-36483509,Patient_1626,3/16/2026,A121-365,98941 [AT],Provider_B,100,7.45,P,Novitas solutions inc,MID-101626X,29.18,0000087029,0,0,0,63.37,0
ACC-16463466,Patient_1627,3/16/2026,A121-365,98941 [AT],Provider_A,100,7.45,B,Blue Cross Blue Shield of New Mexico,MID-101627X,0,0000090935,73,0,0,63.37,0
ACC-78266233,Patient_1628,4/1/2026,A121-365,98941 [AT],Provider_B,100,7.45,P,Novitas solutions inc,MID-101628X,29.18,0000087617,0,0,0,63.37,0
ACC-64262351,Patient_1629,4/1/2026,A121-365,98941 [AT],Provider_A,100,7.45,B,Blue Cross Blue Shield of New Mexico,MID-101629X,0,0000088338,134,0,0,63.37,0
ACC-84204744,Patient_1630,5/20/2026,A121-365,98941 [AT],Provider_B,100,7.45,P,Novitas solutions inc,MID-101630X,29.18,0000089755,0,0,0,63.37,0
ACC-73807497,Patient_1631,5/20/2026,A121-365,98941 [AT],Provider_A,100,7.45,B,Blue Cross Blue Shield of New Mexico,MID-101631X,0,0000090836,76,0,0,63.37,0
ACC-39574276,Patient_1632,8/7/2026,A31-60,98941 [AT],Provider_B,100,100,B,Novitas solutions inc,MID-101632X,0,,27,0,0,0,0
ACC-63141882,Patient_1633,8/26/2026,A31-60,98941 [AT],Provider_A,100,100,B,Novitas solutions inc,MID-101633X,0,,8,0,0,0,0
ACC-68869705,Patient_1634,7/8/2024,F366+,98941 [AT],Provider_B,100,80,D,Presbyterian Health Plan,MID-101634X,0,0000055942,0,20,0,0,20
ACC-95747570,Patient_1635,7/15/2024,F366+,98941 [AT],Provider_A,100,80,D,Presbyterian Health Plan,MID-101635X,0,0000056190,0,20,0,0,20
ACC-48718951,Patient_1636,7/22/2024,F366+,98941 [AT],Provider_B,100,80,D,Presbyterian Health Plan,MID-101636X,0,0000056496,0,20,0,0,20
ACC-54472039,Patient_1637,7/30/2024,F366+,98941 [AT],Provider_A,100,80,D,Presbyterian Health Plan,MID-101637X,0,0000056953,0,20,0,0,20
ACC-39254270,Patient_1638,1/6/2025,F366+,98941 [AT],Provider_B,100,12.81,B,Presbyterian Health Plan,MID-101638X,0,0000063434,603,0,0,67.19,20
ACC-74795591,Patient_1639,2/3/2025,F366+,98941 [AT],Provider_A,100,12.81,B,Presbyterian Health Plan,MID-101639X,0,0000065337,575,0,0,67.19,20
ACC-89089743,Patient_1640,8/26/2026,A31-60,98941,Provider_B,100,30.12,B,Blue Cross Blue Shield of New Mexico,MID-101640X,0,0000092920,6,0,0,63.32,6.56
ACC-74016683,Patient_1641,9/18/2024,F366+,98941 [AT],Provider_A,100,100,D,United HealthCare Medicare Advantage,MID-101641X,0,0000058916,0,0,0,0,0
ACC-78887776,Patient_1642,8/12/2026,A31-60,98941 [AT],Provider_B,100,29,B,United HealthCare Medicare Advantage,MID-101642X,0,,22,0,0,71,0
ACC-83265313,Patient_1643,5/7/2024,F366+,98941,Provider_A,100,-2.58,P,Presbyterian Health Plan,MID-101643X,0,,0,0,0,67.58,35
ACC-33974200,Patient_1644,1/2/2024,F366+,98941,Provider_B,100,32.42,B,Presbyterian Health Plan,MID-101644X,0,0000050240,968,0,0,67.58,0
ACC-54784831,Patient_1645,2/12/2025,F366+,98941,Provider_A,100,31.77,B,Presbyterian Health Plan,MID-101645X,0,0000065925,566,0,0,68.23,0
ACC-62973029,Patient_1646,2/26/2025,F366+,98941,Provider_B,100,31.77,B,Presbyterian Health Plan,MID-101646X,0,0000066731,552,0,0,68.23,0
ACC-19821509,Patient_1647,8/24/2026,A31-60,98941,Provider_A,100,16.49,B,Presbyterian Health Plan,MID-101647X,0,0000092840,8,0,0,63.51,20
ACC-33044898,Patient_1648,1/6/2023,F366+,98941,Provider_B,100,100,D,Blue Cross Blue Shield of New Mexico,MID-101648X,0,0000039903,0,0,0,0,0
ACC-17108429,Patient_1649,8/25/2026,A31-60,97012 [GP],Provider_A,30,9.83,B,Blue Cross Blue Shield of New Mexico,MID-101649X,0,0000092908,6,0,0,20.17,0
ACC-36765173,Patient_1650,8/25/2026,A31-60,98943,Provider_B,50,-12.55,B,Blue Cross Blue Shield of New Mexico,MID-101650X,0,0000092908,6,10.81,-25.87,25.87,36.68
ACC-15479475,Patient_1651,9/1/2026,A0-30,97012 [GP],Provider_A,30,9.83,B,Blue Cross Blue Shield of New Mexico,MID-101651X,0,0000093095,0,0,0,20.17,0
ACC-25224150,Patient_1652,9/1/2026,A0-30,98943,Provider_B,50,-12.55,B,Blue Cross Blue Shield of New Mexico,MID-101652X,0,0000093095,0,10.81,-25.87,25.87,36.68
ACC-73716444,Patient_1653,8/11/2026,A31-60,98941 [AT],Provider_A,100,80,B,Novitas solutions inc,MID-101653X,0,,23,20,12.55,0,7.45
ACC-31889563,Patient_1654,8/19/2026,A31-60,98941 [AT],Provider_B,100,80,B,Novitas solutions inc,MID-101654X,0,,15,20,20,0,0
ACC-26169661,Patient_1655,1/8/2024,F366+,98941,Provider_A,100,100,D,Presbyterian Health Plan,MID-101655X,0,0000050347,0,0,0,0,0
ACC-94020124,Patient_1656,7/17/2024,F366+,98941,Provider_B,100,100,D,Presbyterian Health Plan,MID-101656X,0,0000056356,0,0,0,0,0
ACC-18679755,Patient_1657,8/1/2024,F366+,98941,Provider_A,100,100,D,Presbyterian Health Plan,MID-101657X,0,0000056951,0,0,0,0,0
ACC-70523465,Patient_1658,10/18/2023,F366+,98941 [AT],Provider_B,100,-38.52,P,Novitas solutions inc,MID-101658X,30.2,0000047775,0,0,0,62.1,0
ACC-48279114,Patient_1659,10/18/2023,F366+,98941 [AT],Provider_A,100,-38.52,P,Cigna,MID-101659X,46.22,,1017,0,0,62.1,0
ACC-46609536,Patient_1660,11/17/2023,F366+,98941 [AT],Provider_B,100,-38.52,P,Novitas solutions inc,MID-101660X,30.2,0000048919,0,0,0,62.1,0
ACC-92210703,Patient_1661,11/17/2023,F366+,98941 [AT],Provider_A,100,-38.52,P,Cigna,MID-101661X,46.22,,975,0,0,62.1,0
ACC-44885503,Patient_1662,12/13/2023,F366+,98941 [AT],Provider_B,100,62.1,D,Novitas solutions inc,MID-101662X,30.2,0000049809,0,0,0,0,0
ACC-50739505,Patient_1663,12/13/2023,F366+,98941 [AT],Provider_A,100,62.1,D,Cigna,MID-101663X,7.7,0000050158,826,0,0,0,0
ACC-97205442,Patient_1664,8/19/2026,A31-60,98941 [AT],Provider_B,100,80,B,Novitas solutions inc,MID-101664X,0,,15,20,0,0,20
ACC-14521819,Patient_1665,1/3/2025,F366+,98941 [AT],Provider_A,100,12.81,B,Presbyterian Health Plan,MID-101665X,0,0000063208,605,0,0,67.19,20
ACC-13580169,Patient_1666,1/3/2024,F366+,Unknown,Provider_B,7.7,7.7,B,unknown,MID-101666X,0,,975,0,0,0,0
ACC-13757493,Patient_1667,3/27/2024,F366+,98941 [AT],Provider_A,100,16.14,D,Novitas solutions inc,MID-101667X,17.08,0000052971,0,0,0,62.42,0
ACC-63474871,Patient_1668,3/27/2024,F366+,98941 [AT],Provider_B,100,16.14,D,AARP Health Care Options United Healthcare,MID-101668X,4.36,,0,0,0,62.42,0
ACC-75890910,Patient_1669,8/6/2025,F366+,98941 [AT],Provider_A,100,7.43,P,Novitas solutions inc,MID-101669X,29.13,0000077309,0,0,0,63.44,0
ACC-81482061,Patient_1670,8/6/2025,F366+,98941 [AT],Provider_B,100,7.43,B,Bankers Fidelity Life Insurance Co,MID-101670X,0,0000089168,118,0,0,63.44,0
ACC-62732536,Patient_1671,4/10/2026,A121-365,98941 [AT],Provider_A,100,7.45,P,Novitas solutions inc,MID-101671X,29.18,0000087992,0,0,0,63.37,0
ACC-53478463,Patient_1672,4/10/2026,A121-365,98941 [AT],Provider_B,100,7.45,B,Bankers Fidelity Life Insurance Co,MID-101672X,0,,130,0,0,63.37,0
ACC-17679520,Patient_1673,4/14/2026,A121-365,98941 [AT],Provider_A,100,7.45,P,Novitas solutions inc,MID-101673X,29.18,0000088100,0,0,0,63.37,0
ACC-72982585,Patient_1674,4/14/2026,A121-365,98941 [AT],Provider_B,100,7.45,B,Bankers Fidelity Life Insurance Co,MID-101674X,0,,123,0,0,63.37,0
ACC-48527607,Patient_1675,6/30/2026,A91-120,98941 [AT],Provider_A,100,7.45,P,Novitas solutions inc,MID-101675X,29.18,0000091291,0,0,0,63.37,0
ACC-87485635,Patient_1676,6/30/2026,A91-120,98941 [AT],Provider_B,100,7.45,B,Bankers Fidelity Life Insurance Co,MID-101676X,0,,46,0,0,63.37,0
ACC-94572551,Patient_1677,7/17/2024,F366+,98941,Provider_A,100,100,D,Blue Cross Blue Shield of New Mexico,MID-101677X,0,0000056357,0,0,0,0,0
ACC-42142939,Patient_1678,7/24/2024,F366+,98941 [AT],Provider_B,100,80,D,Presbyterian Health Plan,MID-101678X,0,0000056643,0,20,0,0,20
ACC-99188803,Patient_1679,7/29/2026,A61-90,98941 [AT],Provider_A,100,80,B,Novitas solutions inc,MID-101679X,0,,36,20,0,0,20
ACC-33604718,Patient_1680,8/14/2026,A31-60,98941 [AT],Provider_B,100,80,B,Novitas solutions inc,MID-101680X,0,,20,20,0.1,0,19.9
ACC-49337072,Patient_1681,8/19/2026,A31-60,98941 [AT],Provider_A,100,80,B,Novitas solutions inc,MID-101681X,0,,15,20,20,0,0
ACC-56113409,Patient_1682,8/25/2026,A31-60,98941 [AT],Provider_B,100,80,B,Novitas solutions inc,MID-101682X,0,,9,20,20,0,0
ACC-60158817,Patient_1683,12/16/2022,F366+,72052,Provider_A,210,210,B,Progressive Insurance,MID-101683X,0,0000070144,480,0,0,0,0
ACC-94247155,Patient_1684,12/16/2022,F366+,72120,Provider_B,240,240,B,Progressive Insurance,MID-101684X,0,0000070144,480,0,0,0,0
ACC-37835139,Patient_1685,12/16/2022,F366+,99203 [25],Provider_A,275,275,B,Progressive Insurance,MID-101685X,0,0000070144,480,0,0,0,0
ACC-29778383,Patient_1686,12/16/2022,F366+,S8948,Provider_B,60,60,B,Progressive Insurance,MID-101686X,0,0000070144,480,0,0,0,0
ACC-70071884,Patient_1687,12/27/2022,F366+,98941,Provider_A,100,100,B,Progressive Insurance,MID-101687X,0,0000070145,480,0,0,0,0
ACC-73917823,Patient_1688,12/27/2022,F366+,S8948,Provider_B,60,60,B,Progressive Insurance,MID-101688X,0,0000070145,480,0,0,0,0
ACC-67934949,Patient_1689,12/28/2022,F366+,98941,Provider_A,100,100,B,Progressive Insurance,MID-101689X,0,0000070146,480,0,0,0,0
ACC-83169096,Patient_1690,12/28/2022,F366+,S8948,Provider_B,60,60,B,Progressive Insurance,MID-101690X,0,0000070146,480,0,0,0,0
ACC-36444019,Patient_1691,12/29/2022,F366+,98941,Provider_A,100,100,B,Progressive Insurance,MID-101691X,0,0000069737,477,0,0,0,0
ACC-88127629,Patient_1692,12/29/2022,F366+,S8948,Provider_B,60,60,B,Progressive Insurance,MID-101692X,0,0000069737,477,0,0,0,0
ACC-36741999,Patient_1693,2/27/2023,F366+,99214 [25],Provider_A,150,150,P,Progressive Insurance,MID-101693X,0,,0,0,0,0,0
ACC-97464050,Patient_1694,6/19/2023,F366+,72052,Provider_B,210,210,B,Progressive Insurance,MID-101694X,0,0000070169,471,0,0,0,0
ACC-78733950,Patient_1695,6/19/2023,F366+,72120,Provider_A,240,240,B,Progressive Insurance,MID-101695X,0,0000070169,471,0,0,0,0
ACC-82554430,Patient_1696,6/26/2023,F366+,99214 [25],Provider_B,150,150,B,Progressive Insurance,MID-101696X,0,0000070170,449,0,0,0,0
ACC-66630398,Patient_1697,8/12/2026,A31-60,98941 [AT],Provider_A,100,80,B,Novitas solutions inc,MID-101697X,0,,22,20,20,0,0
ACC-69379453,Patient_1698,8/25/2026,A31-60,98941 [AT],Provider_B,100,80,B,Novitas solutions inc,MID-101698X,0,,9,20,20,0,0
ACC-34996890,Patient_1699,7/3/2024,F366+,98941 [AT],Provider_A,100,7.59,P,Novitas solutions inc,MID-101699X,29.73,0000055873,0,0,0,62.68,0
ACC-53664746,Patient_1700,7/3/2024,F366+,98941 [AT],Provider_B,100,7.59,B,Aetna Senior Supplemental Insurance,MID-101700X,0,0000056366,772,0,0,62.68,0
ACC-48585824,Patient_1701,8/28/2024,F366+,98941 [AT],Provider_A,100,7.59,P,Novitas solutions inc,MID-101701X,29.73,0000058127,0,0,0,62.68,0
ACC-37384211,Patient_1702,8/28/2024,F366+,98941 [AT],Provider_B,100,7.59,B,Aetna Senior Supplemental Insurance,MID-101702X,0,,698,0,0,62.68,0
ACC-76136487,Patient_1703,10/9/2024,F366+,98941 [AT],Provider_A,100,7.59,P,Novitas solutions inc,MID-101703X,29.73,0000059696,0,0,0,62.68,0
ACC-61332610,Patient_1704,10/9/2024,F366+,98941 [AT],Provider_B,100,7.59,B,Aetna Senior Supplemental Insurance,MID-101704X,0,,675,0,0,62.68,0
ACC-58163180,Patient_1705,8/17/2026,A31-60,98941 [AT],Provider_A,100,80,B,Novitas solutions inc,MID-101705X,0,,17,20,20,0,0
ACC-53926495,Patient_1706,8/26/2026,A31-60,98941 [AT],Provider_B,100,80,B,Novitas solutions inc,MID-101706X,0,,8,20,20,0,0
ACC-96029368,Patient_1707,2/14/2024,F366+,98941 [AT],Provider_A,100,12.42,B,Presbyterian Health Plan,MID-101707X,0,0000051661,926,0,0,67.58,20
ACC-21932763,Patient_1708,3/11/2024,F366+,98941 [AT],Provider_B,100,12.42,B,Presbyterian Health Plan,MID-101708X,0,0000060794,657,0,0,67.58,20
ACC-97502794,Patient_1709,7/29/2024,F366+,98941 [AT],Provider_A,100,100,D,Presbyterian Health Plan,MID-101709X,0,0000056779,0,0,0,0,0
ACC-20812612,Patient_1710,1/21/2025,F366+,98941 [AT],Provider_B,100,12.17,B,Presbyterian Health Plan,MID-101710X,0,0000065022,587,0,0,67.83,20
ACC-77125725,Patient_1711,2/17/2025,F366+,98941 [AT],Provider_A,100,12.17,B,Presbyterian Health Plan,MID-101711X,0,0000066197,561,0,0,67.83,20
ACC-85879263,Patient_1712,1/31/2024,F366+,98941 [AT],Provider_B,100,63.29,D,Novitas solutions inc,MID-101712X,29.25,0000051192,0,0,0,0,0
ACC-61927421,Patient_1713,1/31/2024,F366+,98941 [AT],Provider_A,100,63.29,D,Blue Cross Blue Shield of New Mexico,MID-101713X,7.46,,0,0,0,0,0
ACC-53476631,Patient_1714,3/21/2025,F366+,S8948,Provider_B,60,48,B,Novitas solutions inc,MID-101714X,0,0000067799,528,12,0,0,12
ACC-16111490,Patient_1715,9/6/2023,F366+,98941 [AT],Provider_A,100,20,B,Humana Medicare,MID-101715X,18.15,0000046450,586,0,0,61.85,0
ACC-56269611,Patient_1716,7/8/2024,F366+,98941,Provider_B,100,100,D,Presbyterian Health Plan,MID-101716X,0,0000055945,0,0,0,0,0
ACC-68601316,Patient_1717,7/15/2024,F366+,98941,Provider_A,100,100,D,Presbyterian Health Plan,MID-101717X,0,0000056192,0,0,0,0,0
ACC-65202395,Patient_1718,8/2/2024,F366+,98941,Provider_B,100,100,D,Presbyterian Health Plan,MID-101718X,0,0000057113,0,0,0,0,0
ACC-65663135,Patient_1719,1/3/2025,F366+,98941,Provider_A,100,25.42,B,Presbyterian Health Plan,MID-101719X,0,0000063207,605,0,0,67.58,7
ACC-37375858,Patient_1720,1/7/2025,F366+,98941,Provider_B,100,25.42,B,Presbyterian Health Plan,MID-101720X,0,0000063656,601,0,0,67.58,7
ACC-15102533,Patient_1721,7/12/2024,F366+,98941 [AT],Provider_A,100,80,D,Presbyterian Health Plan,MID-101721X,0,0000056191,0,20,0,0,20
ACC-60508734,Patient_1722,8/19/2026,A31-60,98941 [AT],Provider_B,100,22.23,B,Blue Cross Blue Shield Medicare Advantage,MID-101722X,0,,15,0,0,62.77,15
ACC-31530607,Patient_1723,12/18/2023,F366+,98941 [AT],Provider_A,40.41,7.7,P,Novitas solutions inc,MID-101723X,30.2,0000049925,0,0,0,2.51,0
ACC-84843778,Patient_1724,12/18/2023,F366+,98941 [AT],Provider_B,40.41,7.7,B,Blue Cross Blue Shield of New Mexico,MID-101724X,0,,974,0,0,2.51,0
ACC-11286137,Patient_1725,1/31/2024,F366+,98941 [AT],Provider_A,40.41,3.7,P,Novitas solutions inc,MID-101725X,29.25,0000051191,0,7.46,0,0,7.46
ACC-20608165,Patient_1726,1/31/2024,F366+,98941 [AT],Provider_B,40.41,3.7,B,Blue Cross Blue Shield of New Mexico,MID-101726X,0,,927,7.46,0,0,7.46
ACC-17439289,Patient_1727,3/15/2024,F366+,98941 [AT],Provider_A,40.41,7.59,P,Novitas solutions inc,MID-101727X,29.73,0000052685,0,0,0,3.09,0
ACC-56485441,Patient_1728,3/15/2024,F366+,98941 [AT],Provider_B,40.41,7.59,B,Blue Cross Blue Shield of New Mexico,MID-101728X,0,,882,0,0,3.09,0
ACC-89183716,Patient_1729,4/24/2024,F366+,98941 [AT],Provider_A,40.41,7.59,P,Novitas solutions inc,MID-101729X,29.73,0000053725,0,0,0,3.09,0
ACC-12941116,Patient_1730,4/24/2024,F366+,98941 [AT],Provider_B,40.41,7.59,B,Blue Cross Blue Shield of New Mexico,MID-101730X,0,,843,0,0,3.09,0
ACC-19107160,Patient_1731,7/3/2024,F366+,98941 [AT],Provider_A,40.41,0.61,D,Novitas solutions inc,MID-101731X,29.73,0000055872,0,0,0,2.48,0
ACC-81353234,Patient_1732,7/3/2024,F366+,98941 [AT],Provider_B,40.41,0.61,D,Blue Cross Blue Shield of New Mexico,MID-101732X,7.59,0000056364,0,0,0,2.48,0
ACC-71047346,Patient_1733,9/4/2024,F366+,98941 [AT],Provider_A,40.41,7.59,P,Novitas solutions inc,MID-101733X,29.73,0000058355,0,0,0,3.09,0
ACC-15713414,Patient_1734,9/4/2024,F366+,98941 [AT],Provider_B,40.41,7.59,B,Blue Cross Blue Shield of New Mexico,MID-101734X,0,,698,0,0,3.09,0
ACC-15692699,Patient_1735,3/5/2025,F366+,98941 [AT],Provider_A,40.41,7.43,P,Novitas solutions inc,MID-101735X,29.13,0000067168,0,0,0,3.85,0
ACC-20960940,Patient_1736,3/5/2025,F366+,98941 [AT],Provider_B,40.41,7.43,B,Blue Cross Blue Shield of New Mexico,MID-101736X,0,,532,0,0,3.85,0
ACC-90873883,Patient_1737,12/13/2023,F366+,98941 [AT],Provider_A,100,7.7,P,Novitas solutions inc,MID-101737X,30.2,0000049811,0,0,0,62.1,0
ACC-56444849,Patient_1738,12/13/2023,F366+,98941 [AT],Provider_B,100,7.7,B,Blue Cross Blue Shield of New Mexico,MID-101738X,0,,975,0,0,62.1,0
ACC-97471654,Patient_1739,1/10/2024,F366+,98941 [AT],Provider_A,100,37.31,P,Novitas solutions inc,MID-101739X,0,0000050452,0,0,0,62.69,0
ACC-72369252,Patient_1740,1/10/2024,F366+,98941 [AT],Provider_B,100,37.31,B,Blue Cross Blue Shield of New Mexico,MID-101740X,0,,956,0,0,62.69,0
ACC-27662866,Patient_1741,2/7/2024,F366+,98941 [AT],Provider_A,100,92.54,P,Novitas solutions inc,MID-101741X,0,0000051440,0,7.46,0,0,7.46
ACC-50579818,Patient_1742,2/7/2024,F366+,98941 [AT],Provider_B,100,92.54,B,Blue Cross Blue Shield of New Mexico,MID-101742X,0,,926,7.46,0,0,7.46
ACC-88887309,Patient_1743,5/7/2024,F366+,98941 [AT],Provider_A,100,0.34,D,Novitas solutions inc,MID-101743X,16.84,0000054082,0,0,0,62.07,0
ACC-90303531,Patient_1744,5/7/2024,F366+,98941 [AT],Provider_B,100,0.34,D,Blue Cross Blue Shield of New Mexico,MID-101744X,20.75,0000054504,0,0,0,62.07,0
ACC-17632350,Patient_1745,8/21/2024,F366+,98941 [AT],Provider_A,100,7.59,P,Novitas solutions inc,MID-101745X,29.73,0000057846,0,0,0,62.68,0
ACC-52800583,Patient_1746,8/21/2024,F366+,98941 [AT],Provider_B,100,7.59,B,Blue Cross Blue Shield of New Mexico,MID-101746X,0,,724,0,0,62.68,0
ACC-76095594,Patient_1747,8/23/2024,F366+,98941 [AT],Provider_A,100,7.59,P,Novitas solutions inc,MID-101747X,29.73,0000057973,0,0,0,62.68,0
ACC-48230662,Patient_1748,8/23/2024,F366+,98941 [AT],Provider_B,100,7.59,B,Blue Cross Blue Shield of New Mexico,MID-101748X,0,,722,0,0,62.68,0
ACC-38802200,Patient_1749,9/11/2024,F366+,98941 [AT],Provider_A,100,7.59,P,Novitas solutions inc,MID-101749X,29.73,0000058651,0,0,0,62.68,0
ACC-35743315,Patient_1750,9/11/2024,F366+,98941 [AT],Provider_B,100,7.59,B,Blue Cross Blue Shield of New Mexico,MID-101750X,0,,703,0,0,62.68,0
ACC-70627056,Patient_1751,3/11/2024,F366+,98941,Provider_A,100,65,B,Presbyterian Health Plan,MID-101751X,0,0000052456,903,35,0,0,35
ACC-42816889,Patient_1752,7/15/2024,F366+,98941,Provider_B,100,100,D,Presbyterian Health Plan,MID-101752X,0,0000056203,0,0,0,0,0
ACC-60855106,Patient_1753,10/28/2024,F366+,98941,Provider_A,100,-2.58,B,Presbyterian Health Plan,MID-101753X,0,0000060279,669,0,0,67.58,35
ACC-84462416,Patient_1754,1/6/2025,F366+,98941,Provider_B,100,-2.58,B,Presbyterian Health Plan,MID-101754X,0,0000063442,603,0,0,67.58,35
ACC-21672299,Patient_1755,8/19/2026,A31-60,98941 [AT],Provider_A,100,62.77,B,Novitas solutions inc,MID-101755X,0,,15,37.23,0,0,37.23
ACC-13941638,Patient_1756,4/2/2024,F366+,98941,Provider_B,100,25,P,Blue Cross Blue Shield of New Mexico,MID-101756X,12.09,0000053172,0,0,0,62.91,0
ACC-12467566,Patient_1757,4/2/2024,F366+,98941,Provider_A,100,25,B,Blue Cross Blue Shield of New Mexico,MID-101757X,0,,878,0,0,62.91,0
ACC-16839709,Patient_1758,4/29/2024,F366+,98941,Provider_B,100,25,P,Blue Cross Blue Shield of New Mexico,MID-101758X,12.09,0000053848,854,0,0,62.91,0
ACC-14682423,Patient_1759,4/29/2024,F366+,98941,Provider_A,100,25,B,Blue Cross Blue Shield of New Mexico,MID-101759X,0,,855,0,0,62.91,0
ACC-64728026,Patient_1760,6/3/2024,F366+,98941,Provider_B,100,25,P,Blue Cross Blue Shield of New Mexico,MID-101760X,12.09,0000054845,0,0,0,62.91,0
ACC-67105236,Patient_1761,6/3/2024,F366+,98941,Provider_A,100,25,B,Blue Cross Blue Shield of New Mexico,MID-101761X,0,,815,0,0,62.91,0
ACC-70819831,Patient_1762,7/1/2024,F366+,98941,Provider_B,100,25,D,Blue Cross Blue Shield of New Mexico,MID-101762X,12.09,0000055812,0,0,0,62.91,0
ACC-75618527,Patient_1763,7/1/2024,F366+,98941,Provider_A,100,25,D,Blue Cross Blue Shield of New Mexico,MID-101763X,0,0000057310,0,0,0,62.91,0
ACC-44414635,Patient_1764,7/30/2024,F366+,98941,Provider_B,100,25,D,Blue Cross Blue Shield of New Mexico,MID-101764X,12.09,0000056980,0,0,0,62.91,0
ACC-42190605,Patient_1765,7/30/2024,F366+,98941,Provider_A,100,25,D,Blue Cross Blue Shield of New Mexico,MID-101765X,0,0000057593,0,0,0,62.91,0
ACC-64591308,Patient_1766,8/26/2024,F366+,98941,Provider_B,100,25,P,Blue Cross Blue Shield of New Mexico,MID-101766X,12.09,0000058016,0,0,0,62.91,0
ACC-89567139,Patient_1767,8/26/2024,F366+,98941,Provider_A,100,25,B,Blue Cross Blue Shield of New Mexico,MID-101767X,0,,733,0,0,62.91,0
ACC-22519700,Patient_1768,9/23/2024,F366+,98941,Provider_B,100,25,P,Blue Cross Blue Shield of New Mexico,MID-101768X,12.09,0000059087,0,0,0,62.91,0
ACC-34950790,Patient_1769,9/23/2024,F366+,98941,Provider_A,100,25,B,Blue Cross Blue Shield of New Mexico,MID-101769X,0,,696,0,0,62.91,0
ACC-84123997,Patient_1770,12/21/2023,F366+,98941,Provider_B,100,17.42,B,Presbyterian Health Plan,MID-101770X,0,0000050062,980,0,0,67.58,15
ACC-33906373,Patient_1771,9/2/2026,A0-30,97012 [GP],Provider_A,30,30,B,Cigna,MID-101771X,0,0000093111,0,0,0,0,0
ACC-36300002,Patient_1772,9/2/2026,A0-30,98943,Provider_B,50,50,B,Cigna,MID-101772X,0,0000093111,0,0,0,0,0
ACC-73206408,Patient_1773,4/29/2026,A121-365,97039,Provider_A,60,60,B,Blue Cross Blue Shield of New Mexico,MID-101773X,0,0000092055,38,0,0,0,0
ACC-94165136,Patient_1774,4/30/2026,A121-365,98941,Provider_B,100,0.41,B,Blue Cross Blue Shield of New Mexico,MID-101774X,0,0000092971,3,0,0,62.91,36.68
ACC-49621878,Patient_1775,5/14/2026,A121-365,98941,Provider_A,100,0.41,B,Blue Cross Blue Shield of New Mexico,MID-101775X,0,0000092972,3,0,0,62.91,36.68
ACC-23402946,Patient_1776,5/18/2026,A121-365,98941,Provider_B,100,0.41,B,Blue Cross Blue Shield of New Mexico,MID-101776X,0,0000092973,3,0,0,62.91,36.68
ACC-36151524,Patient_1777,5/21/2026,A121-365,97039,Provider_A,60,60,B,Blue Cross Blue Shield of New Mexico,MID-101777X,0,0000092974,3,0,0,0,0
ACC-40185918,Patient_1778,5/21/2026,A121-365,98941,Provider_B,100,0.41,B,Blue Cross Blue Shield of New Mexico,MID-101778X,0,0000092974,3,0,0,62.91,36.68
ACC-50344284,Patient_1779,6/26/2026,A91-120,97012 [GP],Provider_A,30,30,B,Blue Cross Blue Shield of New Mexico,MID-101779X,0,0000092975,3,0,0,0,0
ACC-23314082,Patient_1780,6/26/2026,A91-120,97039,Provider_B,60,60,B,Blue Cross Blue Shield of New Mexico,MID-101780X,0,0000092975,3,0,0,0,0
ACC-16653515,Patient_1781,6/26/2026,A91-120,98941,Provider_A,100,0.41,B,Blue Cross Blue Shield of New Mexico,MID-101781X,0,0000092975,3,0,0,62.91,36.68
ACC-73992242,Patient_1782,7/24/2026,A61-90,97012 [GP],Provider_B,30,30,B,Blue Cross Blue Shield of New Mexico,MID-101782X,0,0000092056,38,0,0,0,0
ACC-85524009,Patient_1783,7/24/2026,A61-90,97039,Provider_A,60,60,B,Blue Cross Blue Shield of New Mexico,MID-101783X,0,0000092056,38,0,0,0,0
ACC-11230339,Patient_1784,7/24/2026,A61-90,98941,Provider_B,100,0.41,B,Blue Cross Blue Shield of New Mexico,MID-101784X,0,0000092056,38,0,0,62.91,36.68
ACC-38578042,Patient_1785,8/7/2026,A31-60,98941 [AT],Provider_A,100,80,B,Novitas,MID-101785X,0,,27,20,20,0,0
ACC-44690068,Patient_1786,8/26/2026,A31-60,98941 [AT],Provider_B,100,80,B,Novitas,MID-101786X,0,,8,20,20,0,0
ACC-93241698,Patient_1787,9/17/2024,F366+,98941 [AT],Provider_A,100,100,D,United HealthCare Medicare Advantage,MID-101787X,0,0000058922,0,0,0,0,0
ACC-57031300,Patient_1788,3/20/2024,F366+,98941,Provider_B,100,37.09,B,GEHA United Healthcare,MID-101788X,0,0000052893,891,0,0,62.91,0
ACC-61052255,Patient_1789,11/22/2024,F366+,98941,Provider_A,100,37.09,B,GEHA United Healthcare,MID-101789X,0,0000061687,645,0,0,62.91,0
ACC-14024079,Patient_1790,11/12/2024,F366+,98941 [AT],Provider_B,100,12.42,B,Presbyterian Health Plan,MID-101790X,0,0000066364,559,0,0,67.58,20
ACC-82795898,Patient_1791,1/15/2025,F366+,98941 [AT],Provider_A,100,12.42,B,Presbyterian Health Plan,MID-101791X,0,0000066367,559,0,0,67.58,20
ACC-69011680,Patient_1792,8/19/2026,A31-60,98941 [AT],Provider_B,100,80,B,Novitas solutions inc,MID-101792X,0,,15,20,0,0,20
ACC-23897611,Patient_1793,5/4/2026,A121-365,98941 [AT],Provider_A,100,29.78,B,Novitas solutions inc,MID-101793X,0,0000089027,120,0,0,62.77,7.45
ACC-89176349,Patient_1794,9/2/2026,A0-30,98941,Provider_B,100,29.35,B,Blue Cross Blue Shield of New Mexico,MID-101794X,0,0000093098,0,0,0,63.32,7.33
ACC-50942837,Patient_1795,7/31/2024,F366+,98941,Provider_A,100,100,D,Presbyterian Health Plan,MID-101795X,0,0000056958,0,0,0,0,0
ACC-67934557,Patient_1796,3/6/2024,F366+,98941 [AT],Provider_B,100,90.33,D,Novitas solutions inc,MID-101796X,7.7,0000052327,0,0,0,0,0
ACC-28120770,Patient_1797,3/6/2024,F366+,98941 [AT],Provider_A,100,90.33,D,Blue Cross Blue Shield of New Mexico,MID-101797X,1.97,0000052822,0,0,0,0,0
ACC-13562144,Patient_1798,3/1/2024,F366+,98941 [AT],Provider_B,40.41,40.41,D,Humana Medicare,MID-101798X,0,0000052226,0,0,0,0,0
ACC-45855554,Patient_1799,8/20/2024,F366+,98941 [AT],Provider_A,40.41,27.37,B,Humana Medicare,MID-101799X,0,0000057862,737,6.96,-3.04,3.04,10
ACC-95384240,Patient_1800,8/27/2024,F366+,98941 [AT],Provider_B,40.41,27.37,B,Humana Medicare,MID-101800X,0,0000058144,730,6.96,-3.04,3.04,10
ACC-83285773,Patient_1801,9/17/2024,F366+,98941 [AT],Provider_A,40.41,27.37,B,Humana Medicare,MID-101801X,0,0000058937,709,6.96,-3.04,3.04,10
ACC-29158837,Patient_1802,1/2/2024,F366+,98941 [AT],Provider_B,100,12.42,B,Presbyterian Health Plan,MID-101802X,0,0000050246,968,0,0,67.58,20
ACC-34981825,Patient_1803,7/22/2024,F366+,98941 [AT],Provider_A,100,80,D,Presbyterian Health Plan,MID-101803X,0,0000056505,0,20,0,0,20
ACC-54042937,Patient_1804,8/5/2024,F366+,98941 [AT],Provider_B,100,100,D,Presbyterian Health Plan,MID-101804X,0,0000057119,0,0,0,0,0
ACC-83193461,Patient_1805,10/28/2024,F366+,98941 [AT],Provider_A,100,12.81,B,Presbyterian Health Plan,MID-101805X,0,0000060267,669,0,0,67.19,20
ACC-57766277,Patient_1806,1/13/2025,F366+,98941 [AT],Provider_B,100,12.81,B,Presbyterian Health Plan,MID-101806X,0,0000063935,596,0,0,67.19,20
ACC-95418029,Patient_1807,1/27/2025,F366+,98941 [AT],Provider_A,100,12.81,B,Presbyterian Health Plan,MID-101807X,0,0000065113,582,0,0,67.19,20
ACC-97294723,Patient_1808,2/10/2025,F366+,98941 [AT],Provider_B,100,12.81,B,Presbyterian Health Plan,MID-101808X,0,0000065622,568,0,0,67.19,20
ACC-84192271,Patient_1809,2/25/2025,F366+,98941 [AT],Provider_A,100,12.81,B,Presbyterian Health Plan,MID-101809X,0,0000066736,552,0,0,67.19,20
ACC-54172824,Patient_1810,8/24/2026,A31-60,98941 [AT],Provider_B,100,21.79,B,Presbyterian Health Plan,MID-101810X,0,,10,0,0,63.21,15
ACC-59411066,Patient_1811,7/9/2024,F366+,98941,Provider_A,100,100,D,Presbyterian Health Plan,MID-101811X,0,0000056067,0,0,0,0,0
ACC-69186222,Patient_1812,7/18/2024,F366+,98941,Provider_B,100,65,D,Presbyterian Health Plan,MID-101812X,0,0000056369,0,35,0,0,35
ACC-65313030,Patient_1813,7/26/2024,F366+,98941,Provider_A,100,65,D,Presbyterian Health Plan,MID-101813X,0,0000056785,0,35,0,0,35
ACC-42914564,Patient_1814,7/31/2024,F366+,98941,Provider_B,100,100,D,Presbyterian Health Plan,MID-101814X,0,0000056959,0,0,0,0,0
ACC-76426304,Patient_1815,8/7/2024,F366+,98941,Provider_A,100,65,D,Presbyterian Health Plan,MID-101815X,0,0000057312,0,35,0,0,35
ACC-51101945,Patient_1816,8/31/2026,A0-30,98943,Provider_B,50,20,B,Presbyterian Health Plan,MID-101816X,0,0000093030,1,30,30,0,0
ACC-71005406,Patient_1817,2/16/2024,F366+,98941,Provider_A,100,67.58,D,Presbyterian Health Plan,MID-101817X,0,,930,32.42,0,0,32.42
ACC-92002863,Patient_1818,8/7/2023,F366+,98941,Provider_B,100,100,D,USAA Insurance,MID-101818X,0,0000064493,443,0,0,0,0
ACC-96399297,Patient_1819,8/9/2023,F366+,98941,Provider_A,100,100,D,USAA Insurance,MID-101819X,0,0000064494,443,0,0,0,0
ACC-72510325,Patient_1820,8/11/2023,F366+,98941,Provider_B,100,100,D,USAA Insurance,MID-101820X,0,0000064495,443,0,0,0,0
ACC-15052792,Patient_1821,8/14/2023,F366+,98941,Provider_A,100,100,D,USAA Insurance,MID-101821X,0,0000064496,443,0,0,0,0
ACC-30554411,Patient_1822,8/25/2023,F366+,98941,Provider_B,100,100,D,USAA Insurance,MID-101822X,0,0000064497,443,0,0,0,0
ACC-19833175,Patient_1823,8/28/2023,F366+,98941,Provider_A,100,100,D,USAA Insurance,MID-101823X,0,0000064498,443,0,0,0,0
ACC-89218537,Patient_1824,8/30/2023,F366+,98941,Provider_B,100,100,D,USAA Insurance,MID-101824X,0,0000064499,443,0,0,0,0
ACC-42301742,Patient_1825,9/11/2023,F366+,98941,Provider_A,100,100,D,USAA Insurance,MID-101825X,0,0000064500,443,0,0,0,0
ACC-38190524,Patient_1826,9/15/2023,F366+,98941,Provider_B,100,100,D,USAA Insurance,MID-101826X,0,0000064501,443,0,0,0,0
ACC-59705613,Patient_1827,9/15/2023,F366+,99214 [25],Provider_A,150,150,D,USAA Insurance,MID-101827X,0,0000064501,443,0,0,0,0
ACC-19270889,Patient_1828,9/20/2023,F366+,98941,Provider_B,100,100,D,USAA Insurance,MID-101828X,0,0000064502,443,0,0,0,0
ACC-97394787,Patient_1829,9/25/2023,F366+,98941,Provider_A,100,100,D,USAA Insurance,MID-101829X,0,0000064503,443,0,0,0,0
ACC-38521322,Patient_1830,10/2/2023,F366+,98941,Provider_B,100,100,D,USAA Insurance,MID-101830X,0,0000073712,0,0,0,0,0
ACC-40185742,Patient_1831,10/13/2023,F366+,98941,Provider_A,100,100,D,USAA Insurance,MID-101831X,0,0000064505,443,0,0,0,0
ACC-24873123,Patient_1832,10/16/2023,F366+,98941,Provider_B,100,100,D,USAA Insurance,MID-101832X,0,0000064506,443,0,0,0,0
ACC-20609118,Patient_1833,10/25/2023,F366+,98941,Provider_A,100,100,D,USAA Insurance,MID-101833X,0,0000064507,443,0,0,0,0
ACC-68966306,Patient_1834,11/1/2023,F366+,98941,Provider_B,100,100,D,USAA Insurance,MID-101834X,0,0000064508,443,0,0,0,0
ACC-85872127,Patient_1835,11/8/2023,F366+,98941,Provider_A,100,100,D,USAA Insurance,MID-101835X,0,0000064509,443,0,0,0,0
ACC-48678098,Patient_1836,11/15/2023,F366+,98941,Provider_B,100,100,D,USAA Insurance,MID-101836X,0,0000064510,443,0,0,0,0
ACC-97155477,Patient_1837,11/20/2023,F366+,98941,Provider_A,100,100,D,USAA Insurance,MID-101837X,0,0000064511,443,0,0,0,0
ACC-50770705,Patient_1838,11/28/2023,F366+,98941,Provider_B,100,100,D,USAA Insurance,MID-101838X,0,0000064512,443,0,0,0,0
ACC-55900121,Patient_1839,12/5/2023,F366+,98941,Provider_A,100,100,D,USAA Insurance,MID-101839X,0,0000064513,443,0,0,0,0
ACC-61283748,Patient_1840,12/12/2023,F366+,98941,Provider_B,100,100,D,USAA Insurance,MID-101840X,0,0000064514,443,0,0,0,0
ACC-50378962,Patient_1841,12/20/2023,F366+,98941,Provider_A,100,100,D,USAA Insurance,MID-101841X,0,0000064515,443,0,0,0,0
ACC-81945521,Patient_1842,1/2/2024,F366+,98941,Provider_B,100,100,D,USAA Insurance,MID-101842X,0,0000064516,443,0,0,0,0
ACC-24420332,Patient_1843,1/16/2024,F366+,98941,Provider_A,100,100,D,USAA Insurance,MID-101843X,0,0000064517,443,0,0,0,0
ACC-12453677,Patient_1844,1/23/2024,F366+,98941,Provider_B,100,100,D,USAA Insurance,MID-101844X,0,0000064518,443,0,0,0,0
ACC-22803351,Patient_1845,1/30/2024,F366+,98941,Provider_A,100,100,D,USAA Insurance,MID-101845X,0,0000064519,443,0,0,0,0
ACC-23374420,Patient_1846,2/6/2024,F366+,98941,Provider_B,100,100,D,USAA Insurance,MID-101846X,0,0000064520,443,0,0,0,0
ACC-90620105,Patient_1847,2/13/2024,F366+,98941,Provider_A,100,100,D,USAA Insurance,MID-101847X,0,0000064521,443,0,0,0,0
ACC-72385277,Patient_1848,2/20/2024,F366+,98941,Provider_B,100,100,D,USAA Insurance,MID-101848X,0,0000064522,443,0,0,0,0
ACC-77310968,Patient_1849,2/27/2024,F366+,98941,Provider_A,100,100,D,USAA Insurance,MID-101849X,0,0000064523,443,0,0,0,0
ACC-82848727,Patient_1850,3/5/2024,F366+,98941,Provider_B,100,100,D,USAA Insurance,MID-101850X,0,0000064524,443,0,0,0,0
ACC-88330483,Patient_1851,3/12/2024,F366+,98941,Provider_A,100,100,D,USAA Insurance,MID-101851X,0,0000064525,443,0,0,0,0
ACC-83454467,Patient_1852,3/12/2024,F366+,99214 [25],Provider_B,150,150,D,USAA Insurance,MID-101852X,0,0000064525,443,0,0,0,0
ACC-57149929,Patient_1853,3/19/2024,F366+,98941,Provider_A,100,100,D,USAA Insurance,MID-101853X,0,0000064526,443,0,0,0,0
ACC-49644622,Patient_1854,8/31/2026,A0-30,97012 [GP],Provider_B,30,-15.17,B,Blue Cross Blue Shield of New Mexico,MID-101854X,0,0000093031,1,4.83,-20.17,20.17,25
ACC-74044644,Patient_1855,8/31/2026,A0-30,98942,Provider_A,125,125,B,Blue Cross Blue Shield of New Mexico,MID-101855X,0,0000093031,1,0,0,0,0
ACC-43133905,Patient_1856,2/4/2025,F366+,98941 [AT],Provider_B,100,12.17,B,Presbyterian Health Plan,MID-101856X,0,0000065434,573,0,0,67.83,20
ACC-47227045,Patient_1857,3/13/2024,F366+,98941,Provider_A,100,100,B,Presbyterian Health Plan,MID-101857X,0,0000066395,559,0,0,0,0
ACC-23434904,Patient_1858,3/15/2024,F366+,98941,Provider_B,100,100,B,Presbyterian Health Plan,MID-101858X,0,0000066396,559,0,0,0,0
ACC-89889958,Patient_1859,5/8/2024,F366+,98941,Provider_A,100,100,B,Presbyterian Health Plan,MID-101859X,0,,842,0,0,0,0
ACC-87129917,Patient_1860,7/29/2026,A61-90,97012 [GP],Provider_B,30,30,B,Blue Cross Blue Shield of New Mexico,MID-101860X,0,,36,0,0,0,0
ACC-85401627,Patient_1861,7/29/2026,A61-90,98941,Provider_A,100,36.68,B,Blue Cross Blue Shield of New Mexico,MID-101861X,0,,36,0,0,63.32,0
ACC-75135836,Patient_1862,8/12/2026,A31-60,97012 [GP],Provider_B,30,30,B,Blue Cross Blue Shield of New Mexico,MID-101862X,0,,22,0,0,0,0
ACC-48077082,Patient_1863,8/12/2026,A31-60,98941,Provider_A,100,36.68,B,Blue Cross Blue Shield of New Mexico,MID-101863X,0,,22,0,0,63.32,0
ACC-64532718,Patient_1864,7/11/2024,F366+,98941,Provider_B,100,100,D,Presbyterian Health Plan,MID-101864X,0,0000056070,0,0,0,0,0
ACC-43821427,Patient_1865,1/20/2025,F366+,98941,Provider_A,100,32.42,B,Presbyterian Health Plan,MID-101865X,0,0000064893,589,0,0,67.58,0
ACC-99696936,Patient_1866,7/24/2023,F366+,98941,Provider_B,100,100,B,AARP Medicare Advantage,MID-101866X,0,0000045156,600,0,0,0,0
ACC-17864081,Patient_1867,2/2/2024,F366+,98941 [AT],Provider_A,100,86.28,D,AARP Medicare Advantage,MID-101867X,13.72,0000051315,828,0,0,0,0
ACC-51861941,Patient_1868,3/4/2024,F366+,98941 [AT],Provider_B,100,100,D,AARP Medicare Advantage,MID-101868X,0,0000052206,0,0,0,0,0
ACC-93046266,Patient_1869,3/25/2024,F366+,98941 [AT],Provider_A,100,86.28,D,AARP Medicare Advantage,MID-101869X,13.72,0000052925,835,0,0,0,0
ACC-40380111,Patient_1870,4/1/2024,F366+,98941 [AT],Provider_B,100,100,D,AARP Medicare Advantage,MID-101870X,0,0000053042,0,0,0,0,0
ACC-33928470,Patient_1871,4/29/2024,F366+,98941 [AT],Provider_A,100,100,D,AARP Medicare Advantage,MID-101871X,0,0000053814,0,0,0,0,0
ACC-39620639,Patient_1872,5/28/2024,F366+,98941 [AT],Provider_B,100,86.28,D,AARP Medicare Advantage,MID-101872X,13.72,0000054664,795,0,0,0,0
ACC-18312476,Patient_1873,6/10/2024,F366+,98941 [AT],Provider_A,100,71.28,D,AARP Medicare Advantage,MID-101873X,13.72,0000055028,785,15,0,0,15
ACC-19360868,Patient_1874,7/1/2024,F366+,98941 [AT],Provider_B,100,71.28,D,AARP Medicare Advantage,MID-101874X,13.72,0000055796,758,15,0,0,15
ACC-84636984,Patient_1875,7/29/2024,F366+,98941 [AT],Provider_A,100,71.28,D,AARP Medicare Advantage,MID-101875X,13.72,0000056787,721,15,0,0,15
ACC-81910443,Patient_1876,8/26/2024,F366+,98941 [AT],Provider_B,100,100,D,AARP Medicare Advantage,MID-101876X,0,0000057981,0,0,0,0,0
ACC-89444643,Patient_1877,8/17/2026,A31-60,98941 [AT],Provider_A,100,85,B,AARP Medicare Advantage,MID-101877X,0,,17,15,15,0,0
ACC-99295881,Patient_1878,3/5/2025,F366+,98941,Provider_B,100,100,B,(LIFE1) United HealthCare,MID-101878X,0,0000067173,545,0,0,0,0
ACC-71554742,Patient_1879,10/2/2024,F366+,98941,Provider_A,100,92.59,D,Blue Cross Blue Shield of New Mexico,MID-101879X,0,,701,7.41,7.41,0,0
ACC-92248486,Patient_1880,10/7/2024,F366+,98941,Provider_B,100,92.59,D,Blue Cross Blue Shield of New Mexico,MID-101880X,0,,696,7.41,7.41,0,0
ACC-82655355,Patient_1881,10/14/2024,F366+,98941,Provider_A,100,92.59,D,Blue Cross Blue Shield of New Mexico,MID-101881X,0,,689,7.41,7.41,0,0
ACC-45296098,Patient_1882,10/16/2024,F366+,98941,Provider_B,100,92.59,D,Blue Cross Blue Shield of New Mexico,MID-101882X,0,,687,7.41,7.41,0,0
ACC-21187104,Patient_1883,10/21/2024,F366+,98941,Provider_A,100,92.59,D,Blue Cross Blue Shield of New Mexico,MID-101883X,0,,682,7.41,7.41,0,0
ACC-16876877,Patient_1884,10/24/2024,F366+,98941,Provider_B,100,92.59,D,Blue Cross Blue Shield of New Mexico,MID-101884X,0,,679,7.41,7.41,0,0
ACC-35411986,Patient_1885,10/28/2024,F366+,98941,Provider_A,100,92.59,D,Blue Cross Blue Shield of New Mexico,MID-101885X,0,,675,7.41,7.41,0,0
ACC-19699477,Patient_1886,8/20/2026,A31-60,97012 [GP],Provider_B,30,30,B,Presbyterian Health Plan,MID-101886X,0,0000092800,10,0,0,0,0
ACC-53103221,Patient_1887,8/20/2026,A31-60,98941,Provider_A,100,12.15,B,Presbyterian Health Plan,MID-101887X,0,0000092800,10,0,0,62.85,25
ACC-34147377,Patient_1888,8/31/2026,A0-30,97012 [GP],Provider_B,30,30,B,Presbyterian Health Plan,MID-101888X,0,0000093032,1,0,0,0,0
ACC-23053360,Patient_1889,8/31/2026,A0-30,98941,Provider_A,100,12.15,B,Presbyterian Health Plan,MID-101889X,0,0000093032,1,0,0,62.85,25
ACC-54513992,Patient_1890,8/3/2026,A31-60,98941 [AT],Provider_B,40.41,32.33,B,Novitas solutions inc,MID-101890X,0,,31,8.08,0,0,8.08
ACC-66622957,Patient_1891,8/24/2026,A31-60,98941 [AT],Provider_A,40.41,32.33,B,Novitas solutions inc,MID-101891X,0,,10,8.08,0,0,8.08
ACC-30509435,Patient_1892,6/28/2023,F366+,72020,Provider_B,45,45,D,Presbyterian Health Plan,MID-101892X,0,0000045043,0,0,0,0,0
ACC-20081262,Patient_1893,7/10/2024,F366+,98941,Provider_A,100,100,D,Presbyterian Health Plan,MID-101893X,0,0000056072,0,0,0,0,0
ACC-76869914,Patient_1894,10/21/2024,F366+,98941,Provider_B,100,56.9,B,Presbyterian Health Plan,MID-101894X,0,0000060020,679,0,0,43.1,0
ACC-81446112,Patient_1895,9/2/2026,A0-30,97012 [GP],Provider_A,30,13.93,B,Presbyterian Health Plan,MID-101895X,0,0000093099,0,0,0,16.07,0
ACC-35439880,Patient_1896,9/2/2026,A0-30,98943,Provider_B,50,5.73,B,Presbyterian Health Plan,MID-101896X,0,0000093099,0,0,0,24.27,20
ACC-88978744,Patient_1897,4/15/2024,F366+,98941,Provider_A,100,32.42,B,Presbyterian Health Plan,MID-101897X,0,,868,0,0,67.58,0
ACC-62336064,Patient_1898,1/6/2025,F366+,98941 [AT],Provider_B,100,11.77,B,Presbyterian Health Plan,MID-101898X,0,0000063440,603,0,0,68.23,20
ACC-12881936,Patient_1899,1/10/2025,F366+,98941 [AT],Provider_A,100,11.77,B,Presbyterian Health Plan,MID-101899X,0,0000063807,598,0,0,68.23,20
ACC-82570782,Patient_1900,6/17/2024,F366+,98941 [AT],Provider_B,100,100,B,Presbyterian Health Plan,MID-101900X,0,0000066372,559,0,0,0,0
ACC-45338936,Patient_1901,7/2/2024,F366+,98941 [AT],Provider_A,100,100,B,Presbyterian Health Plan,MID-101901X,0,0000066373,559,0,0,0,0
ACC-44507879,Patient_1902,7/16/2024,F366+,98941 [AT],Provider_B,100,100,B,Presbyterian Health Plan,MID-101902X,0,0000066374,559,0,0,0,0
ACC-90141758,Patient_1903,7/30/2024,F366+,98941 [AT],Provider_A,100,100,B,Presbyterian Health Plan,MID-101903X,0,0000066375,559,0,0,0,0
ACC-42495673,Patient_1904,8/13/2024,F366+,98941 [AT],Provider_B,100,100,B,Presbyterian Health Plan,MID-101904X,0,0000066376,559,0,0,0,0
ACC-73129953,Patient_1905,8/27/2024,F366+,98941 [AT],Provider_A,100,100,B,Presbyterian Health Plan,MID-101905X,0,0000066377,559,0,0,0,0
ACC-98764844,Patient_1906,9/18/2024,F366+,98941 [AT],Provider_B,100,100,B,Presbyterian Health Plan,MID-101906X,0,0000066378,559,0,0,0,0
ACC-30343241,Patient_1907,10/16/2024,F366+,98941 [AT],Provider_A,100,100,B,Presbyterian Health Plan,MID-101907X,0,0000066379,559,0,0,0,0
ACC-14410036,Patient_1908,11/13/2024,F366+,98941 [AT],Provider_B,100,100,B,Presbyterian Health Plan,MID-101908X,0,0000066380,559,0,0,0,0
ACC-92755387,Patient_1909,1/15/2025,F366+,98941 [AT],Provider_A,100,100,B,Presbyterian Health Plan,MID-101909X,0,0000066381,559,0,0,0,0
ACC-34877749,Patient_1910,2/12/2025,F366+,98941 [AT],Provider_B,100,100,B,Presbyterian Health Plan,MID-101910X,0,0000066382,559,0,0,0,0
ACC-80032071,Patient_1911,8/27/2026,A31-60,97012 [GP],Provider_A,30,30,B,Blue Cross Blue Shield of New Mexico,MID-101911X,0,0000092976,3,0,0,0,0
ACC-57525943,Patient_1912,8/27/2026,A31-60,98941,Provider_B,100,25.68,B,Blue Cross Blue Shield of New Mexico,MID-101912X,0,0000092976,3,0,0,63.32,0
ACC-12333254,Patient_1913,7/14/2023,F366+,98941 [AT],Provider_A,100,20,B,AARP Medicare Advantage,MID-101913X,8.82,0000045144,600,0,0,71.18,0
ACC-22064726,Patient_1914,11/29/2023,F366+,97110,Provider_B,35,35,D,Presbyterian Health Plan,MID-101914X,0,0000049219,0,0,0,0,0
ACC-79809842,Patient_1915,3/6/2024,F366+,98941,Provider_A,100,100,D,Blue Cross Blue Shield of New Mexico,MID-101915X,0,0000052445,721,0,0,0,0
ACC-63045476,Patient_1916,10/4/2024,F366+,98941,Provider_B,100,100,D,Blue Cross Blue Shield of New Mexico,MID-101916X,0,0000059572,693,0,0,0,0
ACC-15990889,Patient_1917,10/9/2024,F366+,98941,Provider_A,100,100,D,Blue Cross Blue Shield of New Mexico,MID-101917X,0,0000059701,0,0,0,0,0
ACC-37807363,Patient_1918,8/3/2026,A31-60,98941 [AT],Provider_B,100,14,B,(LIFE1) United HealthCare,MID-101918X,0,0000092704,13,0,0,71,15
ACC-84907548,Patient_1919,8/17/2026,A31-60,98941 [AT],Provider_A,100,14,B,(LIFE1) United HealthCare,MID-101919X,0,0000092705,13,0,0,71,15
ACC-89369520,Patient_1920,12/21/2023,F366+,98941,Provider_B,100,100,B,Presbyterian Health Plan,MID-101920X,0,0000050081,980,0,0,0,0
ACC-74265121,Patient_1921,1/22/2024,F366+,98941,Provider_A,100,100,D,Presbyterian Health Plan,MID-101921X,0,0000050794,0,0,0,0,0
ACC-71047115,Patient_1922,1/29/2024,F366+,98941,Provider_B,100,100,B,Presbyterian Health Plan,MID-101922X,0,0000051089,945,0,0,0,0
ACC-35337368,Patient_1923,7/31/2024,F366+,98941,Provider_A,100,100,D,Presbyterian Health Plan,MID-101923X,0,0000056962,0,0,0,0,0
ACC-42854247,Patient_1924,11/30/2023,F366+,98941,Provider_B,100,17.42,B,Presbyterian Health Plan,MID-101924X,0,0000049224,1003,0,0,67.58,15
ACC-30546131,Patient_1925,12/20/2023,F366+,98941,Provider_A,100,17.42,B,Presbyterian Health Plan,MID-101925X,0,0000050086,980,0,0,67.58,15
ACC-46073017,Patient_1926,5/8/2024,F366+,98941,Provider_B,100,85,D,Presbyterian Health Plan,MID-101926X,0,0000058134,0,15,0,0,15
ACC-51905261,Patient_1927,7/10/2024,F366+,98941,Provider_A,100,85,D,Presbyterian Health Plan,MID-101927X,0,0000056075,0,15,0,0,15
ACC-30586867,Patient_1928,7/24/2024,F366+,98941,Provider_B,100,85,D,Presbyterian Health Plan,MID-101928X,0,0000056651,0,15,0,0,15
ACC-89110844,Patient_1929,8/7/2024,F366+,98941,Provider_A,100,85,D,Presbyterian Health Plan,MID-101929X,0,0000057320,0,15,0,0,15
ACC-32635925,Patient_1930,10/16/2024,F366+,98941,Provider_B,100,85,B,Presbyterian Health Plan,MID-101930X,0,0000059901,681,15,0,0,15
ACC-37590992,Patient_1931,10/30/2024,F366+,98941,Provider_A,100,85,B,Presbyterian Health Plan,MID-101931X,0,0000060425,667,15,0,0,15
ACC-44402949,Patient_1932,2/5/2025,F366+,98941,Provider_B,100,85,B,Presbyterian Health Plan,MID-101932X,0,0000065441,573,15,0,0,15
ACC-81802124,Patient_1933,8/26/2026,A31-60,98943,Provider_A,50,35,B,Presbyterian Health Plan,MID-101933X,0,0000092911,6,15,0,0,15
ACC-62701031,Patient_1934,9/2/2026,A0-30,98943,Provider_B,50,35,B,Presbyterian Health Plan,MID-101934X,0,0000093102,0,15,0,0,15
ACC-23770536,Patient_1935,1/26/2024,F366+,98941,Provider_A,100,53.93,B,WebTPA,MID-101935X,0,0000051091,945,0,0,46.07,0
ACC-77835139,Patient_1936,2/16/2024,F366+,98941,Provider_B,100,53.93,B,WebTPA,MID-101936X,0,0000051781,924,0,0,46.07,0
ACC-58835887,Patient_1937,3/1/2024,F366+,98941,Provider_A,100,53.93,B,WebTPA,MID-101937X,0,0000052208,910,0,0,46.07,0
ACC-75943153,Patient_1938,4/5/2024,F366+,98941,Provider_B,100,53.93,B,WebTPA,MID-101938X,0,0000053244,875,0,0,46.07,0
ACC-89415428,Patient_1939,5/10/2024,F366+,98941,Provider_A,100,53.93,B,WebTPA,MID-101939X,0,0000054191,840,0,0,46.07,0
ACC-97002432,Patient_1940,8/30/2024,F366+,98941,Provider_B,100,53.93,B,WebTPA,MID-101940X,0,0000058260,728,0,0,46.07,0
ACC-89326785,Patient_1941,12/20/2023,F366+,98941,Provider_A,100,34.74,B,WellProtector SGIC,MID-101941X,0,0000050730,954,0,0,65.26,0
ACC-47190918,Patient_1942,12/22/2023,F366+,98941,Provider_B,100,100,D,WellProtector SGIC,MID-101942X,0,0000050731,0,0,0,0,0
ACC-60863634,Patient_1943,4/29/2026,A121-365,98941 [AT],Provider_A,100,29.72,B,Novitas solutions inc,MID-101943X,0,0000088861,125,0,0,62.85,7.43
ACC-74003927,Patient_1944,2/14/2024,F366+,98941 [AT],Provider_B,100,12.42,B,Presbyterian Health Plan,MID-101944X,0,0000051671,926,0,0,67.58,20
ACC-86251881,Patient_1945,7/17/2024,F366+,98941 [AT],Provider_A,100,100,D,Presbyterian Health Plan,MID-101945X,0,0000056375,0,0,0,0,0
ACC-80839670,Patient_1946,12/31/2024,F366+,98941 [AT],Provider_B,100,12.42,B,Presbyterian Health Plan,MID-101946X,0,0000063132,608,0,0,67.58,20
ACC-20454184,Patient_1947,1/29/2024,F366+,98941,Provider_A,100,65.26,D,Cigna,MID-101947X,9.74,0000051092,0,25,0,0,25
ACC-54092797,Patient_1948,2/5/2024,F366+,98941,Provider_B,100,75,B,Cigna,MID-101948X,0,0000051320,938,25,0,0,25
ACC-27010820,Patient_1949,2/14/2024,F366+,98941 [AT],Provider_A,100,12.42,B,Presbyterian Health Plan,MID-101949X,0,0000051672,926,0,0,67.58,20
ACC-79904207,Patient_1950,2/2/2024,F366+,72052,Provider_B,210,210,D,Presbyterian Health Plan,MID-101950X,0,0000057727,0,0,0,0,0
ACC-32504584,Patient_1951,2/2/2024,F366+,72120,Provider_A,240,240,D,Presbyterian Health Plan,MID-101951X,0,0000057727,0,0,0,0,0
ACC-77745829,Patient_1952,2/2/2024,F366+,98941,Provider_B,100,100,D,Presbyterian Health Plan,MID-101952X,0,0000057727,0,0,0,0,0
ACC-31069586,Patient_1953,8/8/2024,F366+,98941,Provider_A,100,100,D,Presbyterian Health Plan,MID-101953X,0,0000057319,0,0,0,0,0
ACC-63588772,Patient_1954,8/26/2026,A31-60,97012 [GP],Provider_B,30,-6.07,B,Presbyterian Health Plan,MID-101954X,0,0000092910,6,3.93,3.93,16.07,0
ACC-85098074,Patient_1955,8/26/2026,A31-60,98942,Provider_A,125,125,B,Presbyterian Health Plan,MID-101955X,0,0000092910,6,0,0,0,0
ACC-86461639,Patient_1956,9/2/2026,A0-30,97012 [GP],Provider_B,30,-6.07,B,Presbyterian Health Plan,MID-101956X,0,0000093101,0,3.93,3.93,16.07,0
ACC-45346531,Patient_1957,9/2/2026,A0-30,98942,Provider_A,125,125,B,Presbyterian Health Plan,MID-101957X,0,0000093101,0,0,0,0,0
ACC-34618291,Patient_1958,7/16/2024,F366+,98941 [AT],Provider_B,100,100,D,Presbyterian Health Plan,MID-101958X,0,0000056373,0,0,0,0,0
ACC-73287642,Patient_1959,12/11/2023,F366+,99214 [25],Provider_A,150,150,D,Presbyterian Health Plan,MID-101959X,0,0000049569,0,0,0,0,0
ACC-10448410,Patient_1960,8/8/2024,F366+,98941,Provider_B,100,100,D,Presbyterian Health Plan,MID-101960X,0,0000057324,0,0,0,0,0
ACC-57034427,Patient_1961,1/17/2024,F366+,S8990,Provider_A,60,60,B,GEHA United Healthcare,MID-101961X,0,0000050697,954,0,0,0,0
ACC-12007826,Patient_1962,12/22/2023,F366+,97110,Provider_B,35,35,D,Presbyterian Health Plan,MID-101962X,0,0000050098,0,0,0,0,0
ACC-70304906,Patient_1963,1/2/2024,F366+,98941 [AT],Provider_A,40.41,40.41,B,Presbyterian Health Plan,MID-101963X,0,0000050266,968,0,0,0,0
ACC-79173109,Patient_1964,2/1/2024,F366+,99214 [25],Provider_B,150,150,D,Presbyterian Health Plan,MID-101964X,0,0000051211,0,0,0,0,0
ACC-54670923,Patient_1965,2/14/2024,F366+,98941 [AT],Provider_A,40.41,40.41,B,Presbyterian Health Plan,MID-101965X,0,0000051673,926,0,0,0,0
ACC-80634892,Patient_1966,2/23/2024,F366+,97110,Provider_B,35,35,D,Presbyterian Health Plan,MID-101966X,0,0000052021,0,0,0,0,0
ACC-29303754,Patient_1967,1/8/2025,F366+,98941 [AT],Provider_A,40.41,32.81,B,Presbyterian Health Plan,MID-101967X,0,0000063666,601,0,0,7.6,0
ACC-54293581,Patient_1968,2/5/2025,F366+,98941 [AT],Provider_B,40.41,32.81,B,Presbyterian Health Plan,MID-101968X,0,0000065442,573,0,0,7.6,0
ACC-39382585,Patient_1969,3/6/2024,F366+,98941,Provider_A,100,12.42,B,Presbyterian Health Plan,MID-101969X,0,0000052338,905,0,0,67.58,20
ACC-27796519,Patient_1970,1/6/2025,F366+,98941 [AT],Provider_B,100,12.81,B,Presbyterian Health Plan,MID-101970X,0,0000063441,603,0,0,67.19,20
ACC-22293821,Patient_1971,2/10/2025,F366+,98941 [AT],Provider_A,100,12.81,B,Presbyterian Health Plan,MID-101971X,0,0000065625,568,0,0,67.19,20
ACC-96024128,Patient_1972,11/29/2023,F366+,97110,Provider_B,35,35,D,Presbyterian Health Plan,MID-101972X,0,0000049234,0,0,0,0,0
ACC-23647564,Patient_1973,12/8/2023,F366+,99214 [25],Provider_A,150,150,D,Presbyterian Health Plan,MID-101973X,0,0000049576,0,0,0,0,0
ACC-58428480,Patient_1974,1/5/2024,F366+,97110,Provider_B,35,35,D,Presbyterian Health Plan,MID-101974X,0,0000050366,698,0,0,0,0
ACC-46298751,Patient_1975,1/26/2024,F366+,99214 [25],Provider_A,150,150,B,Presbyterian Health Plan,MID-101975X,0,0000051454,933,0,0,0,0
ACC-84363202,Patient_1976,11/22/2023,F366+,98941 [AT],Provider_B,100,100,D,Presbyterian Health Plan,MID-101976X,0,0000049476,0,0,0,0,0
ACC-32495363,Patient_1977,2/14/2024,F366+,98941 [AT],Provider_A,100,80,B,Presbyterian Health Plan,MID-101977X,0,0000051674,926,20,0,0,20
ACC-74247267,Patient_1978,10/9/2023,F366+,72052,Provider_B,210,210,B,State Farm Insurance,MID-101978X,0,,856,0,0,0,0
ACC-84507297,Patient_1979,10/9/2023,F366+,72120,Provider_A,240,240,B,State Farm Insurance,MID-101979X,0,,856,0,0,0,0
ACC-61694559,Patient_1980,10/9/2023,F366+,98941,Provider_B,100,100,B,State Farm Insurance,MID-101980X,0,,856,0,0,0,0
ACC-32535806,Patient_1981,10/9/2023,F366+,99203 [25],Provider_A,275,275,B,State Farm Insurance,MID-101981X,0,,856,0,0,0,0
ACC-40057018,Patient_1982,10/11/2023,F366+,98941,Provider_B,100,100,B,State Farm Insurance,MID-101982X,0,,856,0,0,0,0
ACC-24166385,Patient_1983,10/11/2023,F366+,99211 [25],Provider_A,75,75,B,State Farm Insurance,MID-101983X,0,,856,0,0,0,0
ACC-71156557,Patient_1984,10/13/2023,F366+,98941,Provider_B,100,100,B,State Farm Insurance,MID-101984X,0,,856,0,0,0,0
ACC-71051592,Patient_1985,10/13/2023,F366+,99211 [25],Provider_A,75,75,B,State Farm Insurance,MID-101985X,0,,856,0,0,0,0
ACC-42926170,Patient_1986,10/13/2023,F366+,S8948,Provider_B,60,60,B,State Farm Insurance,MID-101986X,0,,856,0,0,0,0
ACC-16931450,Patient_1987,10/16/2023,F366+,98941,Provider_A,100,100,B,State Farm Insurance,MID-101987X,0,,856,0,0,0,0
ACC-83546027,Patient_1988,10/16/2023,F366+,99211 [25],Provider_B,75,75,B,State Farm Insurance,MID-101988X,0,,856,0,0,0,0
ACC-57296641,Patient_1989,10/16/2023,F366+,S8948,Provider_A,60,60,B,State Farm Insurance,MID-101989X,0,,856,0,0,0,0
ACC-15854665,Patient_1990,10/18/2023,F366+,98941,Provider_B,100,100,B,State Farm Insurance,MID-101990X,0,,856,0,0,0,0
ACC-17473196,Patient_1991,10/18/2023,F366+,99211 [25],Provider_A,75,75,B,State Farm Insurance,MID-101991X,0,,856,0,0,0,0
ACC-65781100,Patient_1992,10/18/2023,F366+,S8948,Provider_B,60,60,B,State Farm Insurance,MID-101992X,0,,856,0,0,0,0
ACC-96662435,Patient_1993,10/27/2023,F366+,98941,Provider_A,100,100,B,State Farm Insurance,MID-101993X,0,,856,0,0,0,0
ACC-10670743,Patient_1994,10/27/2023,F366+,99211 [25],Provider_B,75,75,B,State Farm Insurance,MID-101994X,0,,856,0,0,0,0
ACC-57936923,Patient_1995,10/27/2023,F366+,S8948,Provider_A,60,60,B,State Farm Insurance,MID-101995X,0,,856,0,0,0,0
ACC-68250904,Patient_1996,11/6/2023,F366+,98941,Provider_B,100,100,B,State Farm Insurance,MID-101996X,0,,856,0,0,0,0
ACC-41020803,Patient_1997,11/6/2023,F366+,99211 [25],Provider_A,75,75,B,State Farm Insurance,MID-101997X,0,,856,0,0,0,0
ACC-13658539,Patient_1998,11/13/2023,F366+,98941,Provider_B,100,100,B,State Farm Insurance,MID-101998X,0,,856,0,0,0,0
ACC-85360930,Patient_1999,11/13/2023,F366+,99211 [25],Provider_A,75,75,B,State Farm Insurance,MID-101999X,0,,856,0,0,0,0
ACC-33534658,Patient_2000,11/20/2023,F366+,98941,Provider_B,100,100,B,State Farm Insurance,MID-102000X,0,,856,0,0,0,0
ACC-77460264,Patient_2001,11/20/2023,F366+,99211 [25],Provider_A,75,75,B,State Farm Insurance,MID-102001X,0,,856,0,0,0,0
ACC-64523895,Patient_2002,11/20/2023,F366+,S8948,Provider_B,60,60,B,State Farm Insurance,MID-102002X,0,,856,0,0,0,0
ACC-96318727,Patient_2003,11/27/2023,F366+,98941,Provider_A,100,100,B,State Farm Insurance,MID-102003X,0,,856,0,0,0,0
ACC-36643956,Patient_2004,11/27/2023,F366+,99211 [25],Provider_B,75,75,B,State Farm Insurance,MID-102004X,0,,856,0,0,0,0
ACC-31032855,Patient_2005,11/27/2023,F366+,S8948,Provider_A,60,60,B,State Farm Insurance,MID-102005X,0,,856,0,0,0,0
ACC-97565919,Patient_2006,12/11/2023,F366+,98941,Provider_B,100,100,B,State Farm Insurance,MID-102006X,0,,856,0,0,0,0
ACC-17602689,Patient_2007,12/11/2023,F366+,99211 [25],Provider_A,75,75,B,State Farm Insurance,MID-102007X,0,,856,0,0,0,0
ACC-63480143,Patient_2008,12/11/2023,F366+,S8948,Provider_B,60,60,B,State Farm Insurance,MID-102008X,0,,856,0,0,0,0
ACC-96371760,Patient_2009,12/18/2023,F366+,98941,Provider_A,100,100,B,State Farm Insurance,MID-102009X,0,,856,0,0,0,0
ACC-51884308,Patient_2010,12/18/2023,F366+,99211 [25],Provider_B,75,75,B,State Farm Insurance,MID-102010X,0,,856,0,0,0,0
ACC-83288970,Patient_2011,12/18/2023,F366+,S8948,Provider_A,60,60,B,State Farm Insurance,MID-102011X,0,,856,0,0,0,0
ACC-90903850,Patient_2012,1/8/2024,F366+,98941,Provider_B,100,100,B,State Farm Insurance,MID-102012X,0,,856,0,0,0,0
ACC-59929721,Patient_2013,1/8/2024,F366+,99211 [25],Provider_A,75,75,B,State Farm Insurance,MID-102013X,0,,856,0,0,0,0
ACC-14267639,Patient_2014,1/8/2024,F366+,S8948,Provider_B,60,60,B,State Farm Insurance,MID-102014X,0,,856,0,0,0,0
ACC-66483451,Patient_2015,12/4/2023,F366+,97110,Provider_A,35,35,D,United Healthcare,MID-102015X,0,0000049352,0,0,0,0,0
ACC-58731347,Patient_2016,4/3/2024,F366+,98941,Provider_B,100,-2.58,B,Presbyterian Health Plan,MID-102016X,0,0000053138,878,0,0,67.58,35
ACC-52256797,Patient_2017,12/13/2023,F366+,99214 [25],Provider_A,150,150,D,Presbyterian Health Plan,MID-102017X,0,0000049829,0,0,0,0,0
ACC-21573317,Patient_2018,12/21/2023,F366+,97110,Provider_B,35,35,B,Presbyterian Health Plan,MID-102018X,0,0000050105,980,0,0,0,0
ACC-25687077,Patient_2019,12/21/2023,F366+,98941,Provider_A,100,100,B,Presbyterian Health Plan,MID-102019X,0,0000050105,980,0,0,0,0
ACC-33581674,Patient_2020,1/11/2024,F366+,99214 [25],Provider_B,150,150,D,Presbyterian Health Plan,MID-102020X,0,0000050469,0,0,0,0,0
ACC-31412658,Patient_2021,2/29/2024,F366+,98941,Provider_A,100,100,B,Presbyterian Health Plan,MID-102021X,0,0000052118,906,0,0,0,0
ACC-12411127,Patient_2022,4/3/2024,F366+,98941,Provider_B,100,100,B,Presbyterian Health Plan,MID-102022X,0,0000053140,878,0,0,0,0
ACC-28037260,Patient_2023,6/19/2024,F366+,98941,Provider_A,100,100,B,Presbyterian Health Plan,MID-102023X,0,0000055325,800,0,0,0,0
ACC-83853776,Patient_2024,1/6/2025,F366+,98941,Provider_B,100,100,B,Presbyterian Health Plan,MID-102024X,0,0000066458,559,0,0,0,0
ACC-36585979,Patient_2025,2/3/2025,F366+,98941,Provider_A,100,100,B,Presbyterian Health Plan,MID-102025X,0,0000066459,559,0,0,0,0
ACC-74778341,Patient_2026,2/17/2025,F366+,98941,Provider_B,100,100,B,Presbyterian Health Plan,MID-102026X,0,0000066460,559,0,0,0,0
ACC-81298878,Patient_2027,8/24/2026,A31-60,98941,Provider_A,100,36.49,B,Presbyterian Health Plan,MID-102027X,0,0000092854,8,0,0,63.51,0
ACC-30337770,Patient_2028,10/16/2023,F366+,72052,Provider_B,210,210,B,State Farm Insurance,MID-102028X,0,0000066906,537,0,0,0,0
ACC-44446220,Patient_2029,10/16/2023,F366+,72120,Provider_A,240,240,B,State Farm Insurance,MID-102029X,0,0000066906,537,0,0,0,0
ACC-82512453,Patient_2030,10/16/2023,F366+,99203 [25],Provider_B,275,275,B,State Farm Insurance,MID-102030X,0,0000066906,537,0,0,0,0
ACC-94181319,Patient_2031,10/20/2023,F366+,98941,Provider_A,100,100,B,State Farm Insurance,MID-102031X,0,0000066907,535,0,0,0,0
ACC-33097743,Patient_2032,10/25/2023,F366+,98941,Provider_B,100,100,B,State Farm Insurance,MID-102032X,0,0000066908,537,0,0,0,0
ACC-19483892,Patient_2033,10/27/2023,F366+,98941,Provider_A,100,100,B,State Farm Insurance,MID-102033X,0,0000066909,535,0,0,0,0
ACC-82795138,Patient_2034,10/30/2023,F366+,98941,Provider_B,100,100,B,State Farm Insurance,MID-102034X,0,0000066910,535,0,0,0,0
ACC-75528638,Patient_2035,11/1/2023,F366+,98941,Provider_A,100,100,B,State Farm Insurance,MID-102035X,0,0000066911,537,0,0,0,0
ACC-98742873,Patient_2036,11/3/2023,F366+,98941,Provider_B,100,100,B,State Farm Insurance,MID-102036X,0,0000066912,537,0,0,0,0
ACC-65353077,Patient_2037,11/6/2023,F366+,98941,Provider_A,100,100,B,State Farm Insurance,MID-102037X,0,0000066913,537,0,0,0,0
ACC-23198281,Patient_2038,11/9/2023,F366+,98941,Provider_B,100,100,B,State Farm Insurance,MID-102038X,0,0000066914,537,0,0,0,0
ACC-62274005,Patient_2039,11/9/2023,F366+,S8948,Provider_A,60,60,B,State Farm Insurance,MID-102039X,0,0000066914,537,0,0,0,0
ACC-72256422,Patient_2040,11/13/2023,F366+,97110,Provider_B,35,35,B,State Farm Insurance,MID-102040X,0,0000066915,537,0,0,0,0
ACC-45482410,Patient_2041,11/13/2023,F366+,98941,Provider_A,100,100,B,State Farm Insurance,MID-102041X,0,0000066915,537,0,0,0,0
ACC-16936643,Patient_2042,11/15/2023,F366+,98941,Provider_B,100,100,B,State Farm Insurance,MID-102042X,0,0000066916,537,0,0,0,0
ACC-39294511,Patient_2043,11/15/2023,F366+,S8948,Provider_A,60,60,B,State Farm Insurance,MID-102043X,0,0000066916,537,0,0,0,0
ACC-22256636,Patient_2044,11/17/2023,F366+,98941,Provider_B,100,100,B,State Farm Insurance,MID-102044X,0,0000066917,549,0,0,0,0
ACC-50873523,Patient_2045,11/20/2023,F366+,98941,Provider_A,100,100,B,State Farm Insurance,MID-102045X,0,0000066918,537,0,0,0,0
ACC-11941357,Patient_2046,11/27/2023,F366+,98941,Provider_B,100,100,B,State Farm Insurance,MID-102046X,0,0000066919,535,0,0,0,0
ACC-39353762,Patient_2047,11/27/2023,F366+,99214 [25],Provider_A,150,150,B,State Farm Insurance,MID-102047X,0,0000066919,535,0,0,0,0
ACC-25017416,Patient_2048,12/4/2023,F366+,98941,Provider_B,100,100,B,State Farm Insurance,MID-102048X,0,0000066920,537,0,0,0,0
ACC-51703201,Patient_2049,12/6/2023,F366+,98941,Provider_A,100,100,B,State Farm Insurance,MID-102049X,0,0000066921,535,0,0,0,0
ACC-65055113,Patient_2050,12/8/2023,F366+,98941,Provider_B,100,100,B,State Farm Insurance,MID-102050X,0,0000066922,537,0,0,0,0
ACC-80828886,Patient_2051,12/13/2023,F366+,98941,Provider_A,100,100,B,State Farm Insurance,MID-102051X,0,0000066923,537,0,0,0,0
ACC-83932293,Patient_2052,12/20/2023,F366+,97110,Provider_B,35,35,B,State Farm Insurance,MID-102052X,0,0000066924,537,0,0,0,0
ACC-23417569,Patient_2053,12/20/2023,F366+,98941,Provider_A,100,100,B,State Farm Insurance,MID-102053X,0,0000066924,537,0,0,0,0
ACC-26527929,Patient_2054,12/22/2023,F366+,98941,Provider_B,100,100,B,State Farm Insurance,MID-102054X,0,0000066925,535,0,0,0,0
ACC-45772807,Patient_2055,1/2/2024,F366+,98941,Provider_A,100,100,B,State Farm Insurance,MID-102055X,0,0000066926,537,0,0,0,0
ACC-46409122,Patient_2056,1/5/2024,F366+,98941,Provider_B,100,100,B,State Farm Insurance,MID-102056X,0,0000066927,535,0,0,0,0
ACC-73393003,Patient_2057,1/8/2024,F366+,98941,Provider_A,100,100,B,State Farm Insurance,MID-102057X,0,0000066928,535,0,0,0,0
ACC-44319986,Patient_2058,1/10/2024,F366+,98941,Provider_B,100,100,B,State Farm Insurance,MID-102058X,0,0000066929,549,0,0,0,0
ACC-35219665,Patient_2059,1/15/2024,F366+,98941,Provider_A,100,100,B,State Farm Insurance,MID-102059X,0,0000066930,535,0,0,0,0
ACC-76770170,Patient_2060,1/15/2024,F366+,99214 [25],Provider_B,150,150,B,State Farm Insurance,MID-102060X,0,0000066930,535,0,0,0,0
ACC-77666411,Patient_2061,1/22/2024,F366+,98941,Provider_A,100,100,B,State Farm Insurance,MID-102061X,0,0000066931,537,0,0,0,0
ACC-98254287,Patient_2062,1/24/2024,F366+,98941,Provider_B,100,100,B,State Farm Insurance,MID-102062X,0,0000066932,537,0,0,0,0
ACC-35972052,Patient_2063,1/26/2024,F366+,98941,Provider_A,100,100,B,State Farm Insurance,MID-102063X,0,0000066933,535,0,0,0,0
ACC-95796392,Patient_2064,1/31/2024,F366+,98941,Provider_B,100,100,B,State Farm Insurance,MID-102064X,0,0000066934,537,0,0,0,0
ACC-43748030,Patient_2065,2/7/2024,F366+,72052,Provider_A,210,210,B,State Farm Insurance,MID-102065X,0,0000066935,537,0,0,0,0
ACC-77463428,Patient_2066,2/7/2024,F366+,72120,Provider_B,240,240,B,State Farm Insurance,MID-102066X,0,0000066935,537,0,0,0,0
ACC-62556814,Patient_2067,2/7/2024,F366+,98941,Provider_A,100,100,B,State Farm Insurance,MID-102067X,0,0000066935,537,0,0,0,0
ACC-35117554,Patient_2068,2/12/2024,F366+,98941,Provider_B,100,100,B,State Farm Insurance,MID-102068X,0,0000066936,537,0,0,0,0
ACC-88543617,Patient_2069,2/21/2024,F366+,98941,Provider_A,100,100,B,State Farm Insurance,MID-102069X,0,0000066937,537,0,0,0,0
ACC-73499978,Patient_2070,3/1/2024,F366+,98941,Provider_B,100,100,B,State Farm Insurance,MID-102070X,0,0000066938,537,0,0,0,0
ACC-34865329,Patient_2071,3/8/2024,F366+,98941,Provider_A,100,100,B,State Farm Insurance,MID-102071X,0,0000066939,535,0,0,0,0
ACC-24877416,Patient_2072,3/15/2024,F366+,98941,Provider_B,100,100,B,State Farm Insurance,MID-102072X,0,0000066940,535,0,0,0,0
ACC-51297758,Patient_2073,4/5/2024,F366+,98941,Provider_A,100,100,B,State Farm Insurance,MID-102073X,0,0000066941,537,0,0,0,0
ACC-49348106,Patient_2074,4/12/2024,F366+,98941,Provider_B,100,100,B,State Farm Insurance,MID-102074X,0,0000066942,537,0,0,0,0
ACC-82035127,Patient_2075,12/18/2023,F366+,97110,Provider_A,35,35,B,Presbyterian Health Plan,MID-102075X,0,0000049950,987,0,0,0,0
ACC-46837470,Patient_2076,5/13/2024,F366+,98941 [AT],Provider_B,100,29,B,Presbyterian Health Plan,MID-102076X,0,,840,0,0,71,0
ACC-62339468,Patient_2077,12/4/2023,F366+,99214 [25],Provider_A,150,150,D,Presbyterian Health Plan,MID-102077X,0,0000049357,0,0,0,0,0
ACC-21320684,Patient_2078,7/11/2024,F366+,98941,Provider_B,100,100,D,Presbyterian Health Plan,MID-102078X,0,0000056080,0,0,0,0,0
ACC-54199756,Patient_2079,7/18/2024,F366+,98941,Provider_A,100,100,D,Presbyterian Health Plan,MID-102079X,0,0000056379,0,0,0,0,0
ACC-15180674,Patient_2080,7/25/2024,F366+,98941,Provider_B,100,100,D,Presbyterian Health Plan,MID-102080X,0,0000056655,0,0,0,0,0
ACC-55288345,Patient_2081,8/1/2024,F366+,98941,Provider_A,100,100,D,Presbyterian Health Plan,MID-102081X,0,0000056967,0,0,0,0,0
ACC-98954475,Patient_2082,8/8/2024,F366+,98941,Provider_B,100,100,D,Presbyterian Health Plan,MID-102082X,0,0000057326,0,0,0,0,0
ACC-44862884,Patient_2083,10/25/2023,F366+,72052,Provider_A,210,210,B,USAA Insurance,MID-102083X,0,0000081259,300,0,0,0,0
ACC-69684429,Patient_2084,10/25/2023,F366+,72120,Provider_B,240,240,B,USAA Insurance,MID-102084X,0,0000081259,300,0,0,0,0
ACC-98059593,Patient_2085,10/25/2023,F366+,99203 [25],Provider_A,275,275,B,USAA Insurance,MID-102085X,0,0000081259,300,0,0,0,0
ACC-26659488,Patient_2086,10/25/2023,F366+,S8948,Provider_B,60,60,B,USAA Insurance,MID-102086X,0,0000081259,300,0,0,0,0
ACC-83039589,Patient_2087,10/26/2023,F366+,98941,Provider_A,100,100,B,USAA Insurance,MID-102087X,0,,290,0,0,0,0
ACC-76386376,Patient_2088,10/26/2023,F366+,S8948,Provider_B,60,60,B,USAA Insurance,MID-102088X,0,,290,0,0,0,0
ACC-34053477,Patient_2089,10/30/2023,F366+,98941,Provider_A,100,100,B,USAA Insurance,MID-102089X,0,,290,0,0,0,0
ACC-30018595,Patient_2090,10/30/2023,F366+,S8948,Provider_B,60,60,B,USAA Insurance,MID-102090X,0,,290,0,0,0,0
ACC-16763338,Patient_2091,11/1/2023,F366+,98941,Provider_A,100,100,B,USAA Insurance,MID-102091X,0,0000081262,300,0,0,0,0
ACC-40870549,Patient_2092,11/3/2023,F366+,98941,Provider_B,100,100,B,USAA Insurance,MID-102092X,0,0000081263,300,0,0,0,0
ACC-76124127,Patient_2093,11/6/2023,F366+,98941,Provider_A,100,100,B,USAA Insurance,MID-102093X,0,0000081264,300,0,0,0,0
ACC-75477156,Patient_2094,11/8/2023,F366+,98941,Provider_B,100,100,B,USAA Insurance,MID-102094X,0,0000081265,300,0,0,0,0
ACC-15194885,Patient_2095,11/8/2023,F366+,S8948,Provider_A,60,60,B,USAA Insurance,MID-102095X,0,0000081265,300,0,0,0,0
ACC-64594811,Patient_2096,11/10/2023,F366+,98941,Provider_B,100,100,B,USAA Insurance,MID-102096X,0,0000081266,300,0,0,0,0
ACC-89040851,Patient_2097,11/13/2023,F366+,97110 [GP],Provider_A,35,35,B,USAA Insurance,MID-102097X,0,0000081267,300,0,0,0,0
ACC-70476968,Patient_2098,11/13/2023,F366+,98941,Provider_B,100,100,B,USAA Insurance,MID-102098X,0,0000081267,300,0,0,0,0
ACC-24049560,Patient_2099,11/15/2023,F366+,98941,Provider_A,100,100,B,USAA Insurance,MID-102099X,0,,290,0,0,0,0
ACC-72805862,Patient_2100,11/15/2023,F366+,S8948,Provider_B,60,60,B,USAA Insurance,MID-102100X,0,,290,0,0,0,0
ACC-85194953,Patient_2101,11/20/2023,F366+,98941,Provider_A,100,100,B,USAA Insurance,MID-102101X,0,,290,0,0,0,0
ACC-67601658,Patient_2102,11/20/2023,F366+,S8948,Provider_B,60,60,B,USAA Insurance,MID-102102X,0,,290,0,0,0,0
ACC-32018321,Patient_2103,11/27/2023,F366+,98941,Provider_A,100,100,B,USAA Insurance,MID-102103X,0,0000081270,300,0,0,0,0
ACC-47196957,Patient_2104,11/27/2023,F366+,S8948,Provider_B,60,60,B,USAA Insurance,MID-102104X,0,0000081270,300,0,0,0,0
ACC-90541241,Patient_2105,11/29/2023,F366+,98941,Provider_A,100,100,B,USAA Insurance,MID-102105X,0,0000081271,300,0,0,0,0
ACC-93164352,Patient_2106,11/29/2023,F366+,99214 [25],Provider_B,150,150,B,USAA Insurance,MID-102106X,0,0000081271,300,0,0,0,0
ACC-25654306,Patient_2107,12/1/2023,F366+,98941,Provider_A,100,100,B,USAA Insurance,MID-102107X,0,,290,0,0,0,0
ACC-28786029,Patient_2108,12/4/2023,F366+,98941,Provider_B,100,100,B,USAA Insurance,MID-102108X,0,,290,0,0,0,0
ACC-23084861,Patient_2109,12/4/2023,F366+,S8948,Provider_A,60,60,B,USAA Insurance,MID-102109X,0,0000081896,288,0,0,0,0
ACC-65396643,Patient_2110,12/6/2023,F366+,98941,Provider_B,100,100,B,USAA Insurance,MID-102110X,0,0000081274,300,0,0,0,0
ACC-98869368,Patient_2111,12/6/2023,F366+,S8948,Provider_A,60,60,B,USAA Insurance,MID-102111X,0,0000081274,300,0,0,0,0
ACC-25886260,Patient_2112,12/8/2023,F366+,98941,Provider_B,100,100,B,USAA Insurance,MID-102112X,0,0000081275,300,0,0,0,0
ACC-25334423,Patient_2113,12/11/2023,F366+,98941,Provider_A,100,100,B,USAA Insurance,MID-102113X,0,0000081276,300,0,0,0,0
ACC-85600565,Patient_2114,12/13/2023,F366+,97110 [GP],Provider_B,35,35,B,USAA Insurance,MID-102114X,0,0000081277,300,0,0,0,0
ACC-52325564,Patient_2115,12/13/2023,F366+,98941,Provider_A,100,100,B,USAA Insurance,MID-102115X,0,0000081277,300,0,0,0,0
ACC-88807719,Patient_2116,12/18/2023,F366+,98941,Provider_B,100,100,B,USAA Insurance,MID-102116X,0,,290,0,0,0,0
ACC-42492260,Patient_2117,12/20/2023,F366+,98941,Provider_A,100,100,B,USAA Insurance,MID-102117X,0,,290,0,0,0,0
ACC-94694538,Patient_2118,12/22/2023,F366+,98941,Provider_B,100,100,B,USAA Insurance,MID-102118X,0,0000081280,300,0,0,0,0
ACC-12538342,Patient_2119,1/3/2024,F366+,98941,Provider_A,100,100,D,USAA Insurance,MID-102119X,0,,0,0,0,0,0
ACC-42168092,Patient_2120,1/5/2024,F366+,98941,Provider_B,100,100,D,USAA Insurance,MID-102120X,0,,0,0,0,0,0
ACC-31300195,Patient_2121,1/8/2024,F366+,98941,Provider_A,100,100,D,USAA Insurance,MID-102121X,0,,0,0,0,0,0
ACC-62643177,Patient_2122,1/10/2024,F366+,98941,Provider_B,100,100,D,USAA Insurance,MID-102122X,0,,0,0,0,0,0
ACC-96221571,Patient_2123,1/10/2024,F366+,99214 [25],Provider_A,150,150,D,USAA Insurance,MID-102123X,0,,0,0,0,0,0
ACC-97012208,Patient_2124,1/12/2024,F366+,98941,Provider_B,100,100,D,USAA Insurance,MID-102124X,0,,0,0,0,0,0
ACC-77616242,Patient_2125,1/15/2024,F366+,98941,Provider_A,100,100,D,USAA Insurance,MID-102125X,0,,0,0,0,0,0
ACC-57312524,Patient_2126,1/22/2024,F366+,98941,Provider_B,100,100,D,USAA Insurance,MID-102126X,0,,0,0,0,0,0
ACC-30172587,Patient_2127,1/24/2024,F366+,98941,Provider_A,100,100,D,USAA Insurance,MID-102127X,0,,0,0,0,0,0
ACC-35458211,Patient_2128,1/25/2024,F366+,97110,Provider_B,35,35,D,USAA Insurance,MID-102128X,0,,0,0,0,0,0
ACC-95002726,Patient_2129,1/25/2024,F366+,98941,Provider_A,100,100,D,USAA Insurance,MID-102129X,0,,0,0,0,0,0
ACC-36785948,Patient_2130,1/29/2024,F366+,98941,Provider_B,100,100,D,USAA Insurance,MID-102130X,0,,0,0,0,0,0
ACC-13816197,Patient_2131,1/31/2024,F366+,98941,Provider_A,100,100,D,USAA Insurance,MID-102131X,0,,0,0,0,0,0
ACC-22877064,Patient_2132,2/1/2024,F366+,98941,Provider_B,100,100,D,USAA Insurance,MID-102132X,0,,0,0,0,0,0
ACC-14187202,Patient_2133,2/5/2024,F366+,98941,Provider_A,100,100,D,USAA Insurance,MID-102133X,0,,0,0,0,0,0
ACC-44912919,Patient_2134,2/7/2024,F366+,72052,Provider_B,210,210,D,USAA Insurance,MID-102134X,0,,0,0,0,0,0
ACC-32765669,Patient_2135,2/7/2024,F366+,72120,Provider_A,240,240,D,USAA Insurance,MID-102135X,0,,0,0,0,0,0
ACC-39262451,Patient_2136,2/7/2024,F366+,98941,Provider_B,100,100,D,USAA Insurance,MID-102136X,0,,0,0,0,0,0
ACC-35755767,Patient_2137,2/14/2024,F366+,98941,Provider_A,100,100,D,USAA Insurance,MID-102137X,0,,0,0,0,0,0
ACC-33530059,Patient_2138,2/22/2024,F366+,98941,Provider_B,100,100,D,USAA Insurance,MID-102138X,0,,0,0,0,0,0
ACC-74356662,Patient_2139,2/28/2024,F366+,98941,Provider_A,100,100,D,USAA Insurance,MID-102139X,0,,0,0,0,0,0
ACC-82602584,Patient_2140,3/7/2024,F366+,98941,Provider_B,100,100,D,USAA Insurance,MID-102140X,0,,0,0,0,0,0
ACC-86074356,Patient_2141,3/14/2024,F366+,98941,Provider_A,100,100,D,USAA Insurance,MID-102141X,0,,0,0,0,0,0
ACC-37387181,Patient_2142,3/21/2024,F366+,98941,Provider_B,100,100,D,USAA Insurance,MID-102142X,0,,0,0,0,0,0
ACC-60542478,Patient_2143,4/4/2024,F366+,98941,Provider_A,100,100,D,USAA Insurance,MID-102143X,0,,0,0,0,0,0
ACC-91548384,Patient_2144,4/10/2024,F366+,98941,Provider_B,100,100,D,USAA Insurance,MID-102144X,0,,0,0,0,0,0
ACC-69690656,Patient_2145,4/18/2024,F366+,98941,Provider_A,100,100,D,USAA Insurance,MID-102145X,0,,0,0,0,0,0
ACC-19968196,Patient_2146,4/24/2024,F366+,98941,Provider_B,100,100,D,USAA Insurance,MID-102146X,0,,0,0,0,0,0
ACC-27703634,Patient_2147,5/1/2024,F366+,98941,Provider_A,100,100,D,USAA Insurance,MID-102147X,0,,0,0,0,0,0
ACC-15027718,Patient_2148,5/9/2024,F366+,98941,Provider_B,100,100,D,USAA Insurance,MID-102148X,0,,0,0,0,0,0
ACC-64396463,Patient_2149,5/16/2024,F366+,98941,Provider_A,100,100,D,USAA Insurance,MID-102149X,0,,0,0,0,0,0
ACC-45317277,Patient_2150,5/16/2024,F366+,99214 [25],Provider_B,150,150,D,USAA Insurance,MID-102150X,0,,0,0,0,0,0
ACC-54415250,Patient_2151,5/23/2024,F366+,98941,Provider_A,100,100,D,USAA Insurance,MID-102151X,0,,0,0,0,0,0
ACC-88562381,Patient_2152,6/4/2024,F366+,98941,Provider_B,100,100,D,USAA Insurance,MID-102152X,0,,0,0,0,0,0
ACC-93057615,Patient_2153,6/11/2024,F366+,98941,Provider_A,100,100,D,USAA Insurance,MID-102153X,0,,0,0,0,0,0
ACC-58710224,Patient_2154,6/18/2024,F366+,98941,Provider_B,100,100,D,USAA Insurance,MID-102154X,0,,0,0,0,0,0
ACC-60237208,Patient_2155,6/25/2024,F366+,98941,Provider_A,100,100,D,USAA Insurance,MID-102155X,0,,0,0,0,0,0
ACC-26440010,Patient_2156,7/9/2024,F366+,98941,Provider_B,100,100,D,USAA Insurance,MID-102156X,0,,0,0,0,0,0
ACC-83688488,Patient_2157,7/19/2024,F366+,98941,Provider_A,100,100,D,USAA Insurance,MID-102157X,0,,0,0,0,0,0
ACC-68569482,Patient_2158,7/26/2024,F366+,98941,Provider_B,100,100,D,USAA Insurance,MID-102158X,0,,0,0,0,0,0
ACC-19121367,Patient_2159,7/31/2024,F366+,98941,Provider_A,100,100,D,USAA Insurance,MID-102159X,0,,0,0,0,0,0
ACC-79731746,Patient_2160,8/7/2024,F366+,98941,Provider_B,100,100,D,USAA Insurance,MID-102160X,0,,0,0,0,0,0
ACC-37968064,Patient_2161,8/14/2024,F366+,98941,Provider_A,100,100,D,USAA Insurance,MID-102161X,0,,0,0,0,0,0
ACC-16877907,Patient_2162,8/21/2024,F366+,98941,Provider_B,100,100,D,USAA Insurance,MID-102162X,0,,0,0,0,0,0
ACC-31890027,Patient_2163,10/26/2023,F366+,72052,Provider_A,210,210,B,Geico Insurance,MID-102163X,0,0000072848,447,0,0,0,0
ACC-66820238,Patient_2164,10/26/2023,F366+,72120,Provider_B,240,240,B,Geico Insurance,MID-102164X,0,0000072848,447,0,0,0,0
ACC-66311150,Patient_2165,10/26/2023,F366+,98941,Provider_A,100,100,B,Geico Insurance,MID-102165X,0,0000072848,447,0,0,0,0
ACC-25697339,Patient_2166,10/26/2023,F366+,99203 [25],Provider_B,275,275,B,Geico Insurance,MID-102166X,0,0000072848,447,0,0,0,0
ACC-94742979,Patient_2167,10/26/2023,F366+,S8948,Provider_A,60,60,B,Geico Insurance,MID-102167X,0,0000072848,447,0,0,0,0
ACC-13540781,Patient_2168,10/27/2023,F366+,98941,Provider_B,100,100,B,Geico Insurance,MID-102168X,0,0000072849,447,0,0,0,0
ACC-53796949,Patient_2169,10/27/2023,F366+,S8948,Provider_A,60,60,B,Geico Insurance,MID-102169X,0,0000072849,447,0,0,0,0
ACC-85686363,Patient_2170,10/30/2023,F366+,98941,Provider_B,100,100,B,Geico Insurance,MID-102170X,0,0000072850,447,0,0,0,0
ACC-85966711,Patient_2171,11/2/2023,F366+,98941,Provider_A,100,100,B,Geico Insurance,MID-102171X,0,0000072851,447,0,0,0,0
ACC-51167070,Patient_2172,11/3/2023,F366+,98941,Provider_B,100,100,B,Geico Insurance,MID-102172X,0,0000072852,447,0,0,0,0
ACC-81465291,Patient_2173,11/10/2023,F366+,98941,Provider_A,100,100,B,Geico Insurance,MID-102173X,0,0000072853,447,0,0,0,0
ACC-87040822,Patient_2174,11/13/2023,F366+,98941,Provider_B,100,100,B,Geico Insurance,MID-102174X,0,0000072854,447,0,0,0,0
ACC-91782337,Patient_2175,11/15/2023,F366+,97110 [GP],Provider_A,35,35,B,Geico Insurance,MID-102175X,0,0000072855,447,0,0,0,0
ACC-99950780,Patient_2176,11/15/2023,F366+,98941,Provider_B,100,100,B,Geico Insurance,MID-102176X,0,0000072855,447,0,0,0,0
ACC-98534959,Patient_2177,11/17/2023,F366+,98941,Provider_A,100,100,B,Geico Insurance,MID-102177X,0,0000076223,414,0,0,0,0
ACC-27007294,Patient_2178,11/17/2023,F366+,S-9090,Provider_B,140,140,B,Geico Insurance,MID-102178X,0,0000076223,414,0,0,0,0
ACC-38602417,Patient_2179,11/20/2023,F366+,98941,Provider_A,100,100,B,Geico Insurance,MID-102179X,0,0000076224,414,0,0,0,0
ACC-46564857,Patient_2180,11/20/2023,F366+,S8948,Provider_B,60,60,B,Geico Insurance,MID-102180X,0,0000076224,414,0,0,0,0
ACC-80387790,Patient_2181,11/20/2023,F366+,S-9090,Provider_A,140,140,B,Geico Insurance,MID-102181X,0,0000076224,414,0,0,0,0
ACC-87801636,Patient_2182,11/21/2023,F366+,98941,Provider_B,100,100,B,Geico Insurance,MID-102182X,0,0000076225,414,0,0,0,0
ACC-67348337,Patient_2183,11/21/2023,F366+,S8948,Provider_A,60,60,B,Geico Insurance,MID-102183X,0,0000076225,414,0,0,0,0
ACC-41774379,Patient_2184,11/21/2023,F366+,S-9090,Provider_B,140,140,B,Geico Insurance,MID-102184X,0,0000076225,414,0,0,0,0
ACC-70620183,Patient_2185,11/27/2023,F366+,S-9090,Provider_A,140,140,B,Geico Insurance,MID-102185X,0,0000076226,414,0,0,0,0
ACC-23755299,Patient_2186,12/4/2023,F366+,98941,Provider_B,100,100,B,Geico Insurance,MID-102186X,0,0000076227,414,0,0,0,0
ACC-20443621,Patient_2187,12/4/2023,F366+,S8948,Provider_A,60,60,B,Geico Insurance,MID-102187X,0,0000076227,414,0,0,0,0
ACC-13981889,Patient_2188,12/4/2023,F366+,S-9090,Provider_B,140,140,B,Geico Insurance,MID-102188X,0,0000076227,414,0,0,0,0
ACC-33136556,Patient_2189,12/6/2023,F366+,98941,Provider_A,100,100,B,Geico Insurance,MID-102189X,0,0000076228,414,0,0,0,0
ACC-30988526,Patient_2190,12/6/2023,F366+,99214 [25],Provider_B,150,150,B,Geico Insurance,MID-102190X,0,0000076228,414,0,0,0,0
ACC-59216946,Patient_2191,12/6/2023,F366+,S8948,Provider_A,60,60,B,Geico Insurance,MID-102191X,0,0000076228,414,0,0,0,0
ACC-97584337,Patient_2192,12/6/2023,F366+,S-9090,Provider_B,140,140,B,Geico Insurance,MID-102192X,0,0000076228,414,0,0,0,0
ACC-91643697,Patient_2193,12/8/2023,F366+,98941,Provider_A,100,100,B,Geico Insurance,MID-102193X,0,0000076229,414,0,0,0,0
ACC-93116236,Patient_2194,12/8/2023,F366+,S-9090,Provider_B,140,140,B,Geico Insurance,MID-102194X,0,0000076229,414,0,0,0,0
ACC-89124285,Patient_2195,12/11/2023,F366+,98941,Provider_A,100,100,B,Geico Insurance,MID-102195X,0,0000076230,414,0,0,0,0
ACC-15726177,Patient_2196,12/11/2023,F366+,S8948,Provider_B,60,60,B,Geico Insurance,MID-102196X,0,0000076230,414,0,0,0,0
ACC-12598107,Patient_2197,12/11/2023,F366+,S-9090,Provider_A,140,140,B,Geico Insurance,MID-102197X,0,0000076230,414,0,0,0,0
ACC-94830305,Patient_2198,12/13/2023,F366+,98941,Provider_B,100,100,B,Geico Insurance,MID-102198X,0,0000076231,414,0,0,0,0
ACC-90986051,Patient_2199,12/13/2023,F366+,S-9090,Provider_A,140,140,B,Geico Insurance,MID-102199X,0,0000076231,414,0,0,0,0
ACC-77770051,Patient_2200,12/20/2023,F366+,97110 [GP],Provider_B,35,35,B,Geico Insurance,MID-102200X,0,0000076232,414,0,0,0,0
ACC-60753697,Patient_2201,12/20/2023,F366+,98941,Provider_A,100,100,B,Geico Insurance,MID-102201X,0,0000076232,414,0,0,0,0
ACC-80217434,Patient_2202,12/20/2023,F366+,S-9090,Provider_B,140,140,B,Geico Insurance,MID-102202X,0,0000076232,414,0,0,0,0
ACC-80674868,Patient_2203,1/3/2024,F366+,98941,Provider_A,100,100,B,Geico Insurance,MID-102203X,0,0000076233,414,0,0,0,0
ACC-43805257,Patient_2204,1/3/2024,F366+,S-9090,Provider_B,140,140,B,Geico Insurance,MID-102204X,0,0000076233,414,0,0,0,0
ACC-40830247,Patient_2205,1/8/2024,F366+,98941,Provider_A,100,100,B,Geico Insurance,MID-102205X,0,0000076234,414,0,0,0,0
ACC-82540895,Patient_2206,1/10/2024,F366+,98941,Provider_B,100,100,B,Geico Insurance,MID-102206X,0,0000076235,414,0,0,0,0
ACC-18696106,Patient_2207,1/10/2024,F366+,S-9090,Provider_A,140,140,B,Geico Insurance,MID-102207X,0,0000076235,414,0,0,0,0
ACC-26730701,Patient_2208,1/17/2024,F366+,98941,Provider_B,100,100,B,Geico Insurance,MID-102208X,0,0000076236,414,0,0,0,0
ACC-58467204,Patient_2209,1/17/2024,F366+,S-9090,Provider_A,140,140,B,Geico Insurance,MID-102209X,0,0000076236,414,0,0,0,0
ACC-88232575,Patient_2210,1/22/2024,F366+,98941,Provider_B,100,100,B,Geico Insurance,MID-102210X,0,0000076237,414,0,0,0,0
ACC-20472259,Patient_2211,1/22/2024,F366+,S-9090,Provider_A,140,140,B,Geico Insurance,MID-102211X,0,0000076237,414,0,0,0,0
ACC-27195659,Patient_2212,1/24/2024,F366+,98941,Provider_B,100,100,B,Geico Insurance,MID-102212X,0,0000076238,414,0,0,0,0
ACC-19687950,Patient_2213,1/29/2024,F366+,98941,Provider_A,100,100,B,Geico Insurance,MID-102213X,0,0000076239,414,0,0,0,0
ACC-24655995,Patient_2214,1/31/2024,F366+,98941,Provider_B,100,100,B,Geico Insurance,MID-102214X,0,0000076240,414,0,0,0,0
ACC-67737832,Patient_2215,2/5/2024,F366+,98941,Provider_A,100,100,B,Geico Insurance,MID-102215X,0,0000076241,414,0,0,0,0
ACC-26373986,Patient_2216,2/5/2024,F366+,S-9090,Provider_B,140,140,B,Geico Insurance,MID-102216X,0,0000076241,414,0,0,0,0
ACC-34549896,Patient_2217,2/7/2024,F366+,98941,Provider_A,100,100,B,Geico Insurance,MID-102217X,0,0000072875,447,0,0,0,0
ACC-26163400,Patient_2218,2/8/2024,F366+,98941,Provider_B,100,100,B,Geico Insurance,MID-102218X,0,0000072876,447,0,0,0,0
ACC-26534573,Patient_2219,2/12/2024,F366+,98941,Provider_A,100,100,B,Geico Insurance,MID-102219X,0,0000076242,414,0,0,0,0
ACC-70383033,Patient_2220,2/26/2024,F366+,98941,Provider_B,100,100,B,Geico Insurance,MID-102220X,0,0000076243,414,0,0,0,0
ACC-56336979,Patient_2221,2/28/2024,F366+,98941,Provider_A,100,100,B,Geico Insurance,MID-102221X,0,0000076244,414,0,0,0,0
ACC-38236470,Patient_2222,3/4/2024,F366+,98941,Provider_B,100,100,B,Geico Insurance,MID-102222X,0,0000076245,414,0,0,0,0
ACC-96681880,Patient_2223,3/6/2024,F366+,98941,Provider_A,100,100,B,Geico Insurance,MID-102223X,0,0000076246,414,0,0,0,0
ACC-31806957,Patient_2224,3/8/2024,F366+,98941,Provider_B,100,100,B,Geico Insurance,MID-102224X,0,0000076247,414,0,0,0,0
ACC-70927527,Patient_2225,3/13/2024,F366+,98941,Provider_A,100,100,B,Geico Insurance,MID-102225X,0,0000076248,414,0,0,0,0
ACC-42000417,Patient_2226,3/18/2024,F366+,98941,Provider_B,100,100,B,Geico Insurance,MID-102226X,0,0000076249,414,0,0,0,0
ACC-60115487,Patient_2227,3/18/2024,F366+,S-9090,Provider_A,140,140,B,Geico Insurance,MID-102227X,0,0000076249,414,0,0,0,0
ACC-68947547,Patient_2228,3/22/2024,F366+,S-9090,Provider_B,140,140,B,Geico Insurance,MID-102228X,0,0000076250,414,0,0,0,0
ACC-66489605,Patient_2229,4/1/2024,F366+,98941,Provider_A,100,100,B,Geico Insurance,MID-102229X,0,0000076251,414,0,0,0,0
ACC-93106059,Patient_2230,4/4/2024,F366+,98941,Provider_B,100,100,B,Geico Insurance,MID-102230X,0,0000076252,414,0,0,0,0
ACC-66957246,Patient_2231,4/8/2024,F366+,98941,Provider_A,100,100,B,Geico Insurance,MID-102231X,0,0000076253,414,0,0,0,0
ACC-90020090,Patient_2232,4/8/2024,F366+,S-9090,Provider_B,140,140,B,Geico Insurance,MID-102232X,0,0000076253,414,0,0,0,0
ACC-37298669,Patient_2233,4/10/2024,F366+,S-9090,Provider_A,140,140,B,Geico Insurance,MID-102233X,0,0000076254,414,0,0,0,0
ACC-80084532,Patient_2234,4/10/2024,F366+,98941,Provider_B,100,100,B,Geico Insurance,MID-102234X,0,0000076254,414,0,0,0,0
ACC-89929445,Patient_2235,4/10/2024,F366+,S-9090,Provider_A,140,140,B,Geico Insurance,MID-102235X,0,0000076254,414,0,0,0,0
ACC-23506321,Patient_2236,4/15/2024,F366+,98941,Provider_B,100,100,B,Geico Insurance,MID-102236X,0,0000076255,414,0,0,0,0
ACC-24036292,Patient_2237,4/17/2024,F366+,S-9090,Provider_A,140,140,B,Geico Insurance,MID-102237X,0,0000076256,414,0,0,0,0
ACC-66034131,Patient_2238,4/17/2024,F366+,98941,Provider_B,100,100,B,Geico Insurance,MID-102238X,0,0000076256,414,0,0,0,0
ACC-86536714,Patient_2239,4/22/2024,F366+,98941,Provider_A,100,100,B,Geico Insurance,MID-102239X,0,0000076257,414,0,0,0,0
ACC-92229390,Patient_2240,4/29/2024,F366+,S-9090,Provider_B,140,140,B,Geico Insurance,MID-102240X,0,0000076258,414,0,0,0,0
ACC-42670140,Patient_2241,4/29/2024,F366+,S-9090,Provider_A,140,140,B,Geico Insurance,MID-102241X,0,0000076258,414,0,0,0,0
ACC-73153395,Patient_2242,5/2/2024,F366+,98941,Provider_B,100,100,B,Geico Insurance,MID-102242X,0,0000076259,414,0,0,0,0
ACC-10596427,Patient_2243,5/2/2024,F366+,S-9090,Provider_A,140,140,B,Geico Insurance,MID-102243X,0,0000076259,414,0,0,0,0
ACC-28660587,Patient_2244,5/6/2024,F366+,98941,Provider_B,100,100,B,Geico Insurance,MID-102244X,0,0000076260,414,0,0,0,0
ACC-77658598,Patient_2245,5/10/2024,F366+,98941,Provider_A,100,100,B,Geico Insurance,MID-102245X,0,0000076261,414,0,0,0,0
ACC-65001749,Patient_2246,5/13/2024,F366+,98941,Provider_B,100,100,B,Geico Insurance,MID-102246X,0,0000076262,414,0,0,0,0
ACC-69178860,Patient_2247,5/16/2024,F366+,98941,Provider_A,100,100,B,Geico Insurance,MID-102247X,0,0000076263,414,0,0,0,0
ACC-67116524,Patient_2248,5/20/2024,F366+,98941,Provider_B,100,100,B,Geico Insurance,MID-102248X,0,0000076264,414,0,0,0,0
ACC-47495279,Patient_2249,5/21/2024,F366+,98941,Provider_A,100,100,B,Geico Insurance,MID-102249X,0,0000076265,414,0,0,0,0
ACC-46350677,Patient_2250,5/29/2024,F366+,98941,Provider_B,100,100,B,Geico Insurance,MID-102250X,0,0000076266,414,0,0,0,0
ACC-86972678,Patient_2251,6/4/2024,F366+,98941,Provider_A,100,100,B,Geico Insurance,MID-102251X,0,0000076267,414,0,0,0,0
ACC-79412858,Patient_2252,6/7/2024,F366+,98941,Provider_B,100,100,B,Geico Insurance,MID-102252X,0,0000076268,414,0,0,0,0
ACC-17933336,Patient_2253,6/10/2024,F366+,98941,Provider_A,100,100,B,Geico Insurance,MID-102253X,0,0000076269,414,0,0,0,0
ACC-34832598,Patient_2254,6/12/2024,F366+,98941,Provider_B,100,100,B,Geico Insurance,MID-102254X,0,0000076270,414,0,0,0,0
ACC-14225723,Patient_2255,7/8/2024,F366+,98941,Provider_A,100,100,B,Geico Insurance,MID-102255X,0,0000076271,414,0,0,0,0
ACC-83882062,Patient_2256,7/17/2024,F366+,98941,Provider_B,100,100,B,Geico Insurance,MID-102256X,0,0000076272,414,0,0,0,0
ACC-30842655,Patient_2257,7/24/2024,F366+,98941,Provider_A,100,100,B,Geico Insurance,MID-102257X,0,0000076273,414,0,0,0,0
ACC-97428037,Patient_2258,7/25/2024,F366+,98941,Provider_B,100,100,B,Geico Insurance,MID-102258X,0,0000076274,414,0,0,0,0
ACC-59174317,Patient_2259,7/31/2024,F366+,98941,Provider_A,100,100,B,Geico Insurance,MID-102259X,0,0000076275,414,0,0,0,0
ACC-74226049,Patient_2260,5/10/2024,F366+,98941,Provider_B,100,100,B,WebTPA,MID-102260X,0,0000054229,840,0,0,0,0
ACC-89237509,Patient_2261,12/12/2023,F366+,98941,Provider_A,100,100,B,Presbyterian Health Plan,MID-102261X,0,0000049839,989,0,0,0,0
ACC-99490574,Patient_2262,12/13/2023,F366+,98941,Provider_B,100,100,B,Presbyterian Health Plan,MID-102262X,0,0000049840,989,0,0,0,0
ACC-90854159,Patient_2263,12/20/2023,F366+,98941,Provider_A,100,100,B,Presbyterian Health Plan,MID-102263X,0,0000050113,980,0,0,0,0
ACC-24759744,Patient_2264,12/21/2023,F366+,97110,Provider_B,35,35,B,Presbyterian Health Plan,MID-102264X,0,0000050114,980,0,0,0,0
ACC-57771913,Patient_2265,12/21/2023,F366+,98941,Provider_A,100,100,B,Presbyterian Health Plan,MID-102265X,0,0000050114,980,0,0,0,0
ACC-67421283,Patient_2266,12/22/2023,F366+,98941,Provider_B,100,100,B,Presbyterian Health Plan,MID-102266X,0,0000050115,980,0,0,0,0
ACC-70633739,Patient_2267,1/12/2024,F366+,99214 [25],Provider_A,150,150,D,Presbyterian Health Plan,MID-102267X,0,0000050577,0,0,0,0,0
ACC-50657394,Patient_2268,1/24/2024,F366+,97110,Provider_B,35,35,D,Presbyterian Health Plan,MID-102268X,0,0000050924,0,0,0,0,0
ACC-35707349,Patient_2269,1/16/2025,F366+,98941,Provider_A,100,32.42,B,Presbyterian Health Plan,MID-102269X,0,0000064827,591,0,0,67.58,0
ACC-65539536,Patient_2270,9/2/2026,A0-30,97012 [GP],Provider_B,30,13.93,B,Presbyterian Health Plan,MID-102270X,0,0000093103,0,0,0,16.07,0
ACC-20248267,Patient_2271,9/9/2024,F366+,98941 [AT],Provider_A,100,100,D,United HealthCare Medicare Advantage,MID-102271X,0,0000058530,0,0,0,0,0
ACC-88370250,Patient_2272,8/18/2026,A31-60,97012 [GP],Provider_B,30,30,B,Presbyterian Health Plan,MID-102272X,0,0000092710,13,0,0,0,0
ACC-74784931,Patient_2273,8/31/2026,A0-30,97012 [GP],Provider_A,30,30,B,Presbyterian Health Plan,MID-102273X,0,0000093033,1,0,0,0,0
ACC-96897106,Patient_2274,12/11/2023,F366+,98941,Provider_B,100,80,B,Novitas solutions inc,MID-102274X,0,0000049595,994,20,0,0,20
ACC-66656563,Patient_2275,8/19/2026,A31-60,98941,Provider_A,100,29.35,B,Blue Cross Blue Shield of New Mexico,MID-102275X,0,0000092711,13,0,0,63.32,7.33
ACC-39951670,Patient_2276,11/29/2023,F366+,98941 [AT],Provider_B,40.41,7.7,B,Novitas solutions inc,MID-102276X,30.2,0000050125,943,0,0,2.51,0
ACC-36423187,Patient_2277,11/29/2023,F366+,98941 [AT],Provider_A,40.41,7.7,B,Medico Corp Life Insurance Company,MID-102277X,0,,967,0,0,2.51,0
ACC-14541002,Patient_2278,12/1/2023,F366+,98941 [AT],Provider_B,40.41,7.7,P,Novitas solutions inc,MID-102278X,30.2,0000050126,0,0,0,2.51,0
ACC-61237854,Patient_2279,12/1/2023,F366+,98941 [AT],Provider_A,40.41,7.7,B,Medico Corp Life Insurance Company,MID-102279X,0,,967,0,0,2.51,0
ACC-77650702,Patient_2280,12/5/2023,F366+,98941 [AT],Provider_B,40.41,7.7,P,Novitas solutions inc,MID-102280X,30.2,0000050127,0,0,0,2.51,0
ACC-34465622,Patient_2281,12/5/2023,F366+,98941 [AT],Provider_A,40.41,7.7,B,Medico Corp Life Insurance Company,MID-102281X,0,,967,0,0,2.51,0
ACC-49033921,Patient_2282,12/8/2023,F366+,98941 [AT],Provider_B,40.41,7.7,P,Novitas solutions inc,MID-102282X,30.2,0000050128,0,0,0,2.51,0
ACC-24901451,Patient_2283,12/8/2023,F366+,98941 [AT],Provider_A,40.41,7.7,B,Medico Corp Life Insurance Company,MID-102283X,0,,967,0,0,2.51,0
ACC-53237403,Patient_2284,1/17/2024,F366+,98941,Provider_B,100,80,B,Novitas solutions inc,MID-102284X,0,0000052348,905,20,20,0,0
ACC-84466301,Patient_2285,3/14/2024,F366+,98941 [AT],Provider_A,100,7.59,P,Novitas solutions inc,MID-102285X,29.73,0000052578,0,0,0,62.68,0
ACC-37360018,Patient_2286,3/14/2024,F366+,98941 [AT],Provider_B,100,7.59,B,Medico Corp Life Insurance Company,MID-102286X,0,,883,0,0,62.68,0
ACC-38028021,Patient_2287,1/3/2024,F366+,98941,Provider_A,100,100,B,Blue Cross Blue Shield of New Mexico,MID-102287X,0,0000050289,960,0,0,0,0
ACC-93244374,Patient_2288,7/9/2024,F366+,S-9090,Provider_B,140,140,D,Blue Cross Blue Shield of New Mexico,MID-102288X,0,0000056099,0,0,0,0,0
ACC-96777312,Patient_2289,7/12/2024,F366+,S-9090,Provider_A,140,140,D,Blue Cross Blue Shield of New Mexico,MID-102289X,0,0000057623,0,0,0,0,0
ACC-23030224,Patient_2290,7/22/2024,F366+,S-9090,Provider_B,140,140,D,Blue Cross Blue Shield of New Mexico,MID-102290X,0,0000057340,0,0,0,0,0
ACC-93654388,Patient_2291,11/29/2023,F366+,72052 [59],Provider_A,210,210,B,United HealthCare,MID-102291X,0,0000050124,980,0,0,0,0
ACC-57796358,Patient_2292,11/29/2023,F366+,72120 [59],Provider_B,240,240,B,United HealthCare,MID-102292X,0,0000050124,980,0,0,0,0
ACC-15686173,Patient_2293,11/29/2023,F366+,99203 [25],Provider_A,275,275,B,United HealthCare,MID-102293X,0,0000050124,980,0,0,0,0
ACC-21467440,Patient_2294,12/12/2023,F366+,99203 [25],Provider_B,275,275,D,Presbyterian Health Plan,MID-102294X,0,0000049868,0,0,0,0,0
ACC-78504111,Patient_2295,7/17/2024,F366+,98941,Provider_A,100,65,D,Presbyterian Health Plan,MID-102295X,0,0000056382,0,35,0,0,35
ACC-24647092,Patient_2296,1/8/2025,F366+,98941,Provider_B,100,-2.58,B,Presbyterian Health Plan,MID-102296X,0,0000063669,601,0,0,67.58,35
ACC-23997509,Patient_2297,2/5/2025,F366+,98941,Provider_A,100,-2.58,B,Presbyterian Health Plan,MID-102297X,0,0000065444,573,0,0,67.58,35
ACC-28136919,Patient_2298,8/5/2026,A31-60,98941 [AT],Provider_B,100,80,B,Novitas,MID-102298X,0,,29,20,0,0,20
ACC-42324148,Patient_2299,12/11/2023,F366+,72052,Provider_A,210,210,B,Presbyterian Health Plan,MID-102299X,0,,994,0,0,0,0
ACC-12122468,Patient_2300,12/11/2023,F366+,72120,Provider_B,240,240,B,Presbyterian Health Plan,MID-102300X,0,,994,0,0,0,0
ACC-27722838,Patient_2301,12/11/2023,F366+,99203 [25],Provider_A,275,275,B,Presbyterian Health Plan,MID-102301X,0,,994,0,0,0,0
ACC-13723150,Patient_2302,1/3/2024,F366+,98941,Provider_B,100,100,B,Presbyterian Health Plan,MID-102302X,0,0000050297,968,0,0,0,0
ACC-92390332,Patient_2303,1/4/2024,F366+,98941,Provider_A,100,100,B,Presbyterian Health Plan,MID-102303X,0,0000050298,968,0,0,0,0
ACC-81111488,Patient_2304,1/8/2024,F366+,97110,Provider_B,35,35,D,Presbyterian Health Plan,MID-102304X,0,0000050388,0,0,0,0,0
ACC-45801487,Patient_2305,1/29/2024,F366+,99214 [25],Provider_A,150,150,D,Presbyterian Health Plan,MID-102305X,0,0000051107,0,0,0,0,0
ACC-23864848,Patient_2306,2/12/2024,F366+,97110,Provider_B,35,35,D,Presbyterian Health Plan,MID-102306X,0,0000051566,0,0,0,0,0
ACC-90709016,Patient_2307,2/14/2024,F366+,98941,Provider_A,100,100,B,Presbyterian Health Plan,MID-102307X,0,0000051681,926,0,0,0,0
ACC-72802483,Patient_2308,12/6/2023,F366+,72052,Provider_B,210,210,D,Presbyterian Health Plan,MID-102308X,0,,0,0,0,0,0
ACC-60868902,Patient_2309,12/6/2023,F366+,72070,Provider_A,45,45,D,Presbyterian Health Plan,MID-102309X,0,,0,0,0,0,0
ACC-85997881,Patient_2310,12/6/2023,F366+,72120,Provider_B,240,240,D,Presbyterian Health Plan,MID-102310X,0,,0,0,0,0,0
ACC-33646537,Patient_2311,12/6/2023,F366+,99203 [25],Provider_A,275,275,D,Presbyterian Health Plan,MID-102311X,0,,0,0,0,0,0
ACC-90061229,Patient_2312,12/12/2023,F366+,98941,Provider_B,100,100,B,Presbyterian Health Plan,MID-102312X,0,0000049863,989,0,0,0,0
ACC-68052393,Patient_2313,9/3/2024,F366+,98941 [AT],Provider_A,100,15,P,Blue Cross Blue Shield of New Mexico,MID-102313X,22.09,0000058375,0,0,0,62.91,0
ACC-78797261,Patient_2314,10/2/2024,F366+,98941 [AT],Provider_B,100,15,P,Blue Cross Blue Shield of New Mexico,MID-102314X,21.68,0000059443,0,0,0,63.32,0
ACC-12009940,Patient_2315,10/2/2024,F366+,98941 [AT],Provider_A,100,15,B,Novitas solutions inc,MID-102315X,0,,687,0,0,63.32,0
ACC-82115020,Patient_2316,10/7/2024,F366+,98941 [AT],Provider_B,100,15,P,Blue Cross Blue Shield of New Mexico,MID-102316X,21.68,0000059582,0,0,0,63.32,0
ACC-24094320,Patient_2317,10/7/2024,F366+,98941 [AT],Provider_A,100,15,B,Novitas solutions inc,MID-102317X,0,,687,0,0,63.32,0
ACC-69664168,Patient_2318,10/21/2024,F366+,98941 [AT],Provider_B,100,15,P,Blue Cross Blue Shield of New Mexico,MID-102318X,21.68,0000060034,0,0,0,63.32,0
ACC-19711913,Patient_2319,10/21/2024,F366+,98941 [AT],Provider_A,100,15,B,Novitas solutions inc,MID-102319X,0,,670,0,0,63.32,0
ACC-39778991,Patient_2320,8/7/2026,A31-60,98941 [AT],Provider_B,100,15,P,Blue Cross Blue Shield of New Mexico,MID-102320X,21.68,0000092712,0,0,0,63.32,0
ACC-83095923,Patient_2321,8/7/2026,A31-60,98941 [AT],Provider_A,100,15,B,Novitas solutions inc,MID-102321X,0,,0,0,0,63.32,0
ACC-28125884,Patient_2322,9/6/2024,F366+,98941,Provider_B,100,37.44,B,Aetna,MID-102322X,0,0000058532,721,0,0,62.56,0
ACC-41105531,Patient_2323,9/11/2024,F366+,98941,Provider_A,100,37.44,B,Aetna,MID-102323X,0,0000058681,716,0,0,62.56,0
ACC-71083749,Patient_2324,1/10/2024,F366+,99203 [25],Provider_B,275,275,D,Presbyterian Health Plan,MID-102324X,0,0000050610,0,0,0,0,0
ACC-69141390,Patient_2325,1/8/2024,F366+,98941,Provider_A,100,100,B,Aetna,MID-102325X,0,0000050393,966,0,0,0,0
ACC-87589525,Patient_2326,1/8/2024,F366+,99203 [25],Provider_B,275,255,B,Aetna,MID-102326X,0,0000050393,966,20,0,0,20
ACC-57344273,Patient_2327,1/15/2024,F366+,98941 [AT],Provider_A,100,80,B,Aetna,MID-102327X,0,0000050603,959,20,0,0,20
ACC-78803193,Patient_2328,1/22/2024,F366+,98941 [AT],Provider_B,100,80,B,Aetna,MID-102328X,0,0000050824,952,20,0,0,20
ACC-16037812,Patient_2329,1/8/2024,F366+,99203 [25],Provider_A,275,275,D,Presbyterian Health Plan,MID-102329X,0,0000050827,0,0,0,0,0
ACC-41619009,Patient_2330,1/3/2024,F366+,99203 [25],Provider_B,275,275,D,Presbyterian Health Plan,MID-102330X,0,0000050816,0,0,0,0,0
ACC-15736682,Patient_2331,1/15/2024,F366+,99203 [25],Provider_A,275,275,D,Presbyterian Health Plan,MID-102331X,0,0000050614,0,0,0,0,0
ACC-88568897,Patient_2332,1/31/2024,F366+,97110,Provider_B,35,35,D,Presbyterian Health Plan,MID-102332X,0,0000051243,0,0,0,0,0
ACC-61003606,Patient_2333,2/14/2024,F366+,98941,Provider_A,100,100,B,Presbyterian Health Plan,MID-102333X,0,0000051688,926,0,0,0,0
ACC-56656533,Patient_2334,2/14/2024,F366+,99214 [25],Provider_B,150,150,B,Presbyterian Health Plan,MID-102334X,0,0000051688,926,0,0,0,0
ACC-49247066,Patient_2335,2/28/2024,F366+,97110,Provider_A,35,35,D,Presbyterian Health Plan,MID-102335X,0,,761,0,0,0,0
ACC-43300787,Patient_2336,3/13/2024,F366+,99214 [25],Provider_B,150,150,D,Presbyterian Health Plan,MID-102336X,0,,761,0,0,0,0
ACC-70644305,Patient_2337,7/15/2024,F366+,98941,Provider_A,100,80,D,Presbyterian Health Plan,MID-102337X,0,0000056206,0,20,0,0,20
ACC-31387104,Patient_2338,9/10/2024,F366+,98941,Provider_B,100,12.42,B,Presbyterian Health Plan,MID-102338X,0,0000058684,716,0,0,67.58,20
ACC-55306530,Patient_2339,4/1/2024,F366+,98941,Provider_A,100,100,D,United Healthcare,MID-102339X,0,0000053052,0,0,0,0,0
ACC-43468578,Patient_2340,7/29/2026,A61-90,98941 [AT],Provider_B,100,16.79,B,Optum,MID-102340X,0,0000092730,13,0,0,63.21,20
ACC-77545021,Patient_2341,8/26/2026,A31-60,98941 [AT],Provider_A,100,16.79,B,Optum,MID-102341X,0,,8,0,0,63.21,20
ACC-70703651,Patient_2342,2/16/2024,F366+,99214 [25],Provider_B,150,150,D,Blue Cross Blue Shield of New Mexico,MID-102342X,0,0000051827,0,0,0,0,0
ACC-92026734,Patient_2343,1/31/2024,F366+,99203 [25],Provider_A,275,240,D,Presbyterian Health Plan,MID-102343X,0,0000051594,0,35,0,0,35
ACC-22241196,Patient_2344,3/4/2024,F366+,98941,Provider_B,100,65,B,Presbyterian Health Plan,MID-102344X,0,0000060857,657,35,0,0,35
ACC-89324632,Patient_2345,5/6/2024,F366+,98941,Provider_A,100,65,B,Presbyterian Health Plan,MID-102345X,0,0000060858,657,35,0,0,35
ACC-64275849,Patient_2346,8/24/2026,A31-60,98941 [AT],Provider_B,100,29.3,B,Novitas,MID-102346X,0,,10,0,0,63.37,7.33
ACC-42727687,Patient_2347,1/29/2024,F366+,98941 [AT],Provider_A,40.41,20.41,B,Humana Medicare,MID-102347X,0,0000051486,933,20,0,0,20
ACC-91460773,Patient_2348,8/3/2026,A31-60,98941 [AT],Provider_B,40.41,21.81,B,Humana Medicare,MID-102348X,0,,31,11.4,-3.6,3.6,15
ACC-45309039,Patient_2349,8/10/2026,A31-60,98941 [AT],Provider_A,40.41,21.81,B,Humana Medicare,MID-102349X,0,,24,11.4,-3.6,3.6,15
ACC-73868065,Patient_2350,8/31/2026,A0-30,98941 [AT],Provider_B,40.41,21.81,B,Humana Medicare,MID-102350X,0,,3,11.4,-3.6,3.6,15
ACC-74673635,Patient_2351,1/30/2024,F366+,72052,Provider_A,210,210,D,United HealthCare,MID-102351X,0,0000051255,0,0,0,0,0
ACC-41075521,Patient_2352,1/30/2024,F366+,72120,Provider_B,240,240,D,United HealthCare,MID-102352X,0,0000051255,0,0,0,0,0
ACC-54053917,Patient_2353,1/30/2024,F366+,99203 [25],Provider_A,275,275,D,United HealthCare,MID-102353X,0,0000051255,0,0,0,0,0
ACC-76718707,Patient_2354,1/24/2024,F366+,72052,Provider_B,210,210,D,United HealthCare,MID-102354X,0,0000051129,0,0,0,0,0
ACC-45107692,Patient_2355,1/24/2024,F366+,72120,Provider_A,240,240,D,United HealthCare,MID-102355X,0,0000051129,0,0,0,0,0
ACC-80261651,Patient_2356,1/24/2024,F366+,99203 [25],Provider_B,275,275,D,United HealthCare,MID-102356X,0,0000051129,0,0,0,0,0
ACC-81582484,Patient_2357,2/5/2024,F366+,72040,Provider_A,90,90,D,United Healthcare,MID-102357X,0,0000051383,0,0,0,0,0
ACC-64585556,Patient_2358,2/5/2024,F366+,72070,Provider_B,45,45,D,United Healthcare,MID-102358X,0,0000051383,0,0,0,0,0
ACC-93481292,Patient_2359,2/5/2024,F366+,72100,Provider_A,50,50,D,United Healthcare,MID-102359X,0,0000051383,0,0,0,0,0
ACC-75055125,Patient_2360,11/22/2024,F366+,98941,Provider_B,100,63.32,D,Blue Cross Blue Shield of New Mexico,MID-102360X,0,,650,36.68,0,0,36.68
ACC-99590427,Patient_2361,6/1/2026,A91-120,98941,Provider_A,100,29.35,B,Blue Cross Blue Shield of New Mexico,MID-102361X,0,0000090187,92,0,0,63.32,7.33
ACC-56545245,Patient_2362,1/29/2024,F366+,99203 [25],Provider_B,275,275,D,Presbyterian Health Plan,MID-102362X,0,,0,0,0,0,0
ACC-80676748,Patient_2363,2/12/2024,F366+,97110,Provider_A,35,35,D,Presbyterian Health Plan,MID-102363X,0,0000051590,0,0,0,0,0
ACC-51173392,Patient_2364,2/26/2024,F366+,99214 [25],Provider_B,150,150,D,Presbyterian Health Plan,MID-102364X,0,,761,0,0,0,0
ACC-48176395,Patient_2365,3/13/2024,F366+,97110,Provider_A,35,35,D,Presbyterian Health Plan,MID-102365X,0,,761,0,0,0,0
ACC-92283558,Patient_2366,1/6/2025,F366+,98941 [AT],Provider_B,100,32.81,B,Presbyterian Health Plan,MID-102366X,0,0000063447,603,0,0,67.19,0
ACC-31136580,Patient_2367,1/15/2025,F366+,98941 [AT],Provider_A,100,32.81,B,Presbyterian Health Plan,MID-102367X,0,0000064129,594,0,0,67.19,0
ACC-87879864,Patient_2368,2/3/2025,F366+,98941 [AT],Provider_B,100,32.81,B,Presbyterian Health Plan,MID-102368X,0,0000065350,575,0,0,67.19,0
ACC-88389328,Patient_2369,4/17/2024,F366+,98941 [AT],Provider_A,100,37.31,B,Humana Medicare,MID-102369X,0,0000053576,863,0,0,62.69,0
ACC-13279185,Patient_2370,6/28/2024,F366+,98941,Provider_B,100,32.42,B,Presbyterian Health Plan,MID-102370X,0,0000055806,791,0,0,67.58,0
ACC-51300650,Patient_2371,8/10/2026,A31-60,98941 [AT],Provider_A,100,29.78,B,Novitas,MID-102371X,0,,24,0,0,62.77,6.48
ACC-29788652,Patient_2372,8/24/2026,A31-60,97012 [GP],Provider_B,30,30,B,Blue Cross Blue Shield of New Mexico,MID-102372X,0,0000092841,8,0,0,0,0
ACC-46231894,Patient_2373,2/12/2025,F366+,98941,Provider_A,0,-35,B,Blue Cross Blue Shield of New Mexico,MID-102373X,0,,568,35,9.74,0,25.26
ACC-58263172,Patient_2374,3/4/2026,A121-365,98941,Provider_B,100,11.68,B,Cigna,MID-102374X,0,0000086615,181,0,0,63.32,25
ACC-50655361,Patient_2375,8/24/2026,A31-60,97012 [GP],Provider_A,30,30,B,Cigna,MID-102375X,0,0000092863,8,0,0,0,0
ACC-46916202,Patient_2376,8/24/2026,A31-60,98941,Provider_B,100,11.68,B,Cigna,MID-102376X,0,0000092863,8,0,0,63.32,25
ACC-62454322,Patient_2377,3/7/2024,F366+,99214 [25],Provider_A,150,150,B,United Healthcare Shared Services,MID-102377X,0,0000052366,905,0,0,0,0
ACC-92178881,Patient_2378,1/26/2024,F366+,98941,Provider_B,100,100,D,United Healthcare,MID-102378X,0,0000053257,0,0,0,0,0
ACC-11880575,Patient_2379,3/8/2024,F366+,98941 [AT],Provider_A,100,100,D,AARP Medicare Advantage,MID-102379X,0,0000052505,0,0,0,0,0
ACC-21423181,Patient_2380,4/19/2024,F366+,98941 [AT],Provider_B,100,100,D,AARP Medicare Advantage,MID-102380X,0,0000053657,0,0,0,0,0
ACC-35597429,Patient_2381,5/31/2024,F366+,98941 [AT],Provider_A,100,100,D,AARP Medicare Advantage,MID-102381X,0,0000054843,794,0,0,0,0
ACC-87415723,Patient_2382,7/26/2024,F366+,98941 [AT],Provider_B,100,71.28,D,AARP Medicare Advantage,MID-102382X,13.72,0000056798,721,15,0,0,15
ACC-60737981,Patient_2383,8/21/2026,A31-60,98941 [AT],Provider_A,100,85,B,AARP Medicare Advantage,MID-102383X,0,,13,15,0,0,15
ACC-76653808,Patient_2384,7/20/2026,A61-90,98941,Provider_B,100,30,P,Blue Cross Blue Shield of New Mexico,MID-102384X,6.68,0000091910,0,0,0,63.32,0
ACC-21664584,Patient_2385,7/20/2026,A61-90,98941,Provider_A,100,30,B,Blue Cross Blue Shield of New Mexico,MID-102385X,0,,0,0,0,63.32,0
ACC-47808001,Patient_2386,7/24/2026,A61-90,98941 [AT],Provider_B,100,37.23,B,Blue Cross Blue Shield of New Mexico,MID-102386X,0,0000092064,38,0,0,62.77,0
ACC-96727291,Patient_2387,2/14/2024,F366+,98941 [AT],Provider_A,100,100,D,Presbyterian Health Plan,MID-102387X,0,0000058785,0,0,0,0,0
ACC-19283562,Patient_2388,2/14/2024,F366+,99203 [25],Provider_B,275,275,D,Presbyterian Health Plan,MID-102388X,0,0000058785,0,0,0,0,0
ACC-10090587,Patient_2389,2/21/2024,F366+,98941 [AT],Provider_A,100,100,D,Presbyterian Health Plan,MID-102389X,0,0000058786,0,0,0,0,0
ACC-86743880,Patient_2390,2/26/2024,F366+,98941 [AT],Provider_B,100,100,D,Presbyterian Health Plan,MID-102390X,0,0000058787,0,0,0,0,0
ACC-60455777,Patient_2391,3/4/2024,F366+,98941 [AT],Provider_A,100,100,D,Presbyterian Health Plan,MID-102391X,0,0000058788,0,0,0,0,0
ACC-14732418,Patient_2392,3/11/2024,F366+,98941 [AT],Provider_B,100,100,D,Presbyterian Health Plan,MID-102392X,0,0000058789,0,0,0,0,0
ACC-76054891,Patient_2393,6/24/2024,F366+,98941,Provider_A,100,100,D,Blue Cross Blue Shield of New Mexico,MID-102393X,0,0000055514,0,0,0,0,0
ACC-96479673,Patient_2394,7/8/2024,F366+,98941,Provider_B,100,100,D,Blue Cross Blue Shield of New Mexico,MID-102394X,0,0000056003,784,0,0,0,0
ACC-19622197,Patient_2395,7/22/2024,F366+,98941,Provider_A,100,100,D,Blue Cross Blue Shield of New Mexico,MID-102395X,0,0000056570,0,0,0,0,0
ACC-60290409,Patient_2396,8/30/2024,F366+,98941,Provider_B,100,100,P,Blue Cross Blue Shield of New Mexico,MID-102396X,0,0000058277,0,0,0,0,0
ACC-56398056,Patient_2397,8/30/2024,F366+,98941,Provider_A,100,100,B,United Healthcare,MID-102397X,0,,698,0,0,0,0
ACC-35887233,Patient_2398,7/3/2024,F366+,98941 [AT],Provider_B,100,100,B,Presbyterian Health Plan,MID-102398X,0,0000059019,708,0,0,0,0
ACC-40126434,Patient_2399,7/17/2024,F366+,98941 [AT],Provider_A,100,80,B,Presbyterian Health Plan,MID-102399X,0,0000059020,698,20,0,0,20
ACC-96634722,Patient_2400,7/31/2024,F366+,98941 [AT],Provider_B,100,100,B,Presbyterian Health Plan,MID-102400X,0,0000059021,698,0,0,0,0
ACC-54717303,Patient_2401,1/15/2025,F366+,98941 [AT],Provider_A,100,12.17,B,Presbyterian Health Plan,MID-102401X,0,0000064131,594,0,0,67.83,20
ACC-51580446,Patient_2402,2/3/2025,F366+,98941 [AT],Provider_B,100,12.17,B,Presbyterian Health Plan,MID-102402X,0,0000065355,575,0,0,67.83,20
ACC-58410579,Patient_2403,2/19/2025,F366+,98941 [AT],Provider_A,100,12.17,B,Presbyterian Health Plan,MID-102403X,0,0000066392,559,0,0,67.83,20
ACC-78812352,Patient_2404,4/25/2024,F366+,99214 [25],Provider_B,150,150,D,Blue Cross Blue Shield of New Mexico,MID-102404X,0,0000053741,0,0,0,0,0
ACC-70169728,Patient_2405,8/26/2026,A31-60,97012 [GP],Provider_A,30,-26.85,B,Blue Cross Blue Shield of New Mexico,MID-102405X,0,0000092913,6,16.51,-20.17,20.17,36.68
ACC-29014358,Patient_2406,8/26/2026,A31-60,98943,Provider_B,50,50,B,Blue Cross Blue Shield of New Mexico,MID-102406X,0,0000092913,6,0,0,0,0
ACC-17050835,Patient_2407,8/26/2026,A31-60,97012 [GP],Provider_A,30,-5,B,GEHA United Healthcare,MID-102407X,0,0000092914,6,35,0,0,35
ACC-85149391,Patient_2408,8/26/2026,A31-60,98943,Provider_B,50,50,B,GEHA United Healthcare,MID-102408X,0,0000092914,6,0,0,0,0
ACC-36895428,Patient_2409,8/31/2026,A0-30,97012 [GP],Provider_A,30,-5,B,GEHA United Healthcare,MID-102409X,0,0000093034,1,35,0,0,35
ACC-39267096,Patient_2410,8/31/2026,A0-30,98943,Provider_B,50,50,B,GEHA United Healthcare,MID-102410X,0,0000093034,1,0,0,0,0
ACC-99421147,Patient_2411,2/9/2024,F366+,72052,Provider_A,210,210,D,United HealthCare,MID-102411X,0,0000051703,0,0,0,0,0
ACC-14636874,Patient_2412,2/9/2024,F366+,72120,Provider_B,240,240,D,United HealthCare,MID-102412X,0,0000051703,0,0,0,0,0
ACC-95926515,Patient_2413,2/9/2024,F366+,99203 [25],Provider_A,275,275,D,United HealthCare,MID-102413X,0,0000051703,0,0,0,0,0
ACC-52110494,Patient_2414,2/26/2024,F366+,72052,Provider_B,210,210,D,Presbyterian Health Plan,MID-102414X,0,0000058006,0,0,0,0,0
ACC-33124744,Patient_2415,2/26/2024,F366+,72120,Provider_A,240,240,D,Presbyterian Health Plan,MID-102415X,0,0000058006,0,0,0,0,0
ACC-53627752,Patient_2416,2/26/2024,F366+,99203 [25],Provider_B,275,275,D,Presbyterian Health Plan,MID-102416X,0,0000058006,0,0,0,0,0
ACC-33717954,Patient_2417,1/3/2025,F366+,98941 [AT],Provider_A,100,100,B,Presbyterian Health Plan,MID-102417X,0,0000066468,559,0,0,0,0
ACC-92661685,Patient_2418,1/17/2025,F366+,98941 [AT],Provider_B,100,100,B,Presbyterian Health Plan,MID-102418X,0,0000066469,559,0,0,0,0
ACC-35407001,Patient_2419,2/7/2025,F366+,98941 [AT],Provider_A,100,100,B,Presbyterian Health Plan,MID-102419X,0,0000066470,559,0,0,0,0
ACC-75608980,Patient_2420,2/26/2024,F366+,72052,Provider_B,210,210,D,Presbyterian Health Plan,MID-102420X,0,0000057997,0,0,0,0,0
ACC-90678704,Patient_2421,2/26/2024,F366+,99203 [25],Provider_A,275,275,D,Presbyterian Health Plan,MID-102421X,0,0000057997,0,0,0,0,0
ACC-43355158,Patient_2422,2/28/2024,F366+,98941,Provider_B,100,100,D,Presbyterian Health Plan,MID-102422X,0,0000057998,0,0,0,0,0
ACC-46101556,Patient_2423,3/1/2024,F366+,98941,Provider_A,100,100,D,Presbyterian Health Plan,MID-102423X,0,0000057999,0,0,0,0,0
ACC-44273995,Patient_2424,3/4/2024,F366+,98941,Provider_B,100,100,D,Presbyterian Health Plan,MID-102424X,0,0000058000,0,0,0,0,0
ACC-26946423,Patient_2425,3/6/2024,F366+,98941,Provider_A,100,100,D,Presbyterian Health Plan,MID-102425X,0,0000058001,0,0,0,0,0
ACC-58399145,Patient_2426,3/7/2024,F366+,98941,Provider_B,100,100,D,Presbyterian Health Plan,MID-102426X,0,0000058002,0,0,0,0,0
ACC-65754383,Patient_2427,3/12/2024,F366+,98941,Provider_A,100,100,D,Presbyterian Health Plan,MID-102427X,0,0000058003,0,0,0,0,0
ACC-80559631,Patient_2428,3/13/2024,F366+,98941,Provider_B,100,100,D,Presbyterian Health Plan,MID-102428X,0,0000058004,0,0,0,0,0
ACC-54694319,Patient_2429,4/12/2024,F366+,98941,Provider_A,100,100,D,Presbyterian Health Plan,MID-102429X,0,0000058005,0,0,0,0,0
ACC-94352291,Patient_2430,8/2/2024,F366+,98941 [AT],Provider_B,100,7.59,D,Novitas solutions inc,MID-102430X,29.73,0000057133,0,0,0,62.68,0
ACC-16445325,Patient_2431,8/16/2024,F366+,98941 [AT],Provider_A,100,7.59,D,Novitas solutions inc,MID-102431X,29.73,0000057739,0,0,0,62.68,0
ACC-21302030,Patient_2432,8/28/2024,F366+,98941 [AT],Provider_B,100,7.59,D,Novitas solutions inc,MID-102432X,29.73,0000058177,0,0,0,62.68,0
ACC-23697324,Patient_2433,2/26/2024,F366+,98941,Provider_A,40.41,40.41,B,Presbyterian Health Plan,MID-102433X,0,0000060864,657,0,0,0,0
ACC-52334268,Patient_2434,5/1/2024,F366+,98941,Provider_B,40.41,40.41,B,Presbyterian Health Plan,MID-102434X,0,0000060865,657,0,0,0,0
ACC-35142229,Patient_2435,2/28/2024,F366+,72120,Provider_A,240,240,B,Aetna,MID-102435X,0,0000052155,912,0,0,0,0
ACC-97926931,Patient_2436,2/28/2024,F366+,98941,Provider_B,100,100,B,Aetna,MID-102436X,0,0000052155,912,0,0,0,0
ACC-36894733,Patient_2437,2/28/2024,F366+,99203 [25],Provider_A,275,275,B,Aetna,MID-102437X,0,0000052155,912,0,0,0,0
ACC-67127203,Patient_2438,3/4/2024,F366+,72052,Provider_B,210,210,B,United Healthcare,MID-102438X,0,0000052262,910,0,0,0,0
ACC-11829900,Patient_2439,3/4/2024,F366+,72120,Provider_A,240,240,B,United Healthcare,MID-102439X,0,0000052262,910,0,0,0,0
ACC-96637364,Patient_2440,3/4/2024,F366+,99203 [25],Provider_B,275,275,B,United Healthcare,MID-102440X,0,0000052262,910,0,0,0,0
ACC-38161654,Patient_2441,3/5/2024,F366+,98941,Provider_A,100,100,D,United Healthcare,MID-102441X,0,0000052378,0,0,0,0,0
ACC-89300588,Patient_2442,3/6/2024,F366+,99203 [25],Provider_B,275,275,D,AARP Medicare Advantage,MID-102442X,0,0000052501,0,0,0,0,0
ACC-73382362,Patient_2443,3/12/2024,F366+,98941 [AT],Provider_A,100,100,D,AARP Medicare Advantage,MID-102443X,0,0000052612,0,0,0,0,0
ACC-80187984,Patient_2444,3/19/2024,F366+,98941 [AT],Provider_B,100,100,D,AARP Medicare Advantage,MID-102444X,0,0000052738,852,0,0,0,0
ACC-31179521,Patient_2445,3/27/2024,F366+,98941 [AT],Provider_A,100,86.28,D,AARP Medicare Advantage,MID-102445X,13.72,0000052983,833,0,0,0,0
ACC-37201926,Patient_2446,4/10/2024,F366+,98941 [AT],Provider_B,100,86.28,D,AARP Medicare Advantage,MID-102446X,13.72,0000053375,847,0,0,0,0
ACC-43880283,Patient_2447,5/8/2024,F366+,98941 [AT],Provider_A,100,86.28,D,AARP Medicare Advantage,MID-102447X,13.72,0000054111,816,0,0,0,0
ACC-97662301,Patient_2448,6/4/2024,F366+,98941 [AT],Provider_B,100,100,D,AARP Medicare Advantage,MID-102448X,0,0000054841,794,0,0,0,0
ACC-39236425,Patient_2449,7/2/2024,F366+,98941 [AT],Provider_A,100,80,D,AARP Medicare Advantage,MID-102449X,0,0000055882,746,20,0,0,20
ACC-91703401,Patient_2450,8/5/2024,F366+,98941 [AT],Provider_B,100,71.28,D,AARP Medicare Advantage,MID-102450X,13.72,0000057134,718,15,0,0,15
ACC-14329710,Patient_2451,10/1/2024,F366+,98941 [AT],Provider_A,100,100,D,AARP Medicare Advantage,MID-102451X,0,0000059448,0,0,0,0,0
ACC-82701650,Patient_2452,3/11/2024,F366+,98941,Provider_B,40.41,40.41,B,Presbyterian Health Plan,MID-102452X,0,0000060866,657,0,0,0,0
ACC-45926548,Patient_2453,3/14/2024,F366+,98941,Provider_A,40.41,40.41,B,Presbyterian Health Plan,MID-102453X,0,0000060867,657,0,0,0,0
ACC-22476013,Patient_2454,4/22/2024,F366+,99214 [25],Provider_B,150,150,B,UMR,MID-102454X,0,0000053660,861,0,0,0,0
ACC-66846198,Patient_2455,3/13/2024,F366+,72120,Provider_A,240,240,B,Presbyterian Health Plan,MID-102455X,0,,898,0,0,0,0
ACC-44367838,Patient_2456,3/13/2024,F366+,99203 [25],Provider_B,275,255,B,Presbyterian Health Plan,MID-102456X,0,,898,20,0,0,20
ACC-23722759,Patient_2457,3/14/2024,F366+,98941,Provider_A,100,80,B,Presbyterian Health Plan,MID-102457X,0,,898,20,0,0,20
ACC-11438881,Patient_2458,4/1/2024,F366+,98941 [AT],Provider_B,100,100,D,Novitas solutions inc,MID-102458X,0,0000053164,0,0,0,0,0
ACC-72599477,Patient_2459,4/1/2024,F366+,98941 [AT],Provider_A,100,100,D,USAA Life Insurance,MID-102459X,0,,849,0,0,0,0
ACC-49545573,Patient_2460,8/13/2024,F366+,98941 [AT],Provider_B,100,7.59,P,Novitas solutions inc,MID-102460X,29.73,0000057617,0,0,0,62.68,0
ACC-86004811,Patient_2461,8/13/2024,F366+,98941 [AT],Provider_A,100,7.59,B,USAA Life Insurance,MID-102461X,0,,731,0,0,62.68,0
ACC-50111594,Patient_2462,9/9/2024,F366+,98941 [AT],Provider_B,100,7.59,P,Novitas solutions inc,MID-102462X,29.73,0000058544,0,0,0,62.68,0
ACC-91368786,Patient_2463,9/9/2024,F366+,98941 [AT],Provider_A,100,7.59,B,USAA Life Insurance,MID-102463X,0,,698,0,0,62.68,0
ACC-41827701,Patient_2464,3/13/2024,F366+,72052,Provider_B,210,210,D,United HealthCare,MID-102464X,0,0000052618,0,0,0,0,0
ACC-37221709,Patient_2465,3/13/2024,F366+,72120,Provider_A,240,240,D,United HealthCare,MID-102465X,0,0000052618,0,0,0,0,0
ACC-75450058,Patient_2466,3/13/2024,F366+,99203 [25],Provider_B,275,275,D,United HealthCare,MID-102466X,0,0000052618,0,0,0,0,0
ACC-59817957,Patient_2467,3/18/2024,F366+,99203 [25],Provider_A,275,275,B,Presbyterian Health Plan,MID-102467X,0,0000066398,559,0,0,0,0
ACC-41916181,Patient_2468,4/2/2024,F366+,98941,Provider_B,100,100,B,Presbyterian Health Plan,MID-102468X,0,0000066399,559,0,0,0,0
ACC-38308743,Patient_2469,3/19/2024,F366+,99203 [25],Provider_A,275,275,D,Presbyterian Health Plan,MID-102469X,0,0000052887,0,0,0,0,0
ACC-37471030,Patient_2470,7/12/2024,F366+,98941,Provider_B,100,80,D,Presbyterian Health Plan,MID-102470X,0,0000056212,0,20,0,0,20
ACC-90338643,Patient_2471,7/26/2024,F366+,98941,Provider_A,100,80,D,Presbyterian Health Plan,MID-102471X,0,0000056800,0,20,0,0,20
ACC-84040654,Patient_2472,10/18/2024,F366+,98941,Provider_B,100,12.42,B,Presbyterian Health Plan,MID-102472X,0,0000060041,679,0,0,67.58,20
ACC-70882726,Patient_2473,1/10/2025,F366+,98941,Provider_A,100,12.42,B,Presbyterian Health Plan,MID-102473X,0,0000063815,598,0,0,67.58,20
ACC-51086273,Patient_2474,2/7/2025,F366+,98941,Provider_B,100,12.42,B,Presbyterian Health Plan,MID-102474X,0,0000065561,570,0,0,67.58,20
ACC-45824603,Patient_2475,8/21/2026,A31-60,98941,Provider_A,100,17.23,B,Presbyterian Health Plan,MID-102475X,0,0000092802,10,0,0,62.77,0
ACC-26152899,Patient_2476,4/3/2024,F366+,99203 [25],Provider_B,100,50,B,UMR,MID-102476X,0,0000053169,878,50,0,0,50
ACC-88945927,Patient_2477,3/20/2024,F366+,99203 [25],Provider_A,275,275,D,Presbyterian Health Plan,MID-102477X,0,0000052988,0,0,0,0,0
ACC-34688117,Patient_2478,4/3/2024,F366+,97110,Provider_B,35,35,D,Presbyterian Health Plan,MID-102478X,0,0000053167,0,0,0,0,0
ACC-33197871,Patient_2479,4/24/2024,F366+,99214 [25],Provider_A,150,150,D,Presbyterian Health Plan,MID-102479X,0,0000053751,0,0,0,0,0
ACC-60922019,Patient_2480,5/8/2024,F366+,97110,Provider_B,35,35,D,Presbyterian Health Plan,MID-102480X,0,0000057868,0,0,0,0,0
ACC-72255818,Patient_2481,4/4/2024,F366+,97110,Provider_A,35,35,B,United HealthCare,MID-102481X,0,0000053285,875,0,0,0,0
ACC-99508071,Patient_2482,8/21/2026,A31-60,98941 [AT],Provider_B,40.41,29.3,B,Novitas solutions inc,MID-102482X,0,,13,3.55,-3.78,3.78,7.33
ACC-84811868,Patient_2483,4/15/2024,F366+,98941,Provider_A,100,100,D,Presbyterian Health Plan,MID-102483X,0,0000057742,0,0,0,0,0
ACC-44749818,Patient_2484,4/17/2024,F366+,98941,Provider_B,100,100,D,Presbyterian Health Plan,MID-102484X,0,0000057743,0,0,0,0,0
ACC-92856417,Patient_2485,4/18/2024,F366+,97110,Provider_A,35,35,D,Presbyterian Health Plan,MID-102485X,0,0000057744,0,0,0,0,0
ACC-72462211,Patient_2486,4/18/2024,F366+,98941,Provider_B,100,100,D,Presbyterian Health Plan,MID-102486X,0,0000057744,0,0,0,0,0
ACC-79525324,Patient_2487,4/30/2024,F366+,98941,Provider_A,100,100,D,Presbyterian Health Plan,MID-102487X,0,0000057745,0,0,0,0,0
ACC-24393140,Patient_2488,5/1/2024,F366+,98941,Provider_B,100,100,D,Presbyterian Health Plan,MID-102488X,0,0000057746,0,0,0,0,0
ACC-41778492,Patient_2489,5/2/2024,F366+,98941,Provider_A,100,100,D,Presbyterian Health Plan,MID-102489X,0,0000057747,0,0,0,0,0
ACC-36464677,Patient_2490,5/2/2024,F366+,99214 [25],Provider_B,150,150,D,Presbyterian Health Plan,MID-102490X,0,0000057747,0,0,0,0,0
ACC-91970860,Patient_2491,5/6/2024,F366+,98941,Provider_A,100,100,D,Presbyterian Health Plan,MID-102491X,0,0000057748,0,0,0,0,0
ACC-47687452,Patient_2492,5/8/2024,F366+,98941,Provider_B,100,100,D,Presbyterian Health Plan,MID-102492X,0,0000057749,0,0,0,0,0
ACC-74580968,Patient_2493,5/13/2024,F366+,98941,Provider_A,100,100,D,Presbyterian Health Plan,MID-102493X,0,0000057750,0,0,0,0,0
ACC-36481873,Patient_2494,4/3/2024,F366+,99203 [25],Provider_B,275,275,D,Presbyterian Health Plan,MID-102494X,0,,0,0,0,0,0
ACC-73246120,Patient_2495,4/15/2024,F366+,97110,Provider_A,35,35,D,Presbyterian Health Plan,MID-102495X,0,0000057871,0,0,0,0,0
ACC-85760847,Patient_2496,4/15/2024,F366+,98941,Provider_B,100,100,D,Presbyterian Health Plan,MID-102496X,0,0000057871,0,0,0,0,0
ACC-30292221,Patient_2497,4/29/2024,F366+,98941,Provider_A,100,100,D,Presbyterian Health Plan,MID-102497X,0,0000057872,0,0,0,0,0
ACC-74677611,Patient_2498,5/1/2024,F366+,98941,Provider_B,100,100,D,Presbyterian Health Plan,MID-102498X,0,0000057873,0,0,0,0,0
ACC-46415267,Patient_2499,5/1/2024,F366+,99214 [25],Provider_A,150,150,D,Presbyterian Health Plan,MID-102499X,0,0000057873,0,0,0,0,0
ACC-88380250,Patient_2500,5/6/2024,F366+,98941,Provider_B,100,100,D,Presbyterian Health Plan,MID-102500X,0,0000057874,0,0,0,0,0
ACC-37373593,Patient_2501,5/8/2024,F366+,98941,Provider_A,100,100,D,Presbyterian Health Plan,MID-102501X,0,0000057875,0,0,0,0,0
ACC-86953487,Patient_2502,5/9/2024,F366+,98941,Provider_B,100,100,D,Presbyterian Health Plan,MID-102502X,0,0000057876,0,0,0,0,0
ACC-74547510,Patient_2503,5/20/2024,F366+,97110,Provider_A,35,35,D,Presbyterian Health Plan,MID-102503X,0,0000057877,0,0,0,0,0
ACC-58758697,Patient_2504,5/20/2024,F366+,98941,Provider_B,100,100,D,Presbyterian Health Plan,MID-102504X,0,0000057877,0,0,0,0,0
ACC-78996878,Patient_2505,6/7/2024,F366+,99214 [25],Provider_A,150,150,D,Presbyterian Health Plan,MID-102505X,0,0000055043,0,0,0,0,0
ACC-39001909,Patient_2506,4/15/2024,F366+,98941,Provider_B,100,100,B,Presbyterian Health Plan,MID-102506X,0,,868,0,0,0,0
ACC-23986573,Patient_2507,4/15/2024,F366+,99203 [25],Provider_A,275,240,D,Presbyterian Health Plan,MID-102507X,0,0000058017,0,35,0,0,35
ACC-40364698,Patient_2508,4/24/2024,F366+,98941,Provider_B,100,65,P,Presbyterian Health Plan,MID-102508X,0,,0,35,0,0,35
ACC-87029601,Patient_2509,5/3/2024,F366+,98941,Provider_A,100,65,D,Presbyterian Health Plan,MID-102509X,0,0000058018,0,35,0,0,35
ACC-81598308,Patient_2510,5/7/2024,F366+,98941,Provider_B,100,65,D,Presbyterian Health Plan,MID-102510X,0,0000058019,0,35,0,0,35
ACC-90221948,Patient_2511,4/22/2024,F366+,98941,Provider_A,100,7.59,P,Novitas solutions inc,MID-102511X,29.73,0000053674,0,0,0,62.68,0
ACC-16994782,Patient_2512,4/22/2024,F366+,98941,Provider_B,100,7.59,B,Blue Cross Blue Shield of New Mexico,MID-102512X,0,,844,0,0,62.68,0
ACC-89114867,Patient_2513,5/13/2024,F366+,98941 [AT],Provider_A,100,7.59,P,Novitas solutions inc,MID-102513X,29.73,0000054411,0,0,0,62.68,0
ACC-30024105,Patient_2514,5/13/2024,F366+,98941 [AT],Provider_B,100,7.59,B,Blue Cross Blue Shield of New Mexico,MID-102514X,0,,819,0,0,62.68,0
ACC-85109239,Patient_2515,5/20/2024,F366+,98941 [AT],Provider_A,100,7.59,P,Novitas solutions inc,MID-102515X,29.73,0000054412,0,0,0,62.68,0
ACC-57239791,Patient_2516,5/20/2024,F366+,98941 [AT],Provider_B,100,7.59,B,Blue Cross Blue Shield of New Mexico,MID-102516X,0,,819,0,0,62.68,0
ACC-60741152,Patient_2517,5/22/2024,F366+,98941 [AT],Provider_A,100,7.59,P,Novitas solutions inc,MID-102517X,29.73,0000054548,0,0,0,62.68,0
ACC-25948733,Patient_2518,5/22/2024,F366+,98941 [AT],Provider_B,100,7.59,B,Blue Cross Blue Shield of New Mexico,MID-102518X,0,,813,0,0,62.68,0
ACC-48056259,Patient_2519,5/31/2024,F366+,98941 [AT],Provider_A,100,7.59,P,Novitas solutions inc,MID-102519X,29.73,0000054854,0,0,0,62.68,0
ACC-40508120,Patient_2520,5/31/2024,F366+,98941 [AT],Provider_B,100,7.59,B,Blue Cross Blue Shield of New Mexico,MID-102520X,0,,805,0,0,62.68,0
ACC-26485287,Patient_2521,6/7/2024,F366+,98941 [AT],Provider_A,100,7.59,P,Novitas solutions inc,MID-102521X,29.73,0000055047,0,0,0,62.68,0
ACC-43912598,Patient_2522,6/7/2024,F366+,98941 [AT],Provider_B,100,7.59,B,Blue Cross Blue Shield of New Mexico,MID-102522X,0,,799,0,0,62.68,0
ACC-54432432,Patient_2523,7/17/2024,F366+,98941 [AT],Provider_A,100,7.59,P,Novitas solutions inc,MID-102523X,29.73,0000056398,0,0,0,62.68,0
ACC-85868816,Patient_2524,7/17/2024,F366+,98941 [AT],Provider_B,100,7.59,B,Blue Cross Blue Shield of New Mexico,MID-102524X,0,,759,0,0,62.68,0
ACC-88387980,Patient_2525,9/27/2024,F366+,98941 [AT],Provider_A,100,7.59,P,Novitas solutions inc,MID-102525X,29.73,0000059306,0,0,0,62.68,0
ACC-90883381,Patient_2526,9/27/2024,F366+,98941 [AT],Provider_B,100,7.59,B,Blue Cross Blue Shield of New Mexico,MID-102526X,0,,687,0,0,62.68,0
ACC-35283578,Patient_2527,5/19/2025,F366+,98941 [AT],Provider_A,100,100,B,Novitas solutions inc,MID-102527X,0,0000071189,470,0,0,0,0
ACC-81305979,Patient_2528,7/29/2026,A61-90,98941 [AT],Provider_B,100,29.78,B,Novitas solutions inc,MID-102528X,0,,36,0,0,62.77,0
ACC-90895142,Patient_2529,4/22/2024,F366+,98941 [AT],Provider_A,100,7.59,P,Novitas solutions inc,MID-102529X,29.73,0000053675,0,0,0,62.68,0
ACC-94189728,Patient_2530,4/22/2024,F366+,98941 [AT],Provider_B,100,7.59,B,Blue Cross Blue Shield of New Mexico,MID-102530X,0,,848,0,0,62.68,0
ACC-70780619,Patient_2531,5/6/2024,F366+,98941 [AT],Provider_A,100,7.59,B,Novitas solutions inc,MID-102531X,29.73,0000054030,822,0,0,62.68,0
ACC-92338714,Patient_2532,5/6/2024,F366+,98941 [AT],Provider_B,100,7.59,P,Blue Cross Blue Shield of New Mexico,MID-102532X,0,0000054550,0,0,0,62.68,0
ACC-32619528,Patient_2533,5/31/2024,F366+,98941 [AT],Provider_A,100,7.59,P,Novitas solutions inc,MID-102533X,29.73,0000054856,0,0,0,62.68,0
ACC-30499917,Patient_2534,5/31/2024,F366+,98941 [AT],Provider_B,100,7.59,B,Blue Cross Blue Shield of New Mexico,MID-102534X,0,,805,0,0,62.68,0
ACC-90975876,Patient_2535,9/27/2024,F366+,98941 [AT],Provider_A,100,7.59,P,Novitas solutions inc,MID-102535X,29.73,0000059308,0,0,0,62.68,0
ACC-78127741,Patient_2536,9/27/2024,F366+,98941 [AT],Provider_B,100,7.59,B,Blue Cross Blue Shield of New Mexico,MID-102536X,0,,687,0,0,62.68,0
ACC-67178441,Patient_2537,7/29/2026,A61-90,98941 [AT],Provider_A,100,37.23,B,Novitas solutions inc,MID-102537X,0,,36,0,0,62.77,0
ACC-47173788,Patient_2538,4/29/2024,F366+,98941 [AT],Provider_B,100,100,B,Presbyterian Health Plan,MID-102538X,0,,849,0,0,0,0
ACC-12304920,Patient_2539,4/29/2024,F366+,99203 [25],Provider_A,275,255,B,Presbyterian Health Plan,MID-102539X,0,,849,20,0,0,20
ACC-35937316,Patient_2540,5/6/2024,F366+,98941 [AT],Provider_B,100,100,B,Presbyterian Health Plan,MID-102540X,0,,842,0,0,0,0
ACC-21502059,Patient_2541,5/7/2024,F366+,98941,Provider_A,100,85,B,Blue Cross Blue Shield of New Mexico,MID-102541X,0,0000054122,842,15,0,0,15
ACC-46608186,Patient_2542,5/28/2024,F366+,98941,Provider_B,100,85,B,Blue Cross Blue Shield of New Mexico,MID-102542X,0,0000054701,821,15,0,0,15
ACC-50649484,Patient_2543,6/18/2024,F366+,98941,Provider_A,100,85,B,Blue Cross Blue Shield of New Mexico,MID-102543X,0,0000055356,800,15,0,0,15
ACC-60044486,Patient_2544,7/19/2024,F366+,98941,Provider_B,100,85,B,Blue Cross Blue Shield of New Mexico,MID-102544X,0,0000056521,770,15,0,0,15
ACC-18101936,Patient_2545,8/12/2024,F366+,98941,Provider_A,100,85,B,Blue Cross Blue Shield of New Mexico,MID-102545X,0,0000057473,749,15,0,0,15
ACC-91496852,Patient_2546,11/18/2024,F366+,98941,Provider_B,100,85,B,Blue Cross Blue Shield of New Mexico,MID-102546X,0,0000061307,652,15,0,0,15
ACC-48128920,Patient_2547,1/8/2025,F366+,98941,Provider_A,100,21.68,B,Blue Cross Blue Shield of New Mexico,MID-102547X,0,0000063678,601,0,0,63.32,15
ACC-87631634,Patient_2548,1/29/2025,F366+,98941,Provider_B,100,21.68,B,Blue Cross Blue Shield of New Mexico,MID-102548X,0,0000065206,580,0,0,63.32,15
ACC-10169333,Patient_2549,2/19/2025,F366+,98941,Provider_A,100,21.68,B,Blue Cross Blue Shield of New Mexico,MID-102549X,0,0000066402,559,0,0,63.32,15
ACC-19721956,Patient_2550,8/24/2026,A31-60,97012 [GP],Provider_B,30,9.83,B,Blue Cross Blue Shield of New Mexico,MID-102550X,0,0000092842,8,0,0,20.17,0
ACC-28983896,Patient_2551,8/24/2026,A31-60,98941,Provider_A,100,21.68,B,Blue Cross Blue Shield of New Mexico,MID-102551X,0,0000092842,8,0,0,63.32,15
ACC-64953465,Patient_2552,4/22/2024,F366+,99203 [25],Provider_B,275,275,D,Presbyterian Health Plan,MID-102552X,0,0000055048,0,0,0,0,0
ACC-89040691,Patient_2553,7/11/2024,F366+,98941,Provider_A,100,100,D,Presbyterian Health Plan,MID-102553X,0,0000056094,0,0,0,0,0
ACC-95131623,Patient_2554,7/15/2024,F366+,98941,Provider_B,100,100,D,Presbyterian Health Plan,MID-102554X,0,0000056217,0,0,0,0,0
ACC-39179411,Patient_2555,9/16/2024,F366+,98941,Provider_A,100,100,B,Presbyterian Health Plan,MID-102555X,0,0000058804,714,0,0,0,0
ACC-44786132,Patient_2556,4/29/2024,F366+,72052,Provider_B,210,210,D,United HealthCare,MID-102556X,0,0000053857,0,0,0,0,0
ACC-83276981,Patient_2557,4/29/2024,F366+,72120,Provider_A,240,240,D,United HealthCare,MID-102557X,0,0000053857,0,0,0,0,0
ACC-84862554,Patient_2558,4/29/2024,F366+,99203 [25],Provider_B,275,275,D,United HealthCare,MID-102558X,0,0000053857,0,0,0,0,0
ACC-53550129,Patient_2559,4/17/2024,F366+,99203 [25],Provider_A,275,275,D,Presbyterian Health Plan,MID-102559X,0,,0,0,0,0,0
ACC-72589436,Patient_2560,5/1/2024,F366+,98941,Provider_B,100,100,B,Presbyterian Health Plan,MID-102560X,0,,849,0,0,0,0
ACC-82199440,Patient_2561,5/8/2024,F366+,98941,Provider_A,100,100,B,Presbyterian Health Plan,MID-102561X,0,,842,0,0,0,0
ACC-82560037,Patient_2562,5/17/2024,F366+,98941,Provider_B,100,100,B,Presbyterian Health Plan,MID-102562X,0,,833,0,0,0,0
ACC-48630216,Patient_2563,7/31/2024,F366+,98941,Provider_A,100,100,D,Presbyterian Health Plan,MID-102563X,0,0000056984,0,0,0,0,0
ACC-99634211,Patient_2564,8/7/2024,F366+,98941,Provider_B,100,100,D,Presbyterian Health Plan,MID-102564X,0,0000057338,0,0,0,0,0
ACC-53854419,Patient_2565,8/27/2026,A31-60,97012 [GP],Provider_A,30,30,B,United Healthcare,MID-102565X,0,0000092979,3,0,0,0,0
ACC-61020451,Patient_2566,8/27/2026,A31-60,98941,Provider_B,100,15,B,United Healthcare,MID-102566X,0,0000092979,3,0,0,50,35
ACC-67492353,Patient_2567,9/1/2026,A0-30,97012 [GP],Provider_A,30,30,B,United Healthcare,MID-102567X,0,0000093106,0,0,0,0,0
ACC-36662053,Patient_2568,9/1/2026,A0-30,98941,Provider_B,100,15,B,United Healthcare,MID-102568X,0,0000093106,0,0,0,50,35
ACC-39636173,Patient_2569,5/7/2024,F366+,98941,Provider_A,100,100,B,Presbyterian Health Plan,MID-102569X,0,,842,0,0,0,0
ACC-79694812,Patient_2570,2/24/2025,F366+,98941 [AT],Provider_B,100,80,B,Presbyterian Health Plan,MID-102570X,0,0000066644,554,20,0,0,20
ACC-63506376,Patient_2571,8/26/2026,A31-60,98941 [AT],Provider_A,100,16.79,B,Presbyterian Health Plan,MID-102571X,0,,8,0,0,63.21,20
ACC-31959161,Patient_2572,4/16/2024,F366+,99203 [25],Provider_B,275,275,D,Presbyterian Health Plan,MID-102572X,0,,0,0,0,0,0
ACC-71580204,Patient_2573,4/30/2024,F366+,97110,Provider_A,35,35,D,Presbyterian Health Plan,MID-102573X,0,0000058689,0,0,0,0,0
ACC-43837932,Patient_2574,5/7/2024,F366+,98941,Provider_B,100,100,D,Presbyterian Health Plan,MID-102574X,0,0000058690,0,0,0,0,0
ACC-83291122,Patient_2575,7/8/2024,F366+,98941,Provider_A,100,100,B,Presbyterian Health Plan,MID-102575X,0,0000055976,784,0,0,0,0
ACC-51828066,Patient_2576,7/17/2024,F366+,98941,Provider_B,100,100,D,Presbyterian Health Plan,MID-102576X,0,0000056400,0,0,0,0,0
ACC-94336738,Patient_2577,7/22/2024,F366+,98941,Provider_A,100,100,D,Presbyterian Health Plan,MID-102577X,0,0000056527,0,0,0,0,0
ACC-73901683,Patient_2578,7/30/2024,F366+,98941,Provider_B,100,100,D,Presbyterian Health Plan,MID-102578X,0,0000056983,0,0,0,0,0
ACC-18039472,Patient_2579,8/6/2024,F366+,98941,Provider_A,100,100,D,Presbyterian Health Plan,MID-102579X,0,0000057337,0,0,0,0,0
ACC-44661361,Patient_2580,10/17/2024,F366+,98941,Provider_B,100,100,B,Presbyterian Health Plan,MID-102580X,0,0000059913,681,0,0,0,0
ACC-44094779,Patient_2581,10/23/2024,F366+,98941,Provider_A,100,100,B,Presbyterian Health Plan,MID-102581X,0,0000060159,674,0,0,0,0
ACC-75261450,Patient_2582,10/29/2024,F366+,98941,Provider_B,100,100,B,Presbyterian Health Plan,MID-102582X,0,0000060443,667,0,0,0,0
ACC-39874033,Patient_2583,10/29/2024,F366+,99214 [25],Provider_A,150,150,B,Presbyterian Health Plan,MID-102583X,0,0000060443,667,0,0,0,0
ACC-54396688,Patient_2584,8/18/2026,A31-60,97012 [GP],Provider_B,30,30,B,Presbyterian Health Plan,MID-102584X,0,0000092716,13,0,0,0,0
ACC-17970518,Patient_2585,8/18/2026,A31-60,98943,Provider_A,50,10.73,B,Presbyterian Health Plan,MID-102585X,0,0000092716,13,0,0,24.27,15
ACC-11864163,Patient_2586,8/31/2026,A0-30,97012 [GP],Provider_B,30,30,B,Presbyterian Health Plan,MID-102586X,0,0000093035,1,0,0,0,0
ACC-79383942,Patient_2587,8/31/2026,A0-30,98943,Provider_A,50,10.73,B,Presbyterian Health Plan,MID-102587X,0,0000093035,1,0,0,24.27,15
ACC-46959581,Patient_2588,5/6/2024,F366+,98941,Provider_B,100,60,B,Lucent Health,MID-102588X,0,,842,40,0,0,40
ACC-63169202,Patient_2589,6/3/2024,F366+,98941,Provider_A,100,60,B,Lucent Health,MID-102589X,0,0000058263,728,40,0,0,40
ACC-34278964,Patient_2590,6/10/2024,F366+,98941,Provider_B,100,60,B,Lucent Health,MID-102590X,0,0000058264,728,40,0,0,40
ACC-91975687,Patient_2591,8/28/2024,F366+,98941,Provider_A,100,60,B,Lucent Health,MID-102591X,0,0000058270,728,40,0,0,40
ACC-19586505,Patient_2592,9/4/2024,F366+,98941,Provider_B,100,60,B,Lucent Health,MID-102592X,0,0000058381,723,40,0,0,40
ACC-35491137,Patient_2593,6/8/2026,A91-120,97012 [GP],Provider_A,30,30,B,Cigna,MID-102593X,0,0000090472,85,0,0,0,0
ACC-72416280,Patient_2594,6/8/2026,A91-120,98941,Provider_B,100,65.26,B,Cigna,MID-102594X,0,0000090472,85,34.74,0,0,34.74
ACC-14840128,Patient_2595,6/15/2026,A91-120,97012 [GP],Provider_A,30,30,B,Cigna,MID-102595X,0,0000090751,78,0,0,0,0
ACC-39308115,Patient_2596,6/15/2026,A91-120,98941,Provider_B,100,65.26,B,Cigna,MID-102596X,0,0000090751,78,34.74,0,0,34.74
ACC-79114442,Patient_2597,6/22/2026,A91-120,97012 [GP],Provider_A,30,30,B,Cigna,MID-102597X,0,0000091017,71,0,0,0,0
ACC-74005783,Patient_2598,6/22/2026,A91-120,98941,Provider_B,100,65.26,B,Cigna,MID-102598X,0,0000091017,71,34.74,0,0,34.74
ACC-44467484,Patient_2599,4/22/2024,F366+,72052,Provider_A,210,210,D,United HealthCare,MID-102599X,0,0000053676,0,0,0,0,0
ACC-26960869,Patient_2600,4/22/2024,F366+,72120,Provider_B,240,240,D,United HealthCare,MID-102600X,0,0000053676,0,0,0,0,0
ACC-29596771,Patient_2601,4/22/2024,F366+,99203 [25],Provider_A,275,275,D,United HealthCare,MID-102601X,0,0000053676,0,0,0,0,0
ACC-69174502,Patient_2602,5/6/2024,F366+,72052,Provider_B,210,210,B,United Healthcare,MID-102602X,0,0000054041,847,0,0,0,0
ACC-62487609,Patient_2603,5/6/2024,F366+,72120,Provider_A,240,240,B,United Healthcare,MID-102603X,0,0000054041,847,0,0,0,0
ACC-87543899,Patient_2604,5/6/2024,F366+,99203 [25],Provider_B,275,235,B,United Healthcare,MID-102604X,0,0000054041,847,40,0,0,40
ACC-21350418,Patient_2605,5/7/2024,F366+,98941,Provider_A,100,100,D,United Healthcare,MID-102605X,0,0000054131,0,0,0,0,0
ACC-23623211,Patient_2606,5/10/2024,F366+,98941,Provider_B,100,100,D,United Healthcare,MID-102606X,0,0000054232,0,0,0,0,0
ACC-82936146,Patient_2607,5/13/2024,F366+,98941,Provider_A,100,100,D,United Healthcare,MID-102607X,0,0000054233,0,0,0,0,0
ACC-31885695,Patient_2608,5/17/2024,F366+,98941,Provider_B,100,100,D,United Healthcare,MID-102608X,0,0000054422,0,0,0,0,0
ACC-73410501,Patient_2609,5/20/2024,F366+,98941,Provider_A,100,100,D,United Healthcare,MID-102609X,0,0000054423,0,0,0,0,0
ACC-64279561,Patient_2610,5/24/2024,F366+,97110 [GP],Provider_B,35,35,D,United Healthcare,MID-102610X,0,0000054566,0,0,0,0,0
ACC-72432827,Patient_2611,5/24/2024,F366+,98941,Provider_A,100,100,D,United Healthcare,MID-102611X,0,0000054566,0,0,0,0,0
ACC-11003006,Patient_2612,6/3/2024,F366+,98941,Provider_B,100,100,D,United Healthcare,MID-102612X,0,0000054865,0,0,0,0,0
ACC-76264120,Patient_2613,6/7/2024,F366+,98941,Provider_A,100,60,D,United Healthcare,MID-102613X,0,0000055054,0,40,0,0,40
ACC-61721551,Patient_2614,6/10/2024,F366+,98941,Provider_B,100,60,D,United Healthcare,MID-102614X,0,0000055055,0,40,0,0,40
ACC-21018920,Patient_2615,6/14/2024,F366+,98941,Provider_A,100,60,D,United Healthcare,MID-102615X,0,0000055369,0,40,0,0,40
ACC-92370956,Patient_2616,6/18/2024,F366+,98941,Provider_B,100,60,D,United Healthcare,MID-102616X,0,0000055370,0,40,0,0,40
ACC-48783105,Patient_2617,6/26/2024,F366+,98941,Provider_A,100,60,D,United Healthcare,MID-102617X,0,0000055613,0,40,0,0,40
ACC-72217790,Patient_2618,6/28/2024,F366+,98941,Provider_B,100,60,D,United Healthcare,MID-102618X,0,0000055818,0,40,0,0,40
ACC-73617438,Patient_2619,7/8/2024,F366+,98941,Provider_A,100,100,D,United Healthcare,MID-102619X,0,0000056536,0,0,0,0,0
ACC-85898868,Patient_2620,7/12/2024,F366+,98941,Provider_B,100,60,D,United Healthcare,MID-102620X,0,0000056220,0,40,0,0,40
ACC-29131391,Patient_2621,7/15/2024,F366+,98941,Provider_A,100,60,D,United Healthcare,MID-102621X,0,0000056221,0,40,0,0,40
ACC-46004097,Patient_2622,7/31/2024,F366+,98941,Provider_B,100,60,D,United Healthcare,MID-102622X,0,0000056991,0,40,0,0,40
ACC-25112161,Patient_2623,8/2/2024,F366+,98941,Provider_A,100,100,D,United Healthcare,MID-102623X,0,0000058023,0,0,0,0,0
ACC-55989511,Patient_2624,8/5/2024,F366+,98941,Provider_B,100,60,D,United Healthcare,MID-102624X,0,0000057145,0,40,0,0,40
ACC-74245679,Patient_2625,8/9/2024,F366+,98941,Provider_A,100,60,D,United Healthcare,MID-102625X,0,0000057480,0,40,0,0,40
ACC-67402234,Patient_2626,8/14/2024,F366+,98941,Provider_B,100,100,D,United Healthcare,MID-102626X,0,0000057622,0,0,0,0,0
ACC-98117833,Patient_2627,8/19/2024,F366+,98941,Provider_A,100,100,D,United Healthcare,MID-102627X,0,0000057752,0,0,0,0,0
ACC-94552468,Patient_2628,8/23/2024,F366+,98941,Provider_B,100,100,D,United Healthcare,MID-102628X,0,0000058024,0,0,0,0,0
ACC-74350652,Patient_2629,8/30/2024,F366+,98941,Provider_A,100,100,D,United Healthcare,MID-102629X,0,0000058273,0,0,0,0,0
ACC-37186001,Patient_2630,8/25/2026,A31-60,97012 [GP],Provider_B,30,30,B,United Healthcare,MID-102630X,0,0000092917,6,0,0,0,0
ACC-45644034,Patient_2631,8/25/2026,A31-60,98941,Provider_A,100,10,B,United Healthcare,MID-102631X,0,0000092917,6,0,0,50,40
ACC-20512888,Patient_2632,6/18/2024,F366+,98941,Provider_B,100,100,D,United Healthcare,MID-102632X,0,0000055410,0,0,0,0,0
ACC-39860947,Patient_2633,6/19/2024,F366+,98941,Provider_A,100,100,D,United Healthcare,MID-102633X,0,0000055411,0,0,0,0,0
ACC-95057838,Patient_2634,6/24/2024,F366+,98941,Provider_B,100,100,D,United Healthcare,MID-102634X,0,0000055507,0,0,0,0,0
ACC-63621389,Patient_2635,6/26/2024,F366+,98941,Provider_A,100,100,B,United Healthcare,MID-102635X,0,0000055638,793,0,0,0,0
ACC-72678448,Patient_2636,6/27/2024,F366+,98941,Provider_B,100,100,D,United Healthcare,MID-102636X,0,0000055639,0,0,0,0,0
ACC-46110841,Patient_2637,7/8/2024,F366+,98941,Provider_A,100,100,D,United Healthcare,MID-102637X,0,0000056000,0,0,0,0,0
ACC-84436464,Patient_2638,7/10/2024,F366+,97110 [Gp],Provider_B,35,35,D,United Healthcare,MID-102638X,0,0000056120,0,0,0,0,0
ACC-42268524,Patient_2639,7/10/2024,F366+,98941,Provider_A,100,100,D,United Healthcare,MID-102639X,0,0000056120,0,0,0,0,0
ACC-63011612,Patient_2640,7/12/2024,F366+,98941,Provider_B,100,100,D,United Healthcare,MID-102640X,0,0000056243,0,0,0,0,0
ACC-10368940,Patient_2641,7/15/2024,F366+,98941,Provider_A,100,100,D,United Healthcare,MID-102641X,0,0000056244,0,0,0,0,0
ACC-73990851,Patient_2642,7/17/2024,F366+,98941,Provider_B,100,100,D,United Healthcare,MID-102642X,0,0000056431,0,0,0,0,0
ACC-85084517,Patient_2643,7/19/2024,F366+,98941,Provider_A,100,100,D,United Healthcare,MID-102643X,0,0000056563,0,0,0,0,0
ACC-39985904,Patient_2644,7/22/2024,F366+,98941,Provider_B,100,100,B,United Healthcare,MID-102644X,0,0000056564,770,0,0,0,0
ACC-20394973,Patient_2645,7/25/2024,F366+,98941,Provider_A,100,100,D,United Healthcare,MID-102645X,0,0000056689,0,0,0,0,0
ACC-35066861,Patient_2646,7/25/2024,F366+,99214 [25],Provider_B,150,150,D,United Healthcare,MID-102646X,0,0000056689,0,0,0,0,0
ACC-41999878,Patient_2647,7/26/2024,F366+,98941,Provider_A,100,100,D,United Healthcare,MID-102647X,0,0000056828,0,0,0,0,0
ACC-15111117,Patient_2648,7/29/2024,F366+,98941,Provider_B,100,100,D,United Healthcare,MID-102648X,0,0000056829,0,0,0,0,0
ACC-73600234,Patient_2649,8/2/2024,F366+,98941,Provider_A,100,100,D,United Healthcare,MID-102649X,0,0000057161,0,0,0,0,0
ACC-12670660,Patient_2650,8/5/2024,F366+,98941,Provider_B,100,100,D,United Healthcare,MID-102650X,0,0000057162,0,0,0,0,0
ACC-74997978,Patient_2651,8/6/2024,F366+,97110,Provider_A,35,35,D,United Healthcare,MID-102651X,0,0000057355,0,0,0,0,0
ACC-15581977,Patient_2652,8/6/2024,F366+,98941,Provider_B,100,100,D,United Healthcare,MID-102652X,0,0000057355,0,0,0,0,0
ACC-69366833,Patient_2653,8/9/2024,F366+,98941,Provider_A,100,100,D,United Healthcare,MID-102653X,0,0000057485,0,0,0,0,0
ACC-80024384,Patient_2654,8/12/2024,F366+,98941,Provider_B,100,100,D,United Healthcare,MID-102654X,0,0000057486,0,0,0,0,0
ACC-37679133,Patient_2655,8/14/2024,F366+,98941,Provider_A,100,100,D,United Healthcare,MID-102655X,0,0000057634,0,0,0,0,0
ACC-53951824,Patient_2656,8/16/2024,F366+,98941,Provider_B,100,100,D,United Healthcare,MID-102656X,0,0000057756,0,0,0,0,0
ACC-51758518,Patient_2657,8/19/2024,F366+,98941,Provider_A,100,100,D,United Healthcare,MID-102657X,0,0000057757,0,0,0,0,0
ACC-48803842,Patient_2658,5/8/2024,F366+,99203 [25],Provider_B,275,275,B,Presbyterian Health Plan,MID-102658X,0,,842,0,0,0,0
ACC-99886927,Patient_2659,5/21/2024,F366+,98941,Provider_A,100,100,D,Presbyterian Health Plan,MID-102659X,0,0000054569,697,0,0,0,0
ACC-77243538,Patient_2660,5/13/2024,F366+,72052,Provider_B,210,210,D,United HealthCare,MID-102660X,0,0000054236,0,0,0,0,0
ACC-50315777,Patient_2661,5/13/2024,F366+,72120,Provider_A,240,240,D,United HealthCare,MID-102661X,0,0000054236,0,0,0,0,0
ACC-59151996,Patient_2662,5/13/2024,F366+,99203 [25],Provider_B,275,275,D,United HealthCare,MID-102662X,0,0000054236,0,0,0,0,0
ACC-18956354,Patient_2663,8/19/2024,F366+,99214 [25],Provider_A,150,150,D,Presbyterian Health Plan,MID-102663X,0,0000057753,0,0,0,0,0
ACC-64243782,Patient_2664,10/23/2024,F366+,98941,Provider_B,100,100,B,Presbyterian Health Plan,MID-102664X,0,0000060164,674,0,0,0,0
ACC-49471250,Patient_2665,5/13/2024,F366+,72052,Provider_A,210,210,B,Lucent Health,MID-102665X,0,,665,0,0,0,0
ACC-47374433,Patient_2666,5/13/2024,F366+,99203 [25],Provider_B,275,235,B,Lucent Health,MID-102666X,0,,665,40,0,0,40
ACC-31526779,Patient_2667,5/15/2024,F366+,98941,Provider_A,100,100,B,Lucent Health,MID-102667X,0,,665,0,0,0,0
ACC-50688354,Patient_2668,6/12/2024,F366+,98941,Provider_B,100,100,B,Lucent Health,MID-102668X,0,,665,0,0,0,0
ACC-95684015,Patient_2669,5/6/2024,F366+,72052,Provider_A,210,210,D,United HealthCare,MID-102669X,0,0000054040,0,0,0,0,0
ACC-20239678,Patient_2670,5/6/2024,F366+,72120,Provider_B,240,240,D,United HealthCare,MID-102670X,0,0000054040,0,0,0,0,0
ACC-77386157,Patient_2671,5/6/2024,F366+,99203 [25],Provider_A,275,225,D,United HealthCare,MID-102671X,0,0000054040,0,50,0,0,50
ACC-30908660,Patient_2672,5/15/2024,F366+,99203 [25],Provider_B,275,275,D,Presbyterian Health Plan,MID-102672X,0,0000057341,0,0,0,0,0
ACC-69970532,Patient_2673,5/22/2024,F366+,99203 [25],Provider_A,275,275,D,Presbyterian Health Plan,MID-102673X,0,0000054591,0,0,0,0,0
ACC-77770785,Patient_2674,5/20/2024,F366+,72052,Provider_B,210,210,D,United HealthCare,MID-102674X,0,0000054432,0,0,0,0,0
ACC-21809103,Patient_2675,5/20/2024,F366+,72120,Provider_A,240,240,D,United HealthCare,MID-102675X,0,0000054432,0,0,0,0,0
ACC-11195482,Patient_2676,5/20/2024,F366+,99203 [25],Provider_B,275,275,D,United HealthCare,MID-102676X,0,0000054432,0,0,0,0,0
ACC-69298261,Patient_2677,8/28/2024,F366+,98941,Provider_A,100,75,B,United Healthcare,MID-102677X,0,0000058190,730,25,0,0,25
ACC-44471350,Patient_2678,9/11/2024,F366+,98941,Provider_B,100,75,B,United Healthcare,MID-102678X,0,0000058698,716,25,0,0,25
ACC-15570557,Patient_2679,10/2/2024,F366+,98941,Provider_A,100,75,B,United Healthcare,MID-102679X,0,0000059453,695,25,0,0,25
ACC-40010747,Patient_2680,8/19/2026,A31-60,97012 [GP],Provider_B,30,30,B,United Healthcare,MID-102680X,0,0000092717,13,0,0,0,0
ACC-38093165,Patient_2681,8/19/2026,A31-60,98941,Provider_A,100,25,B,United Healthcare,MID-102681X,0,0000092717,13,0,0,50,25
ACC-56848028,Patient_2682,5/29/2024,F366+,99203 [25],Provider_B,275,275,D,Presbyterian Health Plan,MID-102682X,0,0000054736,0,0,0,0,0
ACC-38364802,Patient_2683,6/12/2024,F366+,97110,Provider_A,35,35,D,Presbyterian Health Plan,MID-102683X,0,0000055206,0,0,0,0,0
ACC-66982447,Patient_2684,7/3/2024,F366+,98941,Provider_B,100,100,D,Presbyterian Health Plan,MID-102684X,0,0000055898,0,0,0,0,0
ACC-37615630,Patient_2685,7/8/2024,F366+,98941,Provider_A,100,100,D,Presbyterian Health Plan,MID-102685X,0,0000055994,0,0,0,0,0
ACC-36740040,Patient_2686,7/10/2024,F366+,98941,Provider_B,100,100,D,Presbyterian Health Plan,MID-102686X,0,0000056114,0,0,0,0,0
ACC-92216075,Patient_2687,7/12/2024,F366+,98941,Provider_A,100,100,D,Presbyterian Health Plan,MID-102687X,0,0000056236,0,0,0,0,0
ACC-53258693,Patient_2688,7/12/2024,F366+,99214 [25],Provider_B,150,150,D,Presbyterian Health Plan,MID-102688X,0,0000056236,0,0,0,0,0
ACC-20096950,Patient_2689,7/15/2024,F366+,98941,Provider_A,100,100,D,Presbyterian Health Plan,MID-102689X,0,0000056237,0,0,0,0,0
ACC-18178054,Patient_2690,7/17/2024,F366+,98941,Provider_B,100,100,D,Presbyterian Health Plan,MID-102690X,0,0000056421,0,0,0,0,0
ACC-41117819,Patient_2691,7/19/2024,F366+,98941,Provider_A,100,100,D,Presbyterian Health Plan,MID-102691X,0,0000056554,0,0,0,0,0
ACC-80150189,Patient_2692,5/29/2024,F366+,99203 [25],Provider_B,275,275,D,Presbyterian Health Plan,MID-102692X,0,0000054977,0,0,0,0,0
ACC-32136161,Patient_2693,6/11/2024,F366+,97110,Provider_A,35,35,D,Presbyterian Health Plan,MID-102693X,0,0000055204,0,0,0,0,0
ACC-24930411,Patient_2694,6/28/2024,F366+,99214 [25],Provider_B,150,150,D,Presbyterian Health Plan,MID-102694X,0,0000055829,0,0,0,0,0
ACC-84841885,Patient_2695,7/17/2024,F366+,98941,Provider_A,100,43.1,D,Presbyterian Health Plan,MID-102695X,0,0000056419,733,56.9,0,0,56.9
ACC-32118245,Patient_2696,7/19/2024,F366+,97110,Provider_B,35,35,D,Presbyterian Health Plan,MID-102696X,0,0000056551,733,0,0,0,0
ACC-37343641,Patient_2697,9/9/2024,F366+,97110,Provider_A,35,35,D,Presbyterian Health Plan,MID-102697X,0,0000058552,0,0,0,0,0
ACC-52201568,Patient_2698,6/3/2024,F366+,99203 [25],Provider_B,275,275,D,Presbyterian Health Plan,MID-102698X,0,0000054886,0,0,0,0,0
ACC-18787737,Patient_2699,6/19/2024,F366+,97110,Provider_A,35,35,D,Presbyterian Health Plan,MID-102699X,0,0000055398,0,0,0,0,0
ACC-67897573,Patient_2700,7/8/2024,F366+,98941,Provider_B,100,70,D,Presbyterian Health Plan,MID-102700X,0,0000055996,0,30,0,0,30
ACC-44698512,Patient_2701,7/10/2024,F366+,98941,Provider_A,100,70,D,Presbyterian Health Plan,MID-102701X,0,0000056116,0,30,0,0,30
ACC-67556461,Patient_2702,7/15/2024,F366+,98941,Provider_B,100,100,D,Presbyterian Health Plan,MID-102702X,0,0000056239,0,0,0,0,0
ACC-65730792,Patient_2703,7/15/2024,F366+,99214 [25],Provider_A,150,150,D,Presbyterian Health Plan,MID-102703X,0,0000056239,0,0,0,0,0
ACC-92051693,Patient_2704,7/17/2024,F366+,98941,Provider_B,100,100,D,Presbyterian Health Plan,MID-102704X,0,0000056424,0,0,0,0,0
ACC-70489183,Patient_2705,7/19/2024,F366+,98941,Provider_A,100,100,D,Presbyterian Health Plan,MID-102705X,0,0000056556,0,0,0,0,0
ACC-86201174,Patient_2706,7/22/2024,F366+,98941,Provider_B,100,100,D,Presbyterian Health Plan,MID-102706X,0,0000056557,0,0,0,0,0
ACC-47011847,Patient_2707,7/24/2024,F366+,98941,Provider_A,100,70,D,Presbyterian Health Plan,MID-102707X,0,0000056686,0,30,0,0,30
ACC-48591299,Patient_2708,6/5/2024,F366+,99203 [25],Provider_B,275,275,D,Presbyterian Health Plan,MID-102708X,0,0000054986,0,0,0,0,0
ACC-56474357,Patient_2709,7/29/2026,A61-90,98941 [AT],Provider_A,100,80,B,Novitas solutions inc,MID-102709X,0,,36,20,20,0,0
ACC-36465194,Patient_2710,8/12/2026,A31-60,98941 [AT],Provider_B,100,80,B,Novitas solutions inc,MID-102710X,0,,22,20,20,0,0
ACC-88006926,Patient_2711,7/3/2024,F366+,98941,Provider_A,100,43.1,B,Presbyterian Health Plan,MID-102711X,0,0000060910,657,56.9,0,0,56.9
ACC-91089096,Patient_2712,7/8/2024,F366+,98941,Provider_B,100,43.1,B,Presbyterian Health Plan,MID-102712X,0,0000060911,657,56.9,0,0,56.9
ACC-99869771,Patient_2713,7/17/2024,F366+,98941,Provider_A,100,43.1,B,Presbyterian Health Plan,MID-102713X,0,0000060912,657,56.9,0,0,56.9
ACC-99040857,Patient_2714,7/19/2024,F366+,98941,Provider_B,100,43.1,B,Presbyterian Health Plan,MID-102714X,0,0000060913,657,56.9,0,0,56.9
ACC-86500183,Patient_2715,7/22/2024,F366+,98941,Provider_A,100,43.1,B,Presbyterian Health Plan,MID-102715X,0,0000060914,657,56.9,0,0,56.9
ACC-65029691,Patient_2716,7/24/2024,F366+,98941,Provider_B,100,43.1,B,Presbyterian Health Plan,MID-102716X,0,0000060915,657,56.9,0,0,56.9
ACC-98096883,Patient_2717,8/7/2024,F366+,97110,Provider_A,35,35,D,Presbyterian Health Plan,MID-102717X,0,0000057354,0,0,0,0,0
ACC-94899379,Patient_2718,6/17/2024,F366+,72120,Provider_B,240,240,B,Cigna,MID-102718X,0,0000055412,800,0,0,0,0
ACC-18686949,Patient_2719,6/17/2024,F366+,99203 [25],Provider_A,275,240.26,B,Cigna,MID-102719X,0,0000055412,800,34.74,0,0,34.74
ACC-36155429,Patient_2720,7/10/2024,F366+,98941,Provider_B,100,65.26,B,Cigna,MID-102720X,0,0000056121,779,34.74,0,0,34.74
ACC-44869553,Patient_2721,7/11/2024,F366+,98941,Provider_A,100,65.26,B,Cigna,MID-102721X,0,0000056122,779,34.74,0,0,34.74
ACC-87814412,Patient_2722,7/15/2024,F366+,98941,Provider_B,100,65.26,B,Cigna,MID-102722X,0,0000056245,777,34.74,0,0,34.74
ACC-18374166,Patient_2723,7/17/2024,F366+,98941,Provider_A,100,65.26,B,Cigna,MID-102723X,0,0000056432,772,34.74,0,0,34.74
ACC-27068972,Patient_2724,7/22/2024,F366+,98941,Provider_B,100,65.26,B,Cigna,MID-102724X,0,0000056565,770,34.74,0,0,34.74
ACC-29548773,Patient_2725,7/22/2024,F366+,99214 [25],Provider_A,150,150,B,Cigna,MID-102725X,0,0000056565,770,0,0,0,0
ACC-22084876,Patient_2726,7/24/2024,F366+,98941,Provider_B,100,65.26,B,Cigna,MID-102726X,0,0000056691,765,34.74,0,0,34.74
ACC-51068743,Patient_2727,7/29/2024,F366+,98941,Provider_A,100,65.26,B,Cigna,MID-102727X,0,0000056830,763,34.74,0,0,34.74
ACC-36977645,Patient_2728,7/31/2024,F366+,98941,Provider_B,100,65.26,B,Cigna,MID-102728X,0,0000057009,758,34.74,0,0,34.74
ACC-91923029,Patient_2729,8/5/2024,F366+,98941,Provider_A,100,65.26,B,Cigna,MID-102729X,0,0000057163,756,34.74,0,0,34.74
ACC-39779351,Patient_2730,8/7/2024,F366+,98941,Provider_B,100,65.26,B,Cigna,MID-102730X,0,0000057356,751,34.74,0,0,34.74
ACC-75182432,Patient_2731,8/12/2024,F366+,98941,Provider_A,100,65.26,B,Cigna,MID-102731X,0,0000057487,749,34.74,0,0,34.74
ACC-45881150,Patient_2732,8/14/2024,F366+,98941,Provider_B,100,65.26,B,Cigna,MID-102732X,0,0000057635,744,34.74,0,0,34.74
ACC-22619291,Patient_2733,8/19/2024,F366+,98941,Provider_A,100,65.26,B,Cigna,MID-102733X,0,0000057759,742,34.74,0,0,34.74
ACC-79816921,Patient_2734,8/26/2024,F366+,98941,Provider_B,100,65.26,B,Cigna,MID-102734X,0,0000058031,735,34.74,0,0,34.74
ACC-93929855,Patient_2735,9/5/2024,F366+,98941,Provider_A,100,65.26,B,Cigna,MID-102735X,0,0000058397,723,34.74,0,0,34.74
ACC-39324892,Patient_2736,9/9/2024,F366+,98941,Provider_B,100,65.26,B,Cigna,MID-102736X,0,0000058555,721,34.74,0,0,34.74
ACC-63901643,Patient_2737,9/16/2024,F366+,98941,Provider_A,100,65.26,B,Cigna,MID-102737X,0,0000058807,714,34.74,0,0,34.74
ACC-53463062,Patient_2738,9/23/2024,F366+,98941,Provider_B,100,65.26,B,Cigna,MID-102738X,0,0000059092,707,34.74,0,0,34.74
ACC-49511568,Patient_2739,10/2/2024,F366+,98941,Provider_A,100,65.26,B,Cigna,MID-102739X,0,0000059455,695,34.74,0,0,34.74
ACC-99214618,Patient_2740,6/18/2024,F366+,99203 [25],Provider_B,275,275,B,Presbyterian Health Plan,MID-102740X,0,0000055415,800,0,0,0,0
ACC-20626317,Patient_2741,6/21/2024,F366+,98941,Provider_A,100,60,B,Presbyterian Health Plan,MID-102741X,0,0000055510,799,40,40,0,0
ACC-96671635,Patient_2742,6/13/2024,F366+,98941 [AT],Provider_B,100,100,D,United Healthcare,MID-102742X,0,0000058554,0,0,0,0,0
ACC-16188428,Patient_2743,8/20/2024,F366+,98941 [AT],Provider_A,100,80,D,Novitas solutions inc,MID-102743X,0,0000057920,0,20,0,0,20
ACC-34416404,Patient_2744,9/18/2024,F366+,98941 [AT],Provider_B,100,100,D,Novitas solutions inc,MID-102744X,0,0000058982,0,0,0,0,0
ACC-56438432,Patient_2745,8/23/2024,F366+,97110,Provider_A,35,35,D,Blue Cross Blue Shield of New Mexico,MID-102745X,0,0000058034,0,0,0,0,0
ACC-63011264,Patient_2746,8/12/2026,A31-60,98941 [AT],Provider_B,100,80,B,Novitas solutions inc,MID-102746X,0,,22,20,20,0,0
ACC-67006642,Patient_2747,7/19/2024,F366+,98941,Provider_A,100,75,B,United Healthcare,MID-102747X,0,0000056581,770,25,25,0,0
ACC-97965935,Patient_2748,7/22/2024,F366+,98941,Provider_B,100,75,B,United Healthcare,MID-102748X,0,0000056582,770,25,25,0,0
ACC-42542928,Patient_2749,8/19/2024,F366+,99214 [25],Provider_A,150,150,D,United Healthcare,MID-102749X,0,0000057768,0,0,0,0,0
ACC-90722729,Patient_2750,8/21/2024,F366+,98941,Provider_B,100,75,B,United Healthcare,MID-102750X,0,0000057896,737,25,25,0,0
ACC-32626617,Patient_2751,8/26/2024,F366+,98941,Provider_A,100,75,B,United Healthcare,MID-102751X,0,0000058042,735,25,25,0,0
ACC-37398569,Patient_2752,8/28/2024,F366+,98941,Provider_B,100,75,B,United Healthcare,MID-102752X,0,0000058201,730,25,25,0,0
ACC-26277626,Patient_2753,8/30/2024,F366+,98941,Provider_A,100,75,B,United Healthcare,MID-102753X,0,0000058279,728,25,25,0,0
ACC-21191869,Patient_2754,8/24/2026,A31-60,97012 [GP],Provider_B,30,30,B,Blue Cross Blue Shield of New Mexico,MID-102754X,0,0000092843,8,0,0,0,0
ACC-48109223,Patient_2755,8/24/2026,A31-60,98941,Provider_A,100,2.15,B,Blue Cross Blue Shield of New Mexico,MID-102755X,0,0000092843,8,0,0,62.85,35
ACC-97117116,Patient_2756,7/17/2024,F366+,98941 [AT],Provider_B,100,100,D,Novitas,MID-102756X,0,0000057637,0,0,0,0,0
ACC-97647698,Patient_2757,7/17/2024,F366+,98941 [AT],Provider_A,100,100,B,United HealthCare Medicare Advantage,MID-102757X,0,,737,0,0,0,0
ACC-23952275,Patient_2758,8/21/2024,F366+,98941 [AT],Provider_B,100,80,D,Novitas,MID-102758X,0,0000057885,0,20,0,0,20
ACC-29126202,Patient_2759,9/18/2024,F366+,98941 [AT],Provider_A,100,100,D,Novitas,MID-102759X,0,0000058952,0,0,0,0,0
ACC-51292186,Patient_2760,8/7/2024,F366+,97110,Provider_B,35,35,D,Blue Cross Blue Shield of New Mexico,MID-102760X,0,0000057360,0,0,0,0,0
ACC-46118691,Patient_2761,8/7/2024,F366+,98941,Provider_A,100,100,D,Blue Cross Blue Shield of New Mexico,MID-102761X,0,0000057360,0,0,0,0,0
ACC-92525178,Patient_2762,8/14/2024,F366+,97110,Provider_B,35,17.51,P,Blue Cross Blue Shield of New Mexico,MID-102762X,17.49,0000057640,0,0,0,0,0
ACC-65945504,Patient_2763,9/1/2026,A0-30,97012 [GP],Provider_A,30,-5,B,Blue Cross Blue Shield of New Mexico,MID-102763X,0,0000093108,0,35,0,0,35
ACC-45804053,Patient_2764,9/1/2026,A0-30,98943,Provider_B,50,50,B,Blue Cross Blue Shield of New Mexico,MID-102764X,0,0000093108,0,0,0,0,0
ACC-70383839,Patient_2765,8/24/2026,A31-60,97012 [GP],Provider_A,30,9.83,B,Blue Cross Blue Shield of New Mexico,MID-102765X,0,0000092846,8,0,0,20.17,0
ACC-53748426,Patient_2766,8/24/2026,A31-60,98941,Provider_B,100,36.68,B,Blue Cross Blue Shield of New Mexico,MID-102766X,0,0000092846,8,0,0,63.32,0
ACC-44431963,Patient_2767,9/2/2026,A0-30,97012 [GP],Provider_A,30,9.83,B,Blue Cross Blue Shield of New Mexico,MID-102767X,0,0000093110,0,0,0,20.17,0
ACC-96471267,Patient_2768,9/2/2026,A0-30,98941,Provider_B,100,36.68,B,Blue Cross Blue Shield of New Mexico,MID-102768X,0,0000093110,0,0,0,63.32,0
ACC-95728335,Patient_2769,8/24/2026,A31-60,97012 [GP],Provider_A,30,30,B,United HealthCare,MID-102769X,0,0000092845,8,0,0,0,0
ACC-18373756,Patient_2770,8/24/2026,A31-60,98941,Provider_B,100,40,B,United HealthCare,MID-102770X,0,0000092845,8,0,0,50,0
ACC-24711660,Patient_2771,7/10/2024,F366+,72052,Provider_A,210,210,D,United Healthcare,MID-102771X,0,0000056139,0,0,0,0,0
ACC-87967145,Patient_2772,7/10/2024,F366+,72120,Provider_B,240,240,D,United Healthcare,MID-102772X,0,0000056139,0,0,0,0,0
ACC-30511018,Patient_2773,7/10/2024,F366+,99203 [25],Provider_A,275,275,D,United Healthcare,MID-102773X,0,0000056139,0,0,0,0,0
ACC-83196816,Patient_2774,7/12/2024,F366+,98941,Provider_B,100,100,D,United Healthcare,MID-102774X,0,0000056258,0,0,0,0,0
ACC-37862138,Patient_2775,7/15/2024,F366+,98941,Provider_A,100,100,D,United Healthcare,MID-102775X,0,0000056259,0,0,0,0,0
ACC-62230117,Patient_2776,7/17/2024,F366+,98941,Provider_B,100,100,D,United Healthcare,MID-102776X,0,0000056445,0,0,0,0,0
ACC-25782232,Patient_2777,7/19/2024,F366+,98941,Provider_A,100,100,D,United Healthcare,MID-102777X,0,0000056579,0,0,0,0,0
ACC-80964523,Patient_2778,7/22/2024,F366+,98941,Provider_B,100,100,D,United Healthcare,MID-102778X,0,0000056580,0,0,0,0,0
ACC-48225869,Patient_2779,7/24/2024,F366+,98941,Provider_A,100,100,D,United Healthcare,MID-102779X,0,0000056705,0,0,0,0,0
ACC-38089975,Patient_2780,7/26/2024,F366+,97110 [GP],Provider_B,35,35,D,United Healthcare,MID-102780X,0,0000056845,0,0,0,0,0
ACC-54590742,Patient_2781,7/26/2024,F366+,98941,Provider_A,100,100,D,United Healthcare,MID-102781X,0,0000056845,0,0,0,0,0
ACC-94802702,Patient_2782,7/29/2024,F366+,98941,Provider_B,100,100,D,United Healthcare,MID-102782X,0,0000056846,0,0,0,0,0
ACC-55596277,Patient_2783,7/31/2024,F366+,98941,Provider_A,100,100,D,United Healthcare,MID-102783X,0,0000057020,0,0,0,0,0
ACC-83232178,Patient_2784,8/2/2024,F366+,98941,Provider_B,100,100,D,United Healthcare,MID-102784X,0,0000057176,0,0,0,0,0
ACC-70747429,Patient_2785,8/5/2024,F366+,98941,Provider_A,100,100,D,United Healthcare,MID-102785X,0,0000057177,0,0,0,0,0
ACC-44591552,Patient_2786,8/7/2024,F366+,98941,Provider_B,100,100,D,United Healthcare,MID-102786X,0,0000057370,0,0,0,0,0
ACC-33195123,Patient_2787,8/9/2024,F366+,98941,Provider_A,100,100,D,United Healthcare,MID-102787X,0,0000057501,0,0,0,0,0
ACC-77435567,Patient_2788,8/12/2024,F366+,98941,Provider_B,100,100,D,United Healthcare,MID-102788X,0,0000057502,0,0,0,0,0
ACC-68937677,Patient_2789,8/14/2024,F366+,98941,Provider_A,100,100,D,United Healthcare,MID-102789X,0,0000057648,0,0,0,0,0
ACC-64619402,Patient_2790,8/15/2024,F366+,98941,Provider_B,100,100,D,United Healthcare,MID-102790X,0,0000057649,0,0,0,0,0
ACC-14012870,Patient_2791,8/19/2024,F366+,98941,Provider_A,100,100,D,United Healthcare,MID-102791X,0,0000057766,0,0,0,0,0
ACC-92241053,Patient_2792,8/19/2024,F366+,99214 [25],Provider_B,150,150,D,United Healthcare,MID-102792X,0,0000057766,0,0,0,0,0
ACC-43370293,Patient_2793,8/21/2024,F366+,98941,Provider_A,100,100,D,United Healthcare,MID-102793X,0,0000057894,0,0,0,0,0
ACC-28241902,Patient_2794,8/22/2024,F366+,97110 [GP],Provider_B,35,35,D,United Healthcare,MID-102794X,0,0000057895,0,0,0,0,0
ACC-14119091,Patient_2795,8/22/2024,F366+,98941,Provider_A,100,100,D,United Healthcare,MID-102795X,0,0000057895,0,0,0,0,0
ACC-62508250,Patient_2796,8/26/2024,F366+,98941,Provider_B,100,100,D,United Healthcare,MID-102796X,0,0000058041,0,0,0,0,0
ACC-31513721,Patient_2797,8/28/2024,F366+,98941,Provider_A,100,100,D,United Healthcare,MID-102797X,0,0000058200,0,0,0,0,0
ACC-86085945,Patient_2798,8/30/2024,F366+,98941,Provider_B,100,100,D,United Healthcare,MID-102798X,0,0000058278,0,0,0,0,0
ACC-89393732,Patient_2799,9/3/2024,F366+,98941,Provider_A,100,100,D,United Healthcare,MID-102799X,0,0000058404,0,0,0,0,0
ACC-37151908,Patient_2800,9/4/2024,F366+,98941,Provider_B,100,100,D,United Healthcare,MID-102800X,0,0000059606,0,0,0,0,0
ACC-44974792,Patient_2801,9/5/2024,F366+,98941,Provider_A,100,100,D,United Healthcare,MID-102801X,0,0000058406,0,0,0,0,0
ACC-67280427,Patient_2802,7/3/2024,F366+,98941 [AT],Provider_B,100,100,D,Blue Cross Medicare Advantage,MID-102802X,0,0000058038,0,0,0,0,0
ACC-76120257,Patient_2803,8/14/2024,F366+,98941 [AT],Provider_A,100,100,D,Blue Cross Medicare Advantage,MID-102803X,0,0000058039,0,0,0,0,0
ACC-18282737,Patient_2804,9/11/2024,F366+,98941 [AT],Provider_B,100,100,D,Blue Cross Medicare Advantage,MID-102804X,0,0000058702,0,0,0,0,0
ACC-93021979,Patient_2805,1/27/2025,F366+,98941,Provider_A,100,50,B,United HealthCare,MID-102805X,0,0000065125,576,50,0,0,50
ACC-91516956,Patient_2806,8/15/2024,F366+,98941,Provider_B,100,85,B,Blue Cross Blue Shield of New Mexico,MID-102806X,0,0000057655,744,15,0,0,15
ACC-25190915,Patient_2807,8/16/2024,F366+,98941,Provider_A,100,85,B,Blue Cross Blue Shield of New Mexico,MID-102807X,0,0000057773,742,15,0,0,15
ACC-16805478,Patient_2808,8/16/2024,F366+,99214 [25],Provider_B,150,150,B,Blue Cross Blue Shield of New Mexico,MID-102808X,0,0000057773,742,0,0,0,0
ACC-98506145,Patient_2809,8/19/2024,F366+,98941,Provider_A,100,85,B,Blue Cross Blue Shield of New Mexico,MID-102809X,0,0000057774,742,15,0,0,15
ACC-14739636,Patient_2810,7/11/2024,F366+,98941,Provider_B,100,70,D,Presbyterian Health Plan,MID-102810X,0,0000057374,0,30,0,0,30
ACC-81947318,Patient_2811,7/25/2024,F366+,98941,Provider_A,100,70,D,Presbyterian Health Plan,MID-102811X,0,0000057375,0,30,0,0,30
ACC-60414180,Patient_2812,10/16/2024,F366+,98941,Provider_B,100,70,B,Presbyterian Health Plan,MID-102812X,0,0000059923,681,30,0,0,30
ACC-27764545,Patient_2813,7/29/2026,A61-90,98941 [AT],Provider_A,100,100,B,United HealthCare Medicare Advantage,MID-102813X,0,,36,0,0,0,0
ACC-99746828,Patient_2814,8/26/2026,A31-60,98941 [AT],Provider_B,100,100,B,United HealthCare Medicare Advantage,MID-102814X,0,,8,0,0,0,0
ACC-34308732,Patient_2815,9/1/2026,A0-30,97012 [GP],Provider_A,30,30,B,United HealthCare,MID-102815X,0,0000093109,0,0,0,0,0
ACC-16087653,Patient_2816,7/22/2024,F366+,72052,Provider_B,210,210,B,Presbyterian Health Plan,MID-102816X,0,0000056595,770,0,0,0,0
ACC-37444926,Patient_2817,7/22/2024,F366+,72120,Provider_A,240,240,B,Presbyterian Health Plan,MID-102817X,0,0000056595,770,0,0,0,0
ACC-71572543,Patient_2818,7/22/2024,F366+,99203 [25],Provider_B,275,275,B,Presbyterian Health Plan,MID-102818X,0,0000056595,770,0,0,0,0
ACC-93249033,Patient_2819,7/23/2024,F366+,98941,Provider_A,100,100,D,Presbyterian Health Plan,MID-102819X,0,0000056717,0,0,0,0,0
ACC-50339504,Patient_2820,9/4/2024,F366+,98941 [AT],Provider_B,100,100,D,United HealthCare Medicare Advantage,MID-102820X,0,0000058420,0,0,0,0,0
ACC-12788284,Patient_2821,9/18/2024,F366+,98941 [AT],Provider_A,100,100,D,United HealthCare Medicare Advantage,MID-102821X,0,0000058968,0,0,0,0,0
ACC-37414466,Patient_2822,8/7/2024,F366+,98941 [AT],Provider_B,40.41,7.59,D,Novitas solutions inc,MID-102822X,29.73,0000057666,0,0,0,3.09,0
ACC-16764132,Patient_2823,8/12/2024,F366+,98941 [AT],Provider_A,100,7.59,D,Novitas solutions inc,MID-102823X,29.73,0000057667,0,0,0,62.68,0
ACC-20541937,Patient_2824,8/13/2024,F366+,98941 [AT],Provider_B,100,7.59,D,Novitas solutions inc,MID-102824X,29.73,0000057668,0,0,0,62.68,0
ACC-82134172,Patient_2825,9/9/2024,F366+,98941 [AT],Provider_A,100,7.59,D,Novitas solutions inc,MID-102825X,29.73,0000058580,0,0,0,62.68,0
ACC-26089391,Patient_2826,9/18/2024,F366+,98941 [AT],Provider_B,100,7.59,D,Novitas solutions inc,MID-102826X,29.73,0000058974,0,0,0,62.68,0
ACC-62912081,Patient_2827,10/2/2024,F366+,98941 [AT],Provider_A,100,7.59,B,Novitas solutions inc,MID-102827X,29.73,0000059472,681,0,0,62.68,0
ACC-81315711,Patient_2828,5/11/2026,A121-365,98941 [AT],Provider_B,100,7.45,P,Novitas solutions inc,MID-102828X,29.18,0000089343,0,0,0,63.37,0
ACC-42653338,Patient_2829,5/11/2026,A121-365,98941 [AT],Provider_A,100,7.45,B,New Mexico Medicaid,MID-102829X,0,,0,0,0,63.37,0
ACC-64020945,Patient_2830,6/8/2026,A91-120,98941 [AT],Provider_B,100,7.45,P,Novitas solutions inc,MID-102830X,29.18,0000090469,0,0,0,63.37,0
ACC-18925470,Patient_2831,6/8/2026,A91-120,98941 [AT],Provider_A,100,7.45,B,New Mexico Medicaid,MID-102831X,0,,0,0,0,63.37,0
ACC-21118386,Patient_2832,8/17/2026,A31-60,98941 [AT],Provider_B,100,74.04,B,Novitas solutions inc,MID-102832X,0,,17,25.96,25.96,0,0
ACC-64470970,Patient_2833,7/23/2024,F366+,72052,Provider_A,210,210,D,Presbyterian Health Plan,MID-102833X,0,0000058817,0,0,0,0,0
ACC-54659449,Patient_2834,7/23/2024,F366+,72120,Provider_B,240,240,D,Presbyterian Health Plan,MID-102834X,0,0000058817,0,0,0,0,0
ACC-81237434,Patient_2835,7/23/2024,F366+,99203 [25],Provider_A,275,275,D,Presbyterian Health Plan,MID-102835X,0,0000058817,0,0,0,0,0
ACC-17922077,Patient_2836,7/24/2024,F366+,98941,Provider_B,100,100,D,Presbyterian Health Plan,MID-102836X,0,0000058818,0,0,0,0,0
ACC-92402031,Patient_2837,7/25/2024,F366+,98941,Provider_A,100,100,D,Presbyterian Health Plan,MID-102837X,0,0000058819,0,0,0,0,0
ACC-98113029,Patient_2838,7/26/2024,F366+,98941,Provider_B,100,100,B,Presbyterian Health Plan,MID-102838X,0,0000058820,714,0,0,0,0
ACC-81501842,Patient_2839,7/29/2024,F366+,98941,Provider_A,100,100,D,Presbyterian Health Plan,MID-102839X,0,0000058821,0,0,0,0,0
ACC-18528472,Patient_2840,7/31/2024,F366+,98941,Provider_B,100,100,B,Presbyterian Health Plan,MID-102840X,0,0000057039,758,0,0,0,0
ACC-25366166,Patient_2841,8/5/2024,F366+,98941,Provider_A,100,100,B,Presbyterian Health Plan,MID-102841X,0,0000057190,756,0,0,0,0
ACC-70308484,Patient_2842,8/7/2024,F366+,98941,Provider_B,100,100,B,Presbyterian Health Plan,MID-102842X,0,0000057382,751,0,0,0,0
ACC-78786282,Patient_2843,8/9/2024,F366+,97110,Provider_A,35,35,B,Presbyterian Health Plan,MID-102843X,0,0000057513,749,0,0,0,0
ACC-58187596,Patient_2844,8/9/2024,F366+,98941,Provider_B,100,100,B,Presbyterian Health Plan,MID-102844X,0,0000057513,749,0,0,0,0
ACC-27396232,Patient_2845,8/12/2024,F366+,98941,Provider_A,100,100,B,Presbyterian Health Plan,MID-102845X,0,0000057514,749,0,0,0,0
ACC-41064967,Patient_2846,1/31/2025,F366+,98941 [AT],Provider_B,100,17.93,B,Presbyterian Health Plan,MID-102846X,0,0000065301,577,0,0,62.07,20
ACC-51632240,Patient_2847,2/12/2025,F366+,98941 [AT],Provider_A,100,18.97,B,Presbyterian Health Plan,MID-102847X,0,0000066003,566,0,0,62.07,18.96
ACC-98694425,Patient_2848,8/28/2026,A31-60,98941 [AT],Provider_B,100,21.79,B,Presbyterian Health Plan,MID-102848X,0,,6,0,0,63.21,0
ACC-73334068,Patient_2849,8/2/2024,F366+,98941 [AT],Provider_A,100,7.59,D,Novitas solutions inc,MID-102849X,29.73,0000057199,0,0,0,62.68,0
ACC-66599717,Patient_2850,8/5/2024,F366+,98941 [AT],Provider_B,100,7.59,D,Novitas solutions inc,MID-102850X,29.73,0000057200,0,0,0,62.68,0
ACC-90970283,Patient_2851,8/9/2024,F366+,98941 [AT],Provider_A,100,7.59,D,Novitas solutions inc,MID-102851X,29.73,0000057521,0,0,0,62.68,0
ACC-89220213,Patient_2852,8/14/2024,F366+,98941 [AT],Provider_B,100,7.59,D,Novitas solutions inc,MID-102852X,29.73,0000057662,0,0,0,62.68,0
ACC-89295258,Patient_2853,9/4/2024,F366+,98941 [AT],Provider_A,100,7.59,D,Novitas solutions inc,MID-102853X,29.73,0000058425,0,0,0,62.68,0
ACC-71033099,Patient_2854,7/24/2024,F366+,72052,Provider_B,210,210,D,Presbyterian Health Plan,MID-102854X,0,0000057386,0,0,0,0,0
ACC-89285526,Patient_2855,7/24/2024,F366+,72120,Provider_A,240,240,D,Presbyterian Health Plan,MID-102855X,0,0000057386,0,0,0,0,0
ACC-67539491,Patient_2856,7/24/2024,F366+,99203 [25],Provider_B,275,275,D,Presbyterian Health Plan,MID-102856X,0,0000057386,0,0,0,0,0
ACC-31780473,Patient_2857,7/31/2024,F366+,98941,Provider_A,100,100,D,Presbyterian Health Plan,MID-102857X,0,0000057044,0,0,0,0,0
ACC-92996779,Patient_2858,8/26/2024,F366+,98941,Provider_B,100,70,D,Presbyterian Health Plan,MID-102858X,0,0000058057,541,30,0,0,30
ACC-11875330,Patient_2859,8/26/2026,A31-60,97012 [GP],Provider_A,30,16.4,B,Aetna,MID-102859X,0,0000092931,6,0,0,13.6,0
ACC-31665194,Patient_2860,8/26/2026,A31-60,98941,Provider_B,100,22.86,B,Aetna,MID-102860X,0,0000092931,6,0,0,57.14,20
ACC-18713542,Patient_2861,7/31/2024,F366+,72120,Provider_A,240,240,D,United Healthcare,MID-102861X,0,0000057052,0,0,0,0,0
ACC-28826974,Patient_2862,8/7/2024,F366+,98941,Provider_B,100,75,B,United Healthcare,MID-102862X,0,0000057390,751,25,0,0,25
ACC-31922158,Patient_2863,8/9/2024,F366+,98941,Provider_A,100,75,B,United Healthcare,MID-102863X,0,0000057522,749,25,0,0,25
ACC-80072653,Patient_2864,8/12/2024,F366+,98941,Provider_B,100,75,B,United Healthcare,MID-102864X,0,0000057523,749,25,0,0,25
ACC-14032645,Patient_2865,8/14/2024,F366+,97110 [GP],Provider_A,35,35,D,United Healthcare,MID-102865X,0,0000057663,0,0,0,0,0
ACC-53384857,Patient_2866,8/16/2024,F366+,98941,Provider_B,100,75,B,United Healthcare,MID-102866X,0,0000057778,742,25,0,0,25
ACC-25856050,Patient_2867,8/19/2024,F366+,98941,Provider_A,100,75,B,United Healthcare,MID-102867X,0,0000057779,742,25,0,0,25
ACC-80032175,Patient_2868,8/21/2024,F366+,98941,Provider_B,100,75,B,United Healthcare,MID-102868X,0,0000057915,737,25,0,0,25
ACC-81648725,Patient_2869,8/23/2024,F366+,98941,Provider_A,100,75,B,United Healthcare,MID-102869X,0,0000058058,735,25,0,0,25
ACC-68961493,Patient_2870,8/26/2024,F366+,98941,Provider_B,100,75,B,United Healthcare,MID-102870X,0,0000058059,735,25,0,0,25
ACC-61942699,Patient_2871,8/29/2024,F366+,98941,Provider_A,100,75,B,United Healthcare,MID-102871X,0,0000058212,730,25,0,0,25
ACC-13012125,Patient_2872,8/30/2024,F366+,98941,Provider_B,100,75,B,United Healthcare,MID-102872X,0,0000058285,728,25,0,0,25
ACC-27384126,Patient_2873,8/30/2024,F366+,99214 [25],Provider_A,150,150,B,United Healthcare,MID-102873X,0,0000058285,728,0,0,0,0
ACC-70663941,Patient_2874,9/4/2024,F366+,98941,Provider_B,100,75,B,United Healthcare,MID-102874X,0,0000058426,723,25,0,0,25
ACC-64448450,Patient_2875,8/12/2026,A31-60,97012 [GP],Provider_A,30,5,B,United Healthcare,MID-102875X,0,0000092569,20,25,25,0,0
ACC-52508826,Patient_2876,8/12/2026,A31-60,98941,Provider_B,100,100,B,United Healthcare,MID-102876X,0,0000092569,20,0,0,0,0
ACC-24279295,Patient_2877,8/15/2024,F366+,97110,Provider_A,35,35,B,Blue Cross Blue Shield of New Mexico,MID-102877X,0,,749,0,0,0,0
ACC-97751772,Patient_2878,8/15/2024,F366+,98941,Provider_B,100,100,B,Blue Cross Blue Shield of New Mexico,MID-102878X,0,,749,0,0,0,0
ACC-94807513,Patient_2879,6/26/2026,A91-120,97012 [GP],Provider_A,30,30,B,Blue Cross Blue Shield of New Mexico,MID-102879X,0,0000092943,6,0,0,0,0
ACC-36697780,Patient_2880,6/26/2026,A91-120,98941,Provider_B,100,63.32,B,Blue Cross Blue Shield of New Mexico,MID-102880X,0,0000092943,6,36.68,36.68,0,0
ACC-70206083,Patient_2881,8/10/2026,A31-60,97012 [GP],Provider_A,30,30,D,Blue Cross Blue Shield of New Mexico,MID-102881X,0,,24,0,0,0,0
ACC-49829014,Patient_2882,8/10/2026,A31-60,97012 [GP],Provider_B,30,30,B,Blue Cross Blue Shield of New Mexico,MID-102882X,0,0000092667,14,0,0,0,0
ACC-70974137,Patient_2883,8/10/2026,A31-60,98941,Provider_A,100,63.32,D,Blue Cross Blue Shield of New Mexico,MID-102883X,0,,24,36.68,0,0,36.68
ACC-94276290,Patient_2884,8/10/2026,A31-60,98941,Provider_B,100,63.32,B,Blue Cross Blue Shield of New Mexico,MID-102884X,0,0000092667,14,36.68,0,0,36.68
ACC-18758218,Patient_2885,8/19/2026,A31-60,97012 [GP],Provider_A,30,30,B,Blue Cross Blue Shield of New Mexico,MID-102885X,0,0000092944,6,0,0,0,0
ACC-98440215,Patient_2886,8/19/2026,A31-60,98941,Provider_B,100,63.32,B,Blue Cross Blue Shield of New Mexico,MID-102886X,0,0000092944,6,36.68,0,0,36.68
ACC-81349377,Patient_2887,8/25/2026,A31-60,72120,Provider_A,240,240,B,Blue Cross Blue Shield of New Mexico,MID-102887X,0,0000092945,6,0,0,0,0
ACC-92239932,Patient_2888,8/25/2026,A31-60,98941,Provider_B,100,63.32,B,Blue Cross Blue Shield of New Mexico,MID-102888X,0,0000092945,6,36.68,0,0,36.68
ACC-97488183,Patient_2889,8/25/2026,A31-60,99212,Provider_A,100,100,B,Blue Cross Blue Shield of New Mexico,MID-102889X,0,0000092945,6,0,0,0,0
ACC-12290178,Patient_2890,8/22/2024,F366+,97110,Provider_B,35,35,D,Presbyterian Health Plan,MID-102890X,0,0000057916,0,0,0,0,0
ACC-26964789,Patient_2891,6/25/2026,A91-120,98941,Provider_A,100,50,P,United HealthCare,MID-102891X,0,0000091243,0,50,0,0,50
ACC-21887460,Patient_2892,6/25/2026,A91-120,98941,Provider_B,100,50,B,Blue Cross Blue Shield of New Mexico,MID-102892X,0,,0,50,0,0,50
ACC-84325723,Patient_2893,8/5/2024,F366+,72052,Provider_A,210,210,D,United Healthcare,MID-102893X,0,0000057205,0,0,0,0,0
ACC-88821399,Patient_2894,8/5/2024,F366+,99203 [25],Provider_B,275,275,D,United Healthcare,MID-102894X,0,0000057205,0,0,0,0,0
ACC-85455675,Patient_2895,8/6/2024,F366+,98941,Provider_A,100,100,D,United Healthcare,MID-102895X,0,0000057392,0,0,0,0,0
ACC-56734002,Patient_2896,8/9/2024,F366+,98941,Provider_B,100,100,D,United Healthcare,MID-102896X,0,0000057525,0,0,0,0,0
ACC-14207878,Patient_2897,8/12/2024,F366+,98941,Provider_A,100,100,D,United Healthcare,MID-102897X,0,0000057526,0,0,0,0,0
ACC-14549259,Patient_2898,8/14/2024,F366+,98941,Provider_B,100,100,D,United Healthcare,MID-102898X,0,0000058428,0,0,0,0,0
ACC-90136099,Patient_2899,8/23/2024,F366+,97110 [GP],Provider_A,35,35,D,United Healthcare,MID-102899X,0,0000058061,0,0,0,0,0
ACC-30514787,Patient_2900,8/23/2024,F366+,98941,Provider_B,100,100,D,United Healthcare,MID-102900X,0,0000058061,0,0,0,0,0
ACC-36894852,Patient_2901,8/26/2024,F366+,98941,Provider_A,100,100,D,United Healthcare,MID-102901X,0,0000058062,0,0,0,0,0
ACC-84904757,Patient_2902,8/28/2024,F366+,98941,Provider_B,100,100,D,United Healthcare,MID-102902X,0,0000058213,0,0,0,0,0
ACC-63530759,Patient_2903,9/4/2024,F366+,98941,Provider_A,100,100,D,United Healthcare,MID-102903X,0,0000058430,0,0,0,0,0
ACC-93518127,Patient_2904,9/4/2024,F366+,99214 [25],Provider_B,150,150,D,United Healthcare,MID-102904X,0,0000058430,0,0,0,0,0
ACC-70072803,Patient_2905,9/10/2024,F366+,98941,Provider_A,100,100,D,United Healthcare,MID-102905X,0,0000058717,0,0,0,0,0
ACC-92936600,Patient_2906,9/11/2024,F366+,98941,Provider_B,100,100,D,United Healthcare,MID-102906X,0,0000058718,0,0,0,0,0
ACC-93084316,Patient_2907,9/16/2024,F366+,98941,Provider_A,100,100,D,United Healthcare,MID-102907X,0,0000058826,0,0,0,0,0
ACC-60133525,Patient_2908,9/18/2024,F366+,98941,Provider_B,100,100,D,United Healthcare,MID-102908X,0,0000058973,0,0,0,0,0
ACC-50662554,Patient_2909,9/23/2024,F366+,98941,Provider_A,100,100,D,United Healthcare,MID-102909X,0,0000059111,0,0,0,0,0
ACC-93397159,Patient_2910,8/23/2024,F366+,98941 [AT],Provider_B,100,80,D,Novitas solutions inc,MID-102910X,0,0000058073,0,20,0,0,20
ACC-70861926,Patient_2911,8/26/2024,F366+,98941 [AT],Provider_A,100,80,D,Novitas solutions inc,MID-102911X,0,0000058074,0,20,0,0,20
ACC-35655276,Patient_2912,8/28/2024,F366+,98941 [AT],Provider_B,100,100,D,Novitas solutions inc,MID-102912X,0,0000058217,0,0,0,0,0
ACC-57092266,Patient_2913,9/4/2024,F366+,98941 [AT],Provider_A,100,100,D,Novitas solutions inc,MID-102913X,0,0000058439,0,0,0,0,0
ACC-24222089,Patient_2914,9/6/2024,F366+,98941 [AT],Provider_B,100,80,D,Novitas solutions inc,MID-102914X,0,0000058589,0,20,0,0,20
ACC-85072267,Patient_2915,9/11/2024,F366+,98941 [AT],Provider_A,100,100,B,Novitas solutions inc,MID-102915X,0,0000058723,716,0,0,0,0
ACC-71424733,Patient_2916,9/18/2024,F366+,98941 [AT],Provider_B,100,100,D,Novitas solutions inc,MID-102916X,0,0000058978,0,0,0,0,0
ACC-98680145,Patient_2917,9/25/2024,F366+,98941 [AT],Provider_A,100,100,D,Novitas solutions inc,MID-102917X,0,0000059231,0,0,0,0,0
ACC-56353709,Patient_2918,7/22/2026,A61-90,98941 [AT],Provider_B,100,60,B,United HealthCare,MID-102918X,0,0000091978,41,0,0,25,10
ACC-82299855,Patient_2919,8/5/2026,A31-60,97012 [GP],Provider_A,30,14.97,B,Cigna,MID-102919X,0,0000092402,27,0,0,15.03,0
ACC-43800907,Patient_2920,8/27/2026,A31-60,97012 [GP],Provider_B,30,-19.77,B,Cigna,MID-102920X,0,0000092980,3,19.71,-15.03,15.03,34.74
ACC-50924720,Patient_2921,8/27/2026,A31-60,98941,Provider_A,100,100,B,Cigna,MID-102921X,0,0000092980,3,0,0,0,0
ACC-48829264,Patient_2922,8/19/2024,F366+,99203 [25],Provider_B,275,275,D,Presbyterian Health Plan,MID-102922X,0,0000057791,0,0,0,0,0
ACC-55256605,Patient_2923,9/5/2024,F366+,97110,Provider_A,35,35,D,Presbyterian Health Plan,MID-102923X,0,0000058442,0,0,0,0,0
ACC-17850365,Patient_2924,9/30/2024,F366+,99214 [25],Provider_B,150,150,D,Presbyterian Health Plan,MID-102924X,0,0000059336,0,0,0,0,0
ACC-30818462,Patient_2925,10/14/2024,F366+,97110,Provider_A,35,35,D,Presbyterian Health Plan,MID-102925X,0,0000059801,0,0,0,0,0
ACC-95310446,Patient_2926,10/21/2024,F366+,98941,Provider_B,100,100,B,Presbyterian Health Plan,MID-102926X,0,0000060062,679,0,0,0,0
ACC-33802274,Patient_2927,10/28/2024,F366+,98941,Provider_A,100,100,B,Presbyterian Health Plan,MID-102927X,0,0000060319,669,0,0,0,0
ACC-97023447,Patient_2928,8/14/2024,F366+,72120,Provider_B,240,240,D,United HealthCare,MID-102928X,0,0000057676,0,0,0,0,0
ACC-74804240,Patient_2929,8/14/2024,F366+,99203 [25],Provider_A,275,275,D,United HealthCare,MID-102929X,0,0000057676,0,0,0,0,0
ACC-72748714,Patient_2930,8/14/2024,F366+,S8948,Provider_B,60,60,D,United HealthCare,MID-102930X,0,0000057676,0,0,0,0,0
ACC-56384439,Patient_2931,8/19/2024,F366+,98941,Provider_A,100,100,D,United HealthCare,MID-102931X,0,0000057784,0,0,0,0,0
ACC-57482130,Patient_2932,8/23/2024,F366+,98941,Provider_B,100,100,D,United HealthCare,MID-102932X,0,0000058071,0,0,0,0,0
ACC-54996388,Patient_2933,8/26/2024,F366+,98941,Provider_A,100,100,D,United HealthCare,MID-102933X,0,0000058072,0,0,0,0,0
ACC-30092751,Patient_2934,8/30/2024,F366+,98941,Provider_B,100,100,D,United HealthCare,MID-102934X,0,0000058291,0,0,0,0,0
ACC-59081234,Patient_2935,9/4/2024,F366+,98941,Provider_A,100,100,D,United HealthCare,MID-102935X,0,0000058438,0,0,0,0,0
ACC-35279500,Patient_2936,9/6/2024,F366+,98941,Provider_B,100,100,D,United HealthCare,MID-102936X,0,0000058587,0,0,0,0,0
ACC-45491410,Patient_2937,9/9/2024,F366+,98941,Provider_A,100,100,D,United HealthCare,MID-102937X,0,0000058588,0,0,0,0,0
ACC-24106961,Patient_2938,9/11/2024,F366+,98941,Provider_B,100,100,D,United HealthCare,MID-102938X,0,0000058722,0,0,0,0,0
ACC-75414265,Patient_2939,9/16/2024,F366+,98941,Provider_A,100,100,D,United HealthCare,MID-102939X,0,0000058828,0,0,0,0,0
ACC-47397236,Patient_2940,9/20/2024,F366+,98941,Provider_B,100,100,D,United HealthCare,MID-102940X,0,0000059115,0,0,0,0,0
ACC-39464604,Patient_2941,8/19/2026,A31-60,98941 [AT],Provider_A,100,49.66,B,Novitas solutions inc,MID-102941X,0,,15,50.34,50.34,0,0
ACC-61487684,Patient_2942,8/28/2026,A31-60,97012 [GP],Provider_B,30,-26.85,B,Blue Cross Blue Shield of New Mexico,MID-102942X,0,0000092981,3,16.51,16.51,20.17,0
ACC-60048412,Patient_2943,8/28/2026,A31-60,98943,Provider_A,50,50,B,Blue Cross Blue Shield of New Mexico,MID-102943X,0,0000092981,3,0,0,0,0
ACC-83794831,Patient_2944,5/27/2026,A121-365,98941,Provider_B,100,33.02,B,Blue Cross Blue Shield of New Mexico,MID-102944X,0,0000090019,97,0,0,63.32,0
ACC-39434187,Patient_2945,8/21/2024,F366+,99203 [25],Provider_A,275,275,D,Presbyterian Health Plan,MID-102945X,0,0000057924,0,0,0,0,0
ACC-87089922,Patient_2946,10/1/2024,F366+,97110,Provider_B,35,35,D,Presbyterian Health Plan,MID-102946X,0,0000059480,0,0,0,0,0
ACC-66417728,Patient_2947,9/11/2024,F366+,99203 [25],Provider_A,275,212.05,D,Blue Cross Blue Shield of New Mexico,MID-102947X,50.36,0000058734,0,12.59,0,0,12.59
ACC-18562043,Patient_2948,8/28/2024,F366+,72052,Provider_B,210,210,B,United Healthcare,MID-102948X,0,0000058234,730,0,0,0,0
ACC-12528031,Patient_2949,8/28/2024,F366+,72120,Provider_A,240,240,B,United Healthcare,MID-102949X,0,0000058234,730,0,0,0,0
ACC-68409305,Patient_2950,8/28/2024,F366+,99203 [25],Provider_B,275,275,B,United Healthcare,MID-102950X,0,0000058234,730,0,0,0,0
ACC-83624000,Patient_2951,9/16/2024,F366+,98941,Provider_A,100,100,B,United Healthcare,MID-102951X,0,0000058837,714,0,0,0,0
ACC-42203982,Patient_2952,10/3/2024,F366+,97110 [GP],Provider_B,35,35,B,United Healthcare,MID-102952X,0,0000059488,695,0,0,0,0
ACC-52178166,Patient_2953,10/3/2024,F366+,98941,Provider_A,100,100,B,United Healthcare,MID-102953X,0,0000059488,695,0,0,0,0
ACC-48574992,Patient_2954,10/7/2024,F366+,98941,Provider_B,100,100,B,United Healthcare,MID-102954X,0,0000059631,693,0,0,0,0
ACC-56608864,Patient_2955,8/24/2026,A31-60,97012 [GP],Provider_A,30,30,B,United Healthcare,MID-102955X,0,0000092848,8,0,0,0,0
ACC-38955775,Patient_2956,8/24/2026,A31-60,98941,Provider_B,100,25,B,United Healthcare,MID-102956X,0,0000092848,8,0,0,50,0
ACC-54676871,Patient_2957,8/28/2024,F366+,72052,Provider_A,210,210,D,UMR,MID-102957X,0,0000058231,0,0,0,0,0
ACC-23444445,Patient_2958,8/28/2024,F366+,72120,Provider_B,240,240,D,UMR,MID-102958X,0,0000058231,0,0,0,0,0
ACC-49110416,Patient_2959,9/30/2024,F366+,98941,Provider_A,100,100,B,UMR,MID-102959X,0,0000059344,700,0,0,0,0
ACC-73508708,Patient_2960,10/2/2024,F366+,98941,Provider_B,100,100,B,UMR,MID-102960X,0,0000059485,695,0,0,0,0
ACC-90226460,Patient_2961,10/2/2024,F366+,99214 [25],Provider_A,150,150,B,UMR,MID-102961X,0,0000059485,695,0,0,0,0
ACC-63465924,Patient_2962,10/3/2024,F366+,98941,Provider_B,100,100,B,UMR,MID-102962X,0,0000059486,695,0,0,0,0
ACC-12603974,Patient_2963,10/7/2024,F366+,98941,Provider_A,100,100,B,UMR,MID-102963X,0,0000059630,693,0,0,0,0
ACC-42828921,Patient_2964,10/8/2024,F366+,98941,Provider_B,100,100,B,UMR,MID-102964X,0,0000059731,688,0,0,0,0
ACC-93302416,Patient_2965,10/14/2024,F366+,98941,Provider_A,100,100,B,UMR,MID-102965X,0,0000059805,686,0,0,0,0
ACC-45189568,Patient_2966,10/16/2024,F366+,98941,Provider_B,100,100,B,UMR,MID-102966X,0,0000059945,681,0,0,0,0
ACC-17591461,Patient_2967,10/21/2024,F366+,97110 [GP],Provider_A,35,35,B,UMR,MID-102967X,0,0000060064,679,0,0,0,0
ACC-87606922,Patient_2968,10/21/2024,F366+,98941,Provider_B,100,100,B,UMR,MID-102968X,0,0000060064,679,0,0,0,0
ACC-69826620,Patient_2969,10/24/2024,F366+,98941,Provider_A,100,100,B,UMR,MID-102969X,0,0000060185,674,0,0,0,0
ACC-27946452,Patient_2970,9/3/2024,F366+,99203 [25],Provider_B,275,550,B,Blue Cross Blue Shield of New Mexico,MID-102970X,0,0000058466,663,118.04,118.04,-196.52,0
ACC-97210807,Patient_2971,9/16/2024,F366+,98941 [AT],Provider_A,100,100,B,Presbyterian Health Plan,MID-102971X,0,0000066424,559,0,0,0,0
ACC-88339066,Patient_2972,9/23/2024,F366+,98941 [AT],Provider_B,100,100,B,Presbyterian Health Plan,MID-102972X,0,0000066425,559,0,0,0,0
ACC-54784925,Patient_2973,9/30/2024,F366+,98941 [AT],Provider_A,100,100,B,Presbyterian Health Plan,MID-102973X,0,0000066426,559,0,0,0,0
ACC-53562960,Patient_2974,9/9/2024,F366+,99203 [25],Provider_B,275,275,D,Presbyterian Health Plan,MID-102974X,0,0000058607,0,0,0,0,0
ACC-48699531,Patient_2975,10/4/2024,F366+,97110,Provider_A,35,35,D,Presbyterian Health Plan,MID-102975X,0,0000059639,0,0,0,0,0
ACC-77453815,Patient_2976,10/25/2024,F366+,98941,Provider_B,100,70,B,Presbyterian Health Plan,MID-102976X,0,0000060333,669,30,0,0,30
ACC-99041414,Patient_2977,10/28/2024,F366+,98941,Provider_A,100,70,B,Presbyterian Health Plan,MID-102977X,0,0000060334,669,30,0,0,30
ACC-68208441,Patient_2978,9/20/2024,F366+,98941 [AT],Provider_B,100,37.93,D,Novitas,MID-102978X,0,0000059129,0,0,0,62.07,0
ACC-13778349,Patient_2979,9/20/2024,F366+,98941 [AT],Provider_A,100,37.93,D,AARP Health Care Options United Healthcare,MID-102979X,0,,0,0,0,62.07,0
ACC-32931033,Patient_2980,9/11/2024,F366+,72052,Provider_B,210,210,D,USAA Insurance,MID-102980X,0,0000064618,0,0,0,0,0
ACC-46175005,Patient_2981,9/11/2024,F366+,99203 [25],Provider_A,275,275,D,USAA Insurance,MID-102981X,0,0000064618,0,0,0,0,0
ACC-66204631,Patient_2982,9/25/2024,F366+,98941,Provider_B,100,100,D,USAA Insurance,MID-102982X,0,0000064619,0,0,0,0,0
ACC-74212858,Patient_2983,9/27/2024,F366+,98941,Provider_A,100,100,D,USAA Insurance,MID-102983X,0,0000064620,0,0,0,0,0
ACC-97120891,Patient_2984,9/30/2024,F366+,98941,Provider_B,100,100,D,USAA Insurance,MID-102984X,0,0000064621,0,0,0,0,0
ACC-26536096,Patient_2985,9/30/2024,F366+,S8948,Provider_A,60,60,D,USAA Insurance,MID-102985X,0,0000064621,0,0,0,0,0
ACC-96333907,Patient_2986,10/2/2024,F366+,98941,Provider_B,100,100,D,USAA Insurance,MID-102986X,0,0000064622,0,0,0,0,0
ACC-15257291,Patient_2987,10/2/2024,F366+,S8948,Provider_A,60,60,D,USAA Insurance,MID-102987X,0,0000064622,0,0,0,0,0
ACC-86176984,Patient_2988,10/4/2024,F366+,98941,Provider_B,100,100,D,USAA Insurance,MID-102988X,0,0000064623,0,0,0,0,0
ACC-25779029,Patient_2989,10/4/2024,F366+,S8948,Provider_A,60,60,D,USAA Insurance,MID-102989X,0,0000064623,0,0,0,0,0
ACC-81677582,Patient_2990,10/7/2024,F366+,97110,Provider_B,35,35,D,USAA Insurance,MID-102990X,0,0000064624,0,0,0,0,0
ACC-68269600,Patient_2991,10/7/2024,F366+,98941,Provider_A,100,100,D,USAA Insurance,MID-102991X,0,0000064624,0,0,0,0,0
ACC-77035290,Patient_2992,10/8/2024,F366+,98941,Provider_B,100,100,D,USAA Insurance,MID-102992X,0,0000064625,0,0,0,0,0
ACC-66380130,Patient_2993,10/8/2024,F366+,S8948,Provider_A,60,60,D,USAA Insurance,MID-102993X,0,0000064625,0,0,0,0,0
ACC-48151856,Patient_2994,10/14/2024,F366+,98941,Provider_B,100,100,D,USAA Insurance,MID-102994X,0,0000064626,0,0,0,0,0
ACC-13183544,Patient_2995,10/14/2024,F366+,S8948,Provider_A,60,60,D,USAA Insurance,MID-102995X,0,0000064626,0,0,0,0,0
ACC-66485896,Patient_2996,10/16/2024,F366+,98941,Provider_B,100,100,D,USAA Insurance,MID-102996X,0,0000064627,0,0,0,0,0
ACC-95055497,Patient_2997,10/16/2024,F366+,S8948,Provider_A,60,60,D,USAA Insurance,MID-102997X,0,0000064627,0,0,0,0,0
ACC-51975140,Patient_2998,10/18/2024,F366+,98941,Provider_B,100,100,D,USAA Insurance,MID-102998X,0,0000064628,0,0,0,0,0
ACC-61692362,Patient_2999,10/18/2024,F366+,S8948,Provider_A,60,60,D,USAA Insurance,MID-102999X,0,0000064628,0,0,0,0,0
ACC-59495702,Patient_3000,10/21/2024,F366+,98941,Provider_B,100,100,D,USAA Insurance,MID-103000X,0,0000064629,0,0,0,0,0
ACC-43790918,Patient_3001,10/23/2024,F366+,98941,Provider_A,100,100,D,USAA Insurance,MID-103001X,0,0000064630,0,0,0,0,0
ACC-66485802,Patient_3002,10/23/2024,F366+,99214 [25],Provider_B,150,150,D,USAA Insurance,MID-103002X,0,0000064630,0,0,0,0,0
ACC-74508288,Patient_3003,10/23/2024,F366+,S8948,Provider_A,60,60,D,USAA Insurance,MID-103003X,0,0000064630,0,0,0,0,0
ACC-75940902,Patient_3004,10/25/2024,F366+,98941,Provider_B,100,100,D,USAA Insurance,MID-103004X,0,0000064631,0,0,0,0,0
ACC-56743001,Patient_3005,10/25/2024,F366+,S8948,Provider_A,60,60,D,USAA Insurance,MID-103005X,0,0000064631,0,0,0,0,0
ACC-43253685,Patient_3006,10/28/2024,F366+,98941,Provider_B,100,100,D,USAA Insurance,MID-103006X,0,0000064632,0,0,0,0,0
ACC-63192235,Patient_3007,10/28/2024,F366+,S8948,Provider_A,60,60,D,USAA Insurance,MID-103007X,0,0000064632,0,0,0,0,0
ACC-76026606,Patient_3008,10/30/2024,F366+,98941,Provider_B,100,100,D,USAA Insurance,MID-103008X,0,0000064633,0,0,0,0,0
ACC-27350964,Patient_3009,10/30/2024,F366+,S8948,Provider_A,60,60,D,USAA Insurance,MID-103009X,0,0000064633,0,0,0,0,0
ACC-89508432,Patient_3010,11/1/2024,F366+,98941,Provider_B,100,100,D,USAA Insurance,MID-103010X,0,0000064634,547,0,0,0,0
ACC-11551024,Patient_3011,11/1/2024,F366+,S8948,Provider_A,60,60,D,USAA Insurance,MID-103011X,0,0000064634,547,0,0,0,0
ACC-14506662,Patient_3012,11/4/2024,F366+,98941,Provider_B,100,100,B,USAA Insurance,MID-103012X,0,0000068331,517,0,0,0,0
ACC-65867081,Patient_3013,11/4/2024,F366+,S8948,Provider_A,60,60,B,USAA Insurance,MID-103013X,0,0000068331,517,0,0,0,0
ACC-15594758,Patient_3014,11/6/2024,F366+,97110 [GP],Provider_B,35,35,B,USAA Insurance,MID-103014X,0,0000068332,517,0,0,0,0
ACC-66830702,Patient_3015,11/6/2024,F366+,98941,Provider_A,100,100,B,USAA Insurance,MID-103015X,0,0000068332,517,0,0,0,0
ACC-26172397,Patient_3016,11/8/2024,F366+,98941,Provider_B,100,100,D,USAA Insurance,MID-103016X,0,0000064637,547,0,0,0,0
ACC-30752372,Patient_3017,11/8/2024,F366+,S8948,Provider_A,60,60,D,USAA Insurance,MID-103017X,0,0000064637,547,0,0,0,0
ACC-25387612,Patient_3018,11/11/2024,F366+,98941,Provider_B,100,100,D,USAA Insurance,MID-103018X,0,0000064638,547,0,0,0,0
ACC-89660051,Patient_3019,11/11/2024,F366+,S8948,Provider_A,60,60,D,USAA Insurance,MID-103019X,0,0000064638,547,0,0,0,0
ACC-86589957,Patient_3020,11/13/2024,F366+,98941,Provider_B,100,100,B,USAA Insurance,MID-103020X,0,0000068333,517,0,0,0,0
ACC-56904550,Patient_3021,11/13/2024,F366+,S8948,Provider_A,60,60,B,USAA Insurance,MID-103021X,0,0000068333,517,0,0,0,0
ACC-31150088,Patient_3022,11/15/2024,F366+,98941,Provider_B,100,100,D,USAA Insurance,MID-103022X,0,0000064640,547,0,0,0,0
ACC-16134160,Patient_3023,11/18/2024,F366+,98941,Provider_A,100,100,D,USAA Insurance,MID-103023X,0,0000064641,547,0,0,0,0
ACC-38641246,Patient_3024,11/20/2024,F366+,98941,Provider_B,100,100,B,USAA Insurance,MID-103024X,0,0000068334,517,0,0,0,0
ACC-52344760,Patient_3025,11/22/2024,F366+,98941,Provider_A,100,100,B,USAA Insurance,MID-103025X,0,0000069660,496,0,0,0,0
ACC-94845132,Patient_3026,11/25/2024,F366+,98941,Provider_B,100,100,D,USAA Insurance,MID-103026X,0,0000064644,547,0,0,0,0
ACC-13682758,Patient_3027,11/27/2024,F366+,98941,Provider_A,100,100,B,USAA Insurance,MID-103027X,0,0000068336,517,0,0,0,0
ACC-70716790,Patient_3028,12/2/2024,F366+,98941,Provider_B,100,100,B,USAA Insurance,MID-103028X,0,0000068337,517,0,0,0,0
ACC-78380541,Patient_3029,12/2/2024,F366+,99214 [25],Provider_A,150,150,B,USAA Insurance,MID-103029X,0,0000068337,517,0,0,0,0
ACC-61400009,Patient_3030,12/4/2024,F366+,98941,Provider_B,100,100,D,USAA Insurance,MID-103030X,0,0000064647,0,0,0,0,0
ACC-96011328,Patient_3031,12/6/2024,F366+,97110 [GP],Provider_A,35,35,B,USAA Insurance,MID-103031X,0,0000068338,517,0,0,0,0
ACC-94007450,Patient_3032,12/6/2024,F366+,98941,Provider_B,100,100,B,USAA Insurance,MID-103032X,0,0000068338,517,0,0,0,0
ACC-81826513,Patient_3033,12/9/2024,F366+,98941,Provider_A,100,100,B,USAA Insurance,MID-103033X,0,0000068339,517,0,0,0,0
ACC-38795755,Patient_3034,12/10/2024,F366+,98941,Provider_B,100,100,D,USAA Insurance,MID-103034X,0,0000064650,0,0,0,0,0
ACC-74057566,Patient_3035,12/18/2024,F366+,98941,Provider_A,100,100,B,USAA Insurance,MID-103035X,0,0000068340,517,0,0,0,0
ACC-18094320,Patient_3036,12/20/2024,F366+,98941,Provider_B,100,100,D,USAA Insurance,MID-103036X,0,0000064652,0,0,0,0,0
ACC-54105628,Patient_3037,1/6/2025,F366+,72052,Provider_A,210,210,B,USAA Insurance,MID-103037X,0,0000068341,517,0,0,0,0
ACC-54315272,Patient_3038,1/6/2025,F366+,72120,Provider_B,240,240,B,USAA Insurance,MID-103038X,0,0000068341,517,0,0,0,0
ACC-14650060,Patient_3039,1/6/2025,F366+,98941,Provider_A,100,100,B,USAA Insurance,MID-103039X,0,0000068341,517,0,0,0,0
ACC-43377394,Patient_3040,1/8/2025,F366+,98941,Provider_B,100,100,B,USAA Insurance,MID-103040X,0,0000068342,517,0,0,0,0
ACC-49567106,Patient_3041,1/13/2025,F366+,98941,Provider_A,100,100,B,USAA Insurance,MID-103041X,0,0000068343,517,0,0,0,0
ACC-22747449,Patient_3042,1/20/2025,F366+,98941,Provider_B,100,100,B,USAA Insurance,MID-103042X,0,0000068344,517,0,0,0,0
ACC-16019363,Patient_3043,1/27/2025,F366+,98941,Provider_A,100,100,B,USAA Insurance,MID-103043X,0,0000068345,517,0,0,0,0
ACC-48732164,Patient_3044,2/5/2025,F366+,98941,Provider_B,100,100,B,USAA Insurance,MID-103044X,0,0000068346,517,0,0,0,0
ACC-80838921,Patient_3045,2/10/2025,F366+,98941,Provider_A,100,100,B,USAA Insurance,MID-103045X,0,0000068347,517,0,0,0,0
ACC-11176246,Patient_3046,2/17/2025,F366+,98941,Provider_B,100,100,B,USAA Insurance,MID-103046X,0,0000068348,517,0,0,0,0
ACC-89519760,Patient_3047,2/24/2025,F366+,98941,Provider_A,100,100,B,USAA Insurance,MID-103047X,0,0000069661,496,0,0,0,0
ACC-23714875,Patient_3048,3/5/2025,F366+,98941,Provider_B,100,100,B,USAA Insurance,MID-103048X,0,0000069483,498,0,0,0,0
ACC-28256827,Patient_3049,3/12/2025,F366+,98941,Provider_A,100,100,B,USAA Insurance,MID-103049X,0,0000067498,538,0,0,0,0
ACC-52395535,Patient_3050,3/18/2025,F366+,98941,Provider_B,100,100,B,USAA Insurance,MID-103050X,0,0000067845,528,0,0,0,0
ACC-43780568,Patient_3051,4/2/2025,F366+,98941,Provider_A,100,100,B,USAA Insurance,MID-103051X,0,0000068349,517,0,0,0,0
ACC-12042892,Patient_3052,4/9/2025,F366+,98941,Provider_B,100,100,B,USAA Insurance,MID-103052X,0,0000069662,496,0,0,0,0
ACC-55861901,Patient_3053,4/16/2025,F366+,98941,Provider_A,100,100,B,USAA Insurance,MID-103053X,0,0000087791,148,0,0,0,0
ACC-19236411,Patient_3054,4/23/2025,F366+,98941,Provider_B,100,100,B,USAA Insurance,MID-103054X,0,,92,0,0,0,0
ACC-54963305,Patient_3055,5/15/2025,F366+,98941,Provider_A,100,100,B,USAA Insurance,MID-103055X,0,0000071083,472,0,0,0,0
ACC-79367197,Patient_3056,5/20/2025,F366+,98941,Provider_B,100,100,B,USAA Insurance,MID-103056X,0,0000073809,442,0,0,0,0
ACC-30345896,Patient_3057,5/28/2025,F366+,98941,Provider_A,100,100,B,USAA Insurance,MID-103057X,0,,92,0,0,0,0
ACC-28345528,Patient_3058,6/16/2025,F366+,98941,Provider_B,100,100,B,USAA Insurance,MID-103058X,0,0000073747,442,0,0,0,0
ACC-36514063,Patient_3059,6/25/2025,F366+,98941,Provider_A,100,100,B,USAA Insurance,MID-103059X,0,0000074544,433,0,0,0,0
ACC-46894279,Patient_3060,7/9/2025,F366+,98941,Provider_B,100,100,B,USAA Insurance,MID-103060X,0,0000075698,419,0,0,0,0
ACC-19725514,Patient_3061,7/16/2025,F366+,98941,Provider_A,100,100,B,USAA Insurance,MID-103061X,0,0000076412,412,0,0,0,0
ACC-42337943,Patient_3062,7/23/2025,F366+,98941,Provider_B,100,100,B,USAA Insurance,MID-103062X,0,0000076713,405,0,0,0,0
ACC-38838312,Patient_3063,7/30/2025,F366+,98941,Provider_A,100,100,B,USAA Insurance,MID-103063X,0,0000092849,8,0,0,0,0
ACC-78662020,Patient_3064,8/6/2025,F366+,98941,Provider_B,100,100,B,USAA Insurance,MID-103064X,0,0000078248,370,0,0,0,0
ACC-38653913,Patient_3065,8/14/2025,F366+,98941,Provider_A,100,100,B,USAA Insurance,MID-103065X,0,0000092850,8,0,0,0,0
ACC-32643462,Patient_3066,8/20/2025,F366+,98941,Provider_B,100,100,B,USAA Insurance,MID-103066X,0,0000077917,377,0,0,0,0
ACC-49340657,Patient_3067,8/27/2025,F366+,98941,Provider_A,100,100,B,USAA Insurance,MID-103067X,0,0000078250,370,0,0,0,0
ACC-66363487,Patient_3068,9/11/2025,F366+,98941,Provider_B,100,100,B,USAA Insurance,MID-103068X,0,0000089463,111,0,0,0,0
ACC-51396016,Patient_3069,9/15/2025,F366+,98941,Provider_A,100,100,B,USAA Insurance,MID-103069X,0,0000078914,351,0,0,0,0
ACC-84698186,Patient_3070,9/25/2025,F366+,98941,Provider_B,100,100,B,USAA Insurance,MID-103070X,0,0000092851,8,0,0,0,0
ACC-95664000,Patient_3071,9/30/2025,A121-365,98941,Provider_A,100,100,B,USAA Insurance,MID-103071X,0,0000092852,8,0,0,0,0
ACC-11134260,Patient_3072,9/25/2024,F366+,98941 [AT],Provider_B,100,80,D,United Healthcare,MID-103072X,0,0000059255,0,20,0,0,20
ACC-26611627,Patient_3073,10/7/2024,F366+,98941 [AT],Provider_A,100,80,D,United Healthcare,MID-103073X,0,0000059644,0,20,0,0,20
ACC-12313416,Patient_3074,1/13/2025,F366+,98941 [AT],Provider_B,100,80,B,Presbyterian Health Plan,MID-103074X,0,0000063942,596,20,0,0,20
ACC-16209454,Patient_3075,1/27/2025,F366+,98941 [AT],Provider_A,100,80,B,Presbyterian Health Plan,MID-103075X,0,0000065129,582,20,0,0,20
ACC-93507471,Patient_3076,9/23/2024,F366+,99203 [25],Provider_B,275,275,D,Presbyterian Health Plan,MID-103076X,0,0000059144,0,0,0,0,0
ACC-42417188,Patient_3077,9/23/2024,F366+,72052,Provider_A,210,210,D,Blue Cross Blue Shield of New Mexico,MID-103077X,0,0000059147,0,0,0,0,0
ACC-64964284,Patient_3078,9/23/2024,F366+,72120,Provider_B,240,240,D,Blue Cross Blue Shield of New Mexico,MID-103078X,0,0000059147,0,0,0,0,0
ACC-82171811,Patient_3079,9/23/2024,F366+,99203 [25],Provider_A,275,275,D,Blue Cross Blue Shield of New Mexico,MID-103079X,0,0000059147,0,0,0,0,0
ACC-50399849,Patient_3080,9/27/2024,F366+,98941,Provider_B,100,100,D,Blue Cross Blue Shield of New Mexico,MID-103080X,0,0000059363,700,0,0,0,0
ACC-14702773,Patient_3081,9/30/2024,F366+,98941,Provider_A,100,100,D,Blue Cross Blue Shield of New Mexico,MID-103081X,0,0000059364,700,0,0,0,0
ACC-72253331,Patient_3082,10/2/2024,F366+,98941,Provider_B,100,100,D,Blue Cross Blue Shield of New Mexico,MID-103082X,0,0000059506,695,0,0,0,0
ACC-65001397,Patient_3083,10/8/2024,F366+,97110,Provider_A,35,35,D,Blue Cross Blue Shield of New Mexico,MID-103083X,0,0000059739,688,0,0,0,0
ACC-54962397,Patient_3084,10/8/2024,F366+,98941,Provider_B,100,100,D,Blue Cross Blue Shield of New Mexico,MID-103084X,0,0000059739,688,0,0,0,0
ACC-82362386,Patient_3085,10/14/2024,F366+,98941,Provider_A,100,100,D,Blue Cross Blue Shield of New Mexico,MID-103085X,0,0000059821,686,0,0,0,0
ACC-55166244,Patient_3086,10/4/2024,F366+,98941,Provider_B,100,47.5,B,GEHA United Healthcare,MID-103086X,47.5,0000059658,663,0,0,2.5,2.5
ACC-31761678,Patient_3087,10/1/2024,F366+,98941,Provider_A,100,100,D,United Healthcare,MID-103087X,0,0000059511,0,0,0,0,0
ACC-51772609,Patient_3088,10/3/2024,F366+,98941,Provider_B,100,100,D,United Healthcare,MID-103088X,0,0000059512,0,0,0,0,0
ACC-85209414,Patient_3089,10/4/2024,F366+,98941,Provider_A,100,100,D,United Healthcare,MID-103089X,0,0000059656,0,0,0,0,0
ACC-38560121,Patient_3090,10/7/2024,F366+,98941,Provider_B,100,100,D,United Healthcare,MID-103090X,0,0000059657,0,0,0,0,0
ACC-39675122,Patient_3091,9/24/2024,F366+,72120,Provider_A,240,240,D,Presbyterian Health Plan,MID-103091X,0,0000059260,0,0,0,0,0
ACC-26125750,Patient_3092,9/24/2024,F366+,99203 [25],Provider_B,275,275,D,Presbyterian Health Plan,MID-103092X,0,0000059260,0,0,0,0,0
ACC-41718588,Patient_3093,9/26/2024,F366+,98941,Provider_A,100,100,D,Presbyterian Health Plan,MID-103093X,0,0000059261,0,0,0,0,0
ACC-33297030,Patient_3094,9/30/2024,F366+,98941,Provider_B,100,100,D,Presbyterian Health Plan,MID-103094X,0,0000059365,0,0,0,0,0
ACC-64294514,Patient_3095,10/2/2024,F366+,98941,Provider_A,100,100,D,Presbyterian Health Plan,MID-103095X,0,0000059508,0,0,0,0,0
ACC-25302621,Patient_3096,10/4/2024,F366+,98941,Provider_B,100,100,D,Presbyterian Health Plan,MID-103096X,0,0000059652,0,0,0,0,0
ACC-51931938,Patient_3097,10/7/2024,F366+,98941,Provider_A,100,100,D,Presbyterian Health Plan,MID-103097X,0,0000059653,0,0,0,0,0
ACC-28615539,Patient_3098,10/14/2024,F366+,97110,Provider_B,35,35,D,Presbyterian Health Plan,MID-103098X,0,0000059822,0,0,0,0,0
ACC-29927199,Patient_3099,10/14/2024,F366+,98941,Provider_A,100,100,D,Presbyterian Health Plan,MID-103099X,0,0000059822,0,0,0,0,0
ACC-80735280,Patient_3100,10/16/2024,F366+,98941,Provider_B,100,100,B,Presbyterian Health Plan,MID-103100X,0,0000059958,681,0,0,0,0
ACC-35765883,Patient_3101,10/18/2024,F366+,98941,Provider_A,100,100,B,Presbyterian Health Plan,MID-103101X,0,0000060081,679,0,0,0,0
ACC-72530398,Patient_3102,10/21/2024,F366+,98941,Provider_B,100,100,B,Presbyterian Health Plan,MID-103102X,0,0000060082,679,0,0,0,0
ACC-64002569,Patient_3103,10/23/2024,F366+,98941,Provider_A,100,100,D,Presbyterian Health Plan,MID-103103X,0,0000060200,0,0,0,0,0
ACC-46415160,Patient_3104,9/23/2024,F366+,99203 [25],Provider_B,275,275,D,Presbyterian Health Plan,MID-103104X,0,0000059143,0,0,0,0,0
ACC-68910662,Patient_3105,10/7/2024,F366+,97110,Provider_A,35,35,D,Presbyterian Health Plan,MID-103105X,0,0000059647,0,0,0,0,0
ACC-11419045,Patient_3106,10/22/2024,F366+,99214 [25],Provider_B,150,150,B,Presbyterian Health Plan,MID-103106X,0,0000060982,657,0,0,0,0
ACC-74175225,Patient_3107,10/1/2024,F366+,72052,Provider_A,210,20,P,Presbyterian Health Plan,MID-103107X,38.01,0000059826,0,0,0,151.99,0
ACC-53090164,Patient_3108,10/2/2024,F366+,98941,Provider_B,100,20,P,Presbyterian Health Plan,MID-103108X,12.42,0000059827,0,0,0,67.58,0
ACC-73199394,Patient_3109,9/30/2024,F366+,72120,Provider_A,240,240,D,United HealthCare,MID-103109X,0,0000059369,0,0,0,0,0
ACC-81208808,Patient_3110,9/30/2024,F366+,99203 [25],Provider_B,275,275,D,United HealthCare,MID-103110X,0,0000059369,0,0,0,0,0
ACC-40699487,Patient_3111,10/8/2024,F366+,98941,Provider_A,100,100,D,United HealthCare,MID-103111X,0,0000059740,0,0,0,0,0
ACC-98402906,Patient_3112,10/14/2024,F366+,98941,Provider_B,100,100,D,United HealthCare,MID-103112X,0,0000059825,0,0,0,0,0
ACC-55809929,Patient_3113,8/26/2026,A31-60,97012 [GP],Provider_A,30,-25,B,United Healthcare,MID-103113X,0,0000092919,6,55,0,0,55
ACC-25434793,Patient_3114,8/26/2026,A31-60,98941,Provider_B,100,100,B,United Healthcare,MID-103114X,0,0000092919,6,0,0,0,0
ACC-37236558,Patient_3115,10/7/2024,F366+,72052,Provider_A,210,352.64,D,Blue Cross Blue Shield of New Mexico,MID-103115X,33.68,0000059662,521,159.5,159.5,-167.91,0
ACC-77177026,Patient_3116,10/7/2024,F366+,72120,Provider_B,240,436.2,D,Blue Cross Blue Shield of New Mexico,MID-103116X,21.9,0000059662,521,207.16,207.16,-212.63,0
ACC-17574256,Patient_3117,10/7/2024,F366+,99203 [25],Provider_A,275,425.12,D,Blue Cross Blue Shield of New Mexico,MID-103117X,62.44,0000059662,521,181.34,181.34,-196.95,0
ACC-22747148,Patient_3118,10/21/2024,F366+,98941,Provider_B,100,141.3,B,Blue Cross Blue Shield of New Mexico,MID-103118X,29.35,0000060088,521,55.99,55.99,-63.32,0
ACC-61644016,Patient_3119,10/23/2024,F366+,98941,Provider_A,100,-29.35,P,Blue Cross Blue Shield of New Mexico,MID-103119X,29.35,0000060205,528,30,-35,35,65
ACC-88783280,Patient_3120,4/29/2025,F366+,98941,Provider_B,100,10,P,Blue Cross Blue Shield of New Mexico,MID-103120X,26.68,0000070363,0,0,0,63.32,0
ACC-90457565,Patient_3121,5/20/2026,A121-365,98941,Provider_A,200,175,D,Aetna,MID-103121X,0,,106,25,0,0,25
ACC-47611948,Patient_3122,8/19/2026,A31-60,98941,Provider_B,100,75,B,Aetna,MID-103122X,0,0000092758,13,25,0,0,25
ACC-68097395,Patient_3123,10/14/2024,F366+,98941,Provider_A,100,100,B,Presbyterian Health Plan,MID-103123X,0,0000063832,598,0,0,0,0
ACC-62193239,Patient_3124,10/14/2024,F366+,99203 [25],Provider_B,275,275,B,Presbyterian Health Plan,MID-103124X,0,0000063832,598,0,0,0,0
ACC-15106829,Patient_3125,10/17/2024,F366+,98941,Provider_A,100,100,B,Presbyterian Health Plan,MID-103125X,0,0000059965,681,0,0,0,0
ACC-83559168,Patient_3126,10/23/2024,F366+,98941,Provider_B,100,100,B,Presbyterian Health Plan,MID-103126X,0,0000063833,598,0,0,0,0
ACC-68543324,Patient_3127,10/30/2024,F366+,98941,Provider_A,100,100,B,Presbyterian Health Plan,MID-103127X,0,0000063834,598,0,0,0,0
ACC-74303255,Patient_3128,8/7/2026,A31-60,98941 [AT],Provider_B,100,80,B,Novitas,MID-103128X,0,,27,20,0,0,20
ACC-82321542,Patient_3129,8/12/2026,A31-60,98941 [AT],Provider_A,100,80,B,Novitas,MID-103129X,0,,22,20,0,0,20
ACC-89995848,Patient_3130,7/14/2026,A61-90,98941,Provider_B,100,50,P,UMR,MID-103130X,0,0000091754,0,0,0,50,0
ACC-69870143,Patient_3131,8/24/2026,A31-60,97012 [GP],Provider_A,30,30,B,UMR,MID-103131X,0,0000092862,8,0,0,0,0
ACC-17255403,Patient_3132,11/4/2024,F366+,72120,Provider_B,240,240,B,Cigna,MID-103132X,0,0000060640,665,0,0,0,0
ACC-87396274,Patient_3133,11/4/2024,F366+,99203 [25],Provider_A,275,260,B,Cigna,MID-103133X,0,0000060640,665,15,0,0,15
ACC-65096360,Patient_3134,11/22/2024,F366+,98941,Provider_B,100,100,B,Cigna,MID-103134X,0,0000061757,645,0,0,0,0
ACC-65085430,Patient_3135,12/2/2024,F366+,98941,Provider_A,100,85,B,Cigna,MID-103135X,0,0000062034,638,15,0,0,15
ACC-19841780,Patient_3136,12/4/2024,F366+,98941,Provider_B,100,85,B,Cigna,MID-103136X,0,0000062255,636,15,0,0,15
ACC-79730292,Patient_3137,12/6/2024,F366+,98941,Provider_A,100,85,B,Cigna,MID-103137X,0,0000062398,633,15,0,0,15
ACC-98847782,Patient_3138,12/9/2024,F366+,98941,Provider_B,100,85,B,Cigna,MID-103138X,0,0000062469,631,15,0,0,15
ACC-27098535,Patient_3139,8/31/2026,A0-30,97012 [GP],Provider_A,30,30,B,United HealthCare,MID-103139X,0,0000093036,1,0,0,0,0
ACC-23275343,Patient_3140,8/31/2026,A0-30,98941,Provider_B,100,40,B,United HealthCare,MID-103140X,0,0000093036,1,0,0,50,0
ACC-59051074,Patient_3141,8/24/2026,A31-60,98941,Provider_A,100,29.35,B,Blue Cross Blue Shield of New Mexico,MID-103141X,0,0000092853,8,0,0,63.32,7.33
ACC-31800222,Patient_3142,8/28/2026,A31-60,98942,Provider_B,125,117.67,B,Blue Cross Blue Shield of New Mexico,MID-103142X,0,0000092982,3,7.33,0,0,7.33
ACC-88575721,Patient_3143,8/28/2026,A31-60,98941,Provider_A,100,7.23,B,Presbyterian Health Plan,MID-103143X,0,0000092999,3,0,0,62.77,0
ACC-15288865,Patient_3144,11/25/2024,F366+,72052,Provider_B,210,210,B,State Farm Insurance,MID-103144X,0,0000081045,302,0,0,0,0
ACC-50583589,Patient_3145,11/25/2024,F366+,72120,Provider_A,240,240,B,State Farm Insurance,MID-103145X,0,0000081045,302,0,0,0,0
ACC-73291539,Patient_3146,11/25/2024,F366+,99203 [25],Provider_B,275,275,B,State Farm Insurance,MID-103146X,0,0000081045,302,0,0,0,0
ACC-34933676,Patient_3147,11/26/2024,F366+,98941,Provider_A,100,100,B,State Farm Insurance,MID-103147X,0,0000081046,302,0,0,0,0
ACC-11891227,Patient_3148,11/26/2024,F366+,S8948,Provider_B,60,60,B,State Farm Insurance,MID-103148X,0,0000081046,302,0,0,0,0
ACC-78751467,Patient_3149,12/2/2024,F366+,98941,Provider_A,100,100,B,State Farm Insurance,MID-103149X,0,0000081047,302,0,0,0,0
ACC-53145830,Patient_3150,12/2/2024,F366+,S8948,Provider_B,60,60,B,State Farm Insurance,MID-103150X,0,0000081047,302,0,0,0,0
ACC-69350058,Patient_3151,12/4/2024,F366+,98941,Provider_A,100,100,B,State Farm Insurance,MID-103151X,0,0000081048,302,0,0,0,0
ACC-19000337,Patient_3152,12/4/2024,F366+,S8948,Provider_B,60,60,B,State Farm Insurance,MID-103152X,0,0000081048,302,0,0,0,0
ACC-61959774,Patient_3153,12/6/2024,F366+,98941,Provider_A,100,100,B,State Farm Insurance,MID-103153X,0,0000081049,302,0,0,0,0
ACC-23850821,Patient_3154,12/6/2024,F366+,S8948,Provider_B,60,60,B,State Farm Insurance,MID-103154X,0,0000081049,302,0,0,0,0
ACC-58633785,Patient_3155,12/9/2024,F366+,98941,Provider_A,100,100,B,State Farm Insurance,MID-103155X,0,0000081050,302,0,0,0,0
ACC-59253785,Patient_3156,12/9/2024,F366+,S8948,Provider_B,60,60,B,State Farm Insurance,MID-103156X,0,0000081050,302,0,0,0,0
ACC-29418222,Patient_3157,12/11/2024,F366+,97110 [GP],Provider_A,35,35,B,State Farm Insurance,MID-103157X,0,0000081051,302,0,0,0,0
ACC-46751924,Patient_3158,12/11/2024,F366+,98941,Provider_B,100,100,B,State Farm Insurance,MID-103158X,0,0000081051,302,0,0,0,0
ACC-68911959,Patient_3159,12/13/2024,F366+,98941,Provider_A,100,100,B,State Farm Insurance,MID-103159X,0,0000081052,302,0,0,0,0
ACC-84875828,Patient_3160,12/13/2024,F366+,S8948,Provider_B,60,60,B,State Farm Insurance,MID-103160X,0,0000081052,302,0,0,0,0
ACC-77643804,Patient_3161,12/16/2024,F366+,98941,Provider_A,100,100,B,State Farm Insurance,MID-103161X,0,0000081053,302,0,0,0,0
ACC-19714546,Patient_3162,12/16/2024,F366+,S8948,Provider_B,60,60,B,State Farm Insurance,MID-103162X,0,0000081053,302,0,0,0,0
ACC-27078248,Patient_3163,12/18/2024,F366+,98941,Provider_A,100,100,B,State Farm Insurance,MID-103163X,0,0000081054,302,0,0,0,0
ACC-36150532,Patient_3164,12/20/2024,F366+,98941,Provider_B,100,100,B,State Farm Insurance,MID-103164X,0,0000081055,302,0,0,0,0
ACC-91086640,Patient_3165,12/30/2024,F366+,98941,Provider_A,100,100,B,State Farm Insurance,MID-103165X,0,0000081056,302,0,0,0,0
ACC-40623934,Patient_3166,12/31/2024,F366+,98941,Provider_B,100,100,B,State Farm Insurance,MID-103166X,0,0000081057,302,0,0,0,0
ACC-13877262,Patient_3167,1/3/2025,F366+,98941,Provider_A,100,100,B,State Farm Insurance,MID-103167X,0,0000081058,302,0,0,0,0
ACC-57449107,Patient_3168,1/3/2025,F366+,99214 [25],Provider_B,150,150,B,State Farm Insurance,MID-103168X,0,0000081058,302,0,0,0,0
ACC-73572306,Patient_3169,1/7/2025,F366+,98941,Provider_A,100,100,B,State Farm Insurance,MID-103169X,0,0000081059,302,0,0,0,0
ACC-10457057,Patient_3170,1/9/2025,F366+,98941,Provider_B,100,100,B,State Farm Insurance,MID-103170X,0,0000081060,302,0,0,0,0
ACC-80341809,Patient_3171,1/10/2025,F366+,98941,Provider_A,100,100,B,State Farm Insurance,MID-103171X,0,0000081061,302,0,0,0,0
ACC-88952963,Patient_3172,1/13/2025,F366+,98941,Provider_B,100,100,B,State Farm Insurance,MID-103172X,0,0000081062,302,0,0,0,0
ACC-30078034,Patient_3173,1/15/2025,F366+,97110 [GP],Provider_A,35,35,B,State Farm Insurance,MID-103173X,0,0000081063,302,0,0,0,0
ACC-76069387,Patient_3174,1/15/2025,F366+,98941,Provider_B,100,100,B,State Farm Insurance,MID-103174X,0,0000081063,302,0,0,0,0
ACC-97354757,Patient_3175,1/17/2025,F366+,98941,Provider_A,100,100,B,State Farm Insurance,MID-103175X,0,0000081064,302,0,0,0,0
ACC-37757852,Patient_3176,1/20/2025,F366+,98941,Provider_B,100,100,B,State Farm Insurance,MID-103176X,0,0000081065,302,0,0,0,0
ACC-66240473,Patient_3177,1/22/2025,F366+,98941,Provider_A,100,100,B,State Farm Insurance,MID-103177X,0,0000081066,302,0,0,0,0
ACC-30602303,Patient_3178,1/27/2025,F366+,98941,Provider_B,100,100,B,State Farm Insurance,MID-103178X,0,0000081067,302,0,0,0,0
ACC-95392318,Patient_3179,1/29/2025,F366+,98941,Provider_A,100,100,B,State Farm Insurance,MID-103179X,0,0000081068,302,0,0,0,0
ACC-19824698,Patient_3180,1/29/2025,F366+,S8948,Provider_B,60,60,B,State Farm Insurance,MID-103180X,0,0000081068,302,0,0,0,0
ACC-87068048,Patient_3181,1/31/2025,F366+,98941,Provider_A,100,100,B,State Farm Insurance,MID-103181X,0,0000081069,302,0,0,0,0
ACC-55553791,Patient_3182,1/31/2025,F366+,99214 [25],Provider_B,150,150,B,State Farm Insurance,MID-103182X,0,0000081069,302,0,0,0,0
ACC-66160239,Patient_3183,2/3/2025,F366+,98941,Provider_A,100,100,B,State Farm Insurance,MID-103183X,0,0000081070,302,0,0,0,0
ACC-65937141,Patient_3184,2/3/2025,F366+,S8948,Provider_B,60,60,B,State Farm Insurance,MID-103184X,0,0000081070,302,0,0,0,0
ACC-32643703,Patient_3185,2/5/2025,F366+,98941,Provider_A,100,100,B,State Farm Insurance,MID-103185X,0,0000081071,302,0,0,0,0
ACC-76822874,Patient_3186,2/5/2025,F366+,S8948,Provider_B,60,60,B,State Farm Insurance,MID-103186X,0,0000081071,302,0,0,0,0
ACC-30281968,Patient_3187,2/7/2025,F366+,98941,Provider_A,100,100,B,State Farm Insurance,MID-103187X,0,0000081072,302,0,0,0,0
ACC-23488113,Patient_3188,2/10/2025,F366+,98941,Provider_B,100,100,B,State Farm Insurance,MID-103188X,0,0000081073,302,0,0,0,0
ACC-67980652,Patient_3189,2/10/2025,F366+,S8948,Provider_A,60,60,B,State Farm Insurance,MID-103189X,0,0000081073,302,0,0,0,0
ACC-68796401,Patient_3190,2/12/2025,F366+,98941,Provider_B,100,100,B,State Farm Insurance,MID-103190X,0,0000081074,302,0,0,0,0
ACC-39516516,Patient_3191,2/12/2025,F366+,S8948,Provider_A,60,60,B,State Farm Insurance,MID-103191X,0,0000081074,302,0,0,0,0
ACC-90430098,Patient_3192,2/14/2025,F366+,98941,Provider_B,100,100,B,State Farm Insurance,MID-103192X,0,0000081075,302,0,0,0,0
ACC-10095757,Patient_3193,2/14/2025,F366+,S8948,Provider_A,60,60,B,State Farm Insurance,MID-103193X,0,0000081075,302,0,0,0,0
ACC-25177451,Patient_3194,2/17/2025,F366+,98941,Provider_B,100,100,B,State Farm Insurance,MID-103194X,0,0000081076,302,0,0,0,0
ACC-37766586,Patient_3195,2/19/2025,F366+,98941,Provider_A,100,100,B,State Farm Insurance,MID-103195X,0,0000081077,302,0,0,0,0
ACC-91348684,Patient_3196,2/21/2025,F366+,97110 [GP],Provider_B,35,35,B,State Farm Insurance,MID-103196X,0,0000081078,302,0,0,0,0
ACC-12268558,Patient_3197,2/21/2025,F366+,98941,Provider_A,100,100,B,State Farm Insurance,MID-103197X,0,0000081078,302,0,0,0,0
ACC-97396235,Patient_3198,2/24/2025,F366+,98941,Provider_B,100,100,B,State Farm Insurance,MID-103198X,0,0000081079,302,0,0,0,0
ACC-56786806,Patient_3199,2/26/2025,F366+,72052,Provider_A,210,210,B,State Farm Insurance,MID-103199X,0,0000081080,302,0,0,0,0
ACC-43763433,Patient_3200,2/26/2025,F366+,72120,Provider_B,240,240,B,State Farm Insurance,MID-103200X,0,0000081080,302,0,0,0,0
ACC-59257442,Patient_3201,2/26/2025,F366+,98941,Provider_A,100,100,B,State Farm Insurance,MID-103201X,0,0000081080,302,0,0,0,0
ACC-64854769,Patient_3202,2/28/2025,F366+,98941,Provider_B,100,100,B,State Farm Insurance,MID-103202X,0,0000081081,302,0,0,0,0
ACC-19013925,Patient_3203,3/3/2025,F366+,98941,Provider_A,100,100,B,State Farm Insurance,MID-103203X,0,0000081082,302,0,0,0,0
ACC-80535030,Patient_3204,3/7/2025,F366+,98941,Provider_B,100,100,B,State Farm Insurance,MID-103204X,0,0000081083,302,0,0,0,0
ACC-30066609,Patient_3205,3/10/2025,F366+,98941,Provider_A,100,100,B,State Farm Insurance,MID-103205X,0,0000081084,302,0,0,0,0
ACC-68937653,Patient_3206,3/10/2025,F366+,S8948,Provider_B,60,60,B,State Farm Insurance,MID-103206X,0,0000081084,302,0,0,0,0
ACC-35566415,Patient_3207,3/14/2025,F366+,98941,Provider_A,100,100,B,State Farm Insurance,MID-103207X,0,0000081085,302,0,0,0,0
ACC-32301533,Patient_3208,3/14/2025,F366+,S8948,Provider_B,60,60,B,State Farm Insurance,MID-103208X,0,0000081085,302,0,0,0,0
ACC-36085233,Patient_3209,3/17/2025,F366+,98941,Provider_A,100,100,B,State Farm Insurance,MID-103209X,0,0000081086,302,0,0,0,0
ACC-64390526,Patient_3210,3/26/2025,F366+,98941,Provider_B,100,100,B,State Farm Insurance,MID-103210X,0,0000081087,302,0,0,0,0
ACC-54433055,Patient_3211,3/28/2025,F366+,98941,Provider_A,100,100,B,State Farm Insurance,MID-103211X,0,0000081088,302,0,0,0,0
ACC-17353060,Patient_3212,4/1/2025,F366+,98941,Provider_B,100,100,B,State Farm Insurance,MID-103212X,0,0000081089,302,0,0,0,0
ACC-98013247,Patient_3213,4/4/2025,F366+,98941,Provider_A,100,100,B,State Farm Insurance,MID-103213X,0,0000081090,302,0,0,0,0
ACC-86819960,Patient_3214,4/7/2025,F366+,98941,Provider_B,100,100,B,State Farm Insurance,MID-103214X,0,0000081091,302,0,0,0,0
ACC-81394019,Patient_3215,4/11/2025,F366+,98941,Provider_A,100,100,B,State Farm Insurance,MID-103215X,0,0000081092,302,0,0,0,0
ACC-27953935,Patient_3216,4/14/2025,F366+,98941,Provider_B,100,100,B,State Farm Insurance,MID-103216X,0,0000081093,302,0,0,0,0
ACC-31034191,Patient_3217,4/18/2025,F366+,98941,Provider_A,100,100,B,State Farm Insurance,MID-103217X,0,0000081094,302,0,0,0,0
ACC-94231442,Patient_3218,4/21/2025,F366+,98941,Provider_B,100,100,B,State Farm Insurance,MID-103218X,0,0000081095,302,0,0,0,0
ACC-67070549,Patient_3219,4/24/2025,F366+,98941,Provider_A,100,100,B,State Farm Insurance,MID-103219X,0,0000081096,302,0,0,0,0
ACC-76135518,Patient_3220,4/29/2025,F366+,98941,Provider_B,100,100,B,State Farm Insurance,MID-103220X,0,0000081097,302,0,0,0,0
ACC-23871540,Patient_3221,5/1/2025,F366+,98941,Provider_A,100,100,B,State Farm Insurance,MID-103221X,0,0000081098,302,0,0,0,0
ACC-36512387,Patient_3222,5/7/2025,F366+,98941,Provider_B,100,100,B,State Farm Insurance,MID-103222X,0,0000081099,302,0,0,0,0
ACC-26034880,Patient_3223,5/12/2025,F366+,98941,Provider_A,100,100,B,State Farm Insurance,MID-103223X,0,0000081100,302,0,0,0,0
ACC-13095720,Patient_3224,5/14/2025,F366+,98941,Provider_B,100,100,B,State Farm Insurance,MID-103224X,0,0000081101,302,0,0,0,0
ACC-45306817,Patient_3225,5/23/2025,F366+,98941,Provider_A,100,100,B,State Farm Insurance,MID-103225X,0,0000081102,302,0,0,0,0
ACC-93805942,Patient_3226,5/27/2025,F366+,98941,Provider_B,100,100,B,State Farm Insurance,MID-103226X,0,0000081103,302,0,0,0,0
ACC-50447791,Patient_3227,5/30/2025,F366+,98941,Provider_A,100,100,B,State Farm Insurance,MID-103227X,0,0000081104,302,0,0,0,0
ACC-73299234,Patient_3228,6/3/2025,F366+,98941,Provider_B,100,100,B,State Farm Insurance,MID-103228X,0,0000081105,302,0,0,0,0
ACC-92669358,Patient_3229,6/6/2025,F366+,98941,Provider_A,100,100,B,State Farm Insurance,MID-103229X,0,0000081106,302,0,0,0,0
ACC-95199553,Patient_3230,6/9/2025,F366+,98941,Provider_B,100,100,B,State Farm Insurance,MID-103230X,0,0000081107,302,0,0,0,0
ACC-38445451,Patient_3231,6/13/2025,F366+,98941,Provider_A,100,100,B,State Farm Insurance,MID-103231X,0,0000081108,302,0,0,0,0
ACC-49864652,Patient_3232,6/16/2025,F366+,98941,Provider_B,100,100,B,State Farm Insurance,MID-103232X,0,0000081109,302,0,0,0,0
ACC-50636613,Patient_3233,6/20/2025,F366+,98941,Provider_A,100,100,B,State Farm Insurance,MID-103233X,0,0000081110,302,0,0,0,0
ACC-73840305,Patient_3234,6/25/2025,F366+,98941,Provider_B,100,100,B,State Farm Insurance,MID-103234X,0,0000081111,302,0,0,0,0
ACC-24698600,Patient_3235,7/9/2025,F366+,98941,Provider_A,100,100,B,State Farm Insurance,MID-103235X,0,0000081112,302,0,0,0,0
ACC-59594856,Patient_3236,7/16/2025,F366+,98941,Provider_B,100,100,B,State Farm Insurance,MID-103236X,0,0000081113,302,0,0,0,0
ACC-55013454,Patient_3237,7/23/2025,F366+,98941,Provider_A,100,100,B,State Farm Insurance,MID-103237X,0,0000081114,302,0,0,0,0
ACC-11456873,Patient_3238,7/30/2025,F366+,98941,Provider_B,100,100,B,State Farm Insurance,MID-103238X,0,0000081115,302,0,0,0,0
ACC-96598440,Patient_3239,8/6/2025,F366+,98941,Provider_A,100,100,B,State Farm Insurance,MID-103239X,0,0000081116,302,0,0,0,0
ACC-42170137,Patient_3240,8/13/2025,F366+,98941,Provider_B,100,100,B,State Farm Insurance,MID-103240X,0,0000081117,302,0,0,0,0
ACC-48398998,Patient_3241,8/22/2025,F366+,98941,Provider_A,100,100,B,State Farm Insurance,MID-103241X,0,0000081118,302,0,0,0,0
ACC-18026550,Patient_3242,8/28/2025,F366+,98941,Provider_B,100,100,B,State Farm Insurance,MID-103242X,0,0000081119,302,0,0,0,0
ACC-10536311,Patient_3243,9/11/2025,F366+,98941,Provider_A,100,100,B,State Farm Insurance,MID-103243X,0,0000081120,302,0,0,0,0
ACC-14958280,Patient_3244,9/19/2025,F366+,98941,Provider_B,100,100,B,State Farm Insurance,MID-103244X,0,0000081121,302,0,0,0,0
ACC-37942985,Patient_3245,9/24/2025,F366+,98941,Provider_A,100,100,B,State Farm Insurance,MID-103245X,0,0000081122,302,0,0,0,0
ACC-98008279,Patient_3246,10/3/2025,A121-365,98941,Provider_B,100,100,B,State Farm Insurance,MID-103246X,0,0000081123,302,0,0,0,0
ACC-64811816,Patient_3247,10/8/2025,A121-365,98941,Provider_A,100,100,B,State Farm Insurance,MID-103247X,0,0000081124,302,0,0,0,0
ACC-63994587,Patient_3248,10/15/2025,A121-365,98941,Provider_B,100,100,B,State Farm Insurance,MID-103248X,0,0000081125,302,0,0,0,0
ACC-39711741,Patient_3249,10/23/2025,A121-365,98941,Provider_A,100,100,B,State Farm Insurance,MID-103249X,0,0000081126,302,0,0,0,0
ACC-16941718,Patient_3250,10/31/2025,A121-365,98941,Provider_B,100,100,B,State Farm Insurance,MID-103250X,0,0000081127,302,0,0,0,0
ACC-39482378,Patient_3251,11/26/2025,A121-365,98941,Provider_A,100,100,B,State Farm Insurance,MID-103251X,0,0000082384,279,0,0,0,0
ACC-51198173,Patient_3252,12/10/2025,A121-365,98941,Provider_B,100,100,B,State Farm Insurance,MID-103252X,0,0000082930,265,0,0,0,0
ACC-20473206,Patient_3253,8/10/2026,A31-60,98941 [AT],Provider_A,100,80,B,Novitas,MID-103253X,0,,24,20,0,0,20
ACC-68664129,Patient_3254,3/3/2025,F366+,98941,Provider_B,100,35,P,GEHA United Healthcare,MID-103254X,15,0000067089,0,0,0,50,0
ACC-90604687,Patient_3255,8/3/2026,A31-60,98941 [AT],Provider_A,100,23.2,B,Novitas,MID-103255X,0,,31,0,0,71,5.8
ACC-34182517,Patient_3256,8/10/2026,A31-60,98941 [AT],Provider_B,100,23.2,B,Novitas,MID-103256X,0,,24,0,0,71,5.8
ACC-59836504,Patient_3257,8/17/2026,A31-60,98941 [AT],Provider_A,100,23.2,B,Novitas,MID-103257X,0,,17,0,0,71,5.8
ACC-38410612,Patient_3258,8/17/2026,A31-60,98941 [AT],Provider_B,100,92.55,B,Novitas,MID-103258X,0,,17,7.45,0,0,7.45
ACC-17030740,Patient_3259,2/5/2025,F366+,98941,Provider_A,100,-90.56,P,Allstate Insurance,MID-103259X,90.56,0000071675,446,0,0,100,0
ACC-79074432,Patient_3260,1/13/2025,F366+,98941 [AT],Provider_B,100,37.93,B,Presbyterian Health Plan,MID-103260X,0,0000063967,596,0,0,62.07,0
ACC-37088866,Patient_3261,1/28/2025,F366+,98941 [AT],Provider_A,100,17.93,B,Presbyterian Health Plan,MID-103261X,0,0000065240,580,0,0,62.07,20
ACC-46611465,Patient_3262,2/12/2025,F366+,98941 [AT],Provider_B,100,18.97,B,Presbyterian Health Plan,MID-103262X,0,0000066002,566,0,0,62.07,18.96
ACC-85333829,Patient_3263,8/28/2026,A31-60,98941 [AT],Provider_A,100,21.79,B,Presbyterian Health Plan,MID-103263X,0,,6,0,0,63.21,15
ACC-22554040,Patient_3264,12/30/2024,F366+,99203 [25],Provider_B,275,255,B,Presbyterian Health Plan,MID-103264X,0,0000063547,603,20,0,0,20
ACC-98169885,Patient_3265,12/20/2024,F366+,98941,Provider_A,100,100,B,Truehealth New Mexico,MID-103265X,0,0000065695,568,0,0,0,0
ACC-99385080,Patient_3266,12/20/2024,F366+,99203 [25],Provider_B,275,275,B,Truehealth New Mexico,MID-103266X,0,0000065695,568,0,0,0,0
ACC-50257410,Patient_3267,1/3/2025,F366+,98941,Provider_A,100,100,B,Truehealth New Mexico,MID-103267X,0,0000063259,605,0,0,0,0
ACC-79427962,Patient_3268,1/17/2025,F366+,98941,Provider_B,100,100,B,Truehealth New Mexico,MID-103268X,0,0000065696,568,0,0,0,0
ACC-92693547,Patient_3269,8/7/2026,A31-60,98941,Provider_A,100,100,B,Truehealth New Mexico,MID-103269X,0,0000092454,24,0,0,0,0
ACC-83282489,Patient_3270,1/6/2025,F366+,98941,Provider_B,100,100,B,Presbyterian Health Plan,MID-103270X,0,0000064865,591,0,0,0,0
ACC-96638127,Patient_3271,1/17/2025,F366+,98941,Provider_A,100,100,B,Presbyterian Health Plan,MID-103271X,0,0000065153,582,0,0,0,0
ACC-29762330,Patient_3272,1/29/2025,F366+,98941,Provider_B,100,100,B,Presbyterian Health Plan,MID-103272X,0,0000065239,580,0,0,0,0
ACC-89425896,Patient_3273,2/26/2025,F366+,98941,Provider_A,100,100,B,Presbyterian Health Plan,MID-103273X,0,0000066814,552,0,0,0,0
ACC-79228393,Patient_3274,3/18/2025,F366+,98941,Provider_B,100,80,B,Humana,MID-103274X,0,0000067876,528,20,0,0,20
ACC-64816874,Patient_3275,2/16/2026,A121-365,98941 [AT],Provider_A,100,7.45,P,Novitas,MID-103275X,29.18,0000085932,0,0,0,63.37,0
ACC-74283476,Patient_3276,2/16/2026,A121-365,98941 [AT],Provider_B,100,7.45,B,Omaha Insurance Company,MID-103276X,0,,183,0,0,63.37,0
ACC-27994162,Patient_3277,9/2/2026,A0-30,97012 [GP],Provider_A,30,30,B,United HealthCare,MID-103277X,0,0000093113,0,0,0,0,0
ACC-87040425,Patient_3278,4/25/2025,F366+,98941,Provider_B,100,100,D,State Farm Insurance,MID-103278X,0,0000069772,0,0,0,0,0
ACC-39022745,Patient_3279,4/30/2025,F366+,98941,Provider_A,100,100,D,State Farm Insurance,MID-103279X,0,0000070022,0,0,0,0,0
ACC-13975617,Patient_3280,5/12/2025,F366+,98941,Provider_B,100,100,B,State Farm Insurance,MID-103280X,0,0000070721,477,0,0,0,0
ACC-62508592,Patient_3281,5/16/2025,F366+,98941,Provider_A,100,100,D,State Farm Insurance,MID-103281X,0,,475,0,0,0,0
ACC-53074088,Patient_3282,5/19/2025,F366+,72052,Provider_B,210,210,D,State Farm Insurance,MID-103282X,0,0000071210,0,0,0,0,0
ACC-20524356,Patient_3283,5/19/2025,F366+,72120,Provider_A,240,240,B,State Farm Insurance,MID-103283X,0,0000071210,456,0,0,0,0
ACC-90117088,Patient_3284,5/19/2025,F366+,98941,Provider_B,100,100,B,State Farm Insurance,MID-103284X,0,0000071210,456,0,0,0,0
ACC-77535762,Patient_3285,6/2/2025,F366+,98941,Provider_A,100,100,B,State Farm Insurance,MID-103285X,0,0000071775,456,0,0,0,0
ACC-76659037,Patient_3286,6/16/2025,F366+,98941,Provider_B,100,100,B,State Farm Insurance,MID-103286X,0,0000073761,442,0,0,0,0
ACC-74901731,Patient_3287,6/23/2025,F366+,98941,Provider_A,100,100,B,State Farm Insurance,MID-103287X,0,0000074205,435,0,0,0,0
ACC-26823686,Patient_3288,7/7/2025,F366+,98941,Provider_B,100,100,B,State Farm Insurance,MID-103288X,0,0000075526,409,0,0,0,0
ACC-65893934,Patient_3289,7/14/2025,F366+,98941,Provider_A,100,100,D,State Farm Insurance,MID-103289X,0,0000076208,0,0,0,0,0
ACC-70500990,Patient_3290,7/21/2025,F366+,98941,Provider_B,100,100,B,State Farm Insurance,MID-103290X,0,0000076610,407,0,0,0,0
ACC-47146869,Patient_3291,7/28/2025,F366+,98941,Provider_A,100,100,B,State Farm Insurance,MID-103291X,0,0000076940,400,0,0,0,0
ACC-76329197,Patient_3292,8/4/2025,F366+,98941,Provider_B,100,100,B,State Farm Insurance,MID-103292X,0,0000077223,393,0,0,0,0
ACC-42671726,Patient_3293,8/28/2026,A31-60,98941 [AT],Provider_A,100,17.23,B,Presbyterian Health Plan,MID-103293X,0,0000092985,3,0,0,62.77,20
ACC-78599856,Patient_3294,8/20/2026,A31-60,97012 [GP],Provider_B,30,30,B,United Healthcare,MID-103294X,0,0000092810,10,0,0,0,0
ACC-69909590,Patient_3295,8/20/2026,A31-60,98941,Provider_A,100,40,B,United Healthcare,MID-103295X,0,0000092810,10,0,0,50,10
ACC-56923461,Patient_3296,8/28/2026,A31-60,98941,Provider_B,100,33.02,B,Blue Cross Blue Shield of New Mexico,MID-103296X,0,0000092986,3,0,0,63.32,3.66
ACC-49603903,Patient_3297,8/3/2026,A31-60,98941 [AT],Provider_A,100,18.25,B,Humana Medicare,MID-103297X,0,,31,0,0,63.18,18.57
ACC-74488307,Patient_3298,8/31/2026,A0-30,98941 [AT],Provider_B,100,18.25,B,Humana Medicare,MID-103298X,0,,3,0,0,63.18,18.57
ACC-19958254,Patient_3299,3/4/2025,F366+,99211 [25],Provider_A,75,75,B,Gallagher Basssett,MID-103299X,0,0000075711,409,0,0,0,0
ACC-83766361,Patient_3300,3/7/2025,F366+,98941,Provider_B,100,100,B,Gallagher Basssett,MID-103300X,0,0000075712,419,0,0,0,0
ACC-62231407,Patient_3301,3/14/2025,F366+,99211 [25],Provider_A,75,75,B,Gallagher Basssett,MID-103301X,0,0000072434,423,0,0,0,0
ACC-89958273,Patient_3302,3/18/2025,F366+,E0761,Provider_B,50,50,D,Gallagher Basssett,MID-103302X,0,0000072435,0,0,0,0,0
ACC-22092742,Patient_3303,4/8/2025,F366+,S8948,Provider_A,60,-33,P,Gallagher Basssett,MID-103303X,66,,0,0,0,27,0
ACC-77566254,Patient_3304,4/22/2025,F366+,98941,Provider_B,100,-36.11,P,Gallagher Basssett,MID-103304X,72.22,0000077641,364,0,0,63.89,0
ACC-73722850,Patient_3305,4/25/2025,F366+,S8948,Provider_A,60,-33,P,Gallagher Basssett,MID-103305X,66,,393,0,0,27,0
ACC-70365342,Patient_3306,5/9/2025,F366+,98941,Provider_B,100,100,B,Gallagher Basssett,MID-103306X,0,0000089469,111,0,0,0,0
ACC-61813095,Patient_3307,5/9/2025,F366+,99211 [25],Provider_A,75,75,B,Gallagher Basssett,MID-103307X,0,0000089469,111,0,0,0,0
ACC-71216022,Patient_3308,5/9/2025,F366+,E0761,Provider_B,50,50,B,Gallagher Basssett,MID-103308X,0,0000089469,111,0,0,0,0
ACC-79340546,Patient_3309,5/13/2025,F366+,E0761,Provider_A,50,50,B,Gallagher Basssett,MID-103309X,0,,437,0,0,0,0
ACC-33158191,Patient_3310,5/16/2025,F366+,E0761,Provider_B,50,50,B,Gallagher Basssett,MID-103310X,0,,437,0,0,0,0
ACC-37720532,Patient_3311,5/27/2025,F366+,99211 [25],Provider_A,75,75,B,Gallagher Basssett,MID-103311X,0,0000072447,423,0,0,0,0
ACC-57195960,Patient_3312,5/30/2025,F366+,99211 [25],Provider_B,75,75,B,Gallagher Basssett,MID-103312X,0,0000072448,423,0,0,0,0
ACC-59836431,Patient_3313,6/4/2025,F366+,99211 [25],Provider_A,75,75,B,Gallagher Basssett,MID-103313X,0,0000072449,423,0,0,0,0
ACC-68046134,Patient_3314,6/10/2025,F366+,99211 [25],Provider_B,75,75,B,Gallagher Basssett,MID-103314X,0,0000072820,423,0,0,0,0
ACC-81639789,Patient_3315,6/13/2025,F366+,99211 [25],Provider_A,75,75,B,Gallagher Basssett,MID-103315X,0,0000073302,423,0,0,0,0
ACC-60366111,Patient_3316,7/7/2025,F366+,99211 [25],Provider_B,75,75,B,Gallagher Basssett,MID-103316X,0,0000075713,400,0,0,0,0
ACC-64280952,Patient_3317,7/7/2025,F366+,E0761,Provider_A,50,50,B,Gallagher Basssett,MID-103317X,0,,94,0,0,0,0
ACC-43963712,Patient_3318,7/9/2025,F366+,99211 [25],Provider_B,75,75,B,Gallagher Basssett,MID-103318X,0,0000075714,400,0,0,0,0
ACC-84469389,Patient_3319,7/14/2025,F366+,99211 [25],Provider_A,75,75,B,Gallagher Basssett,MID-103319X,0,0000076207,400,0,0,0,0
ACC-56494463,Patient_3320,7/18/2025,F366+,99211 [25],Provider_B,75,75,B,Gallagher Basssett,MID-103320X,0,0000076532,400,0,0,0,0
ACC-25103536,Patient_3321,9/9/2025,F366+,E0761,Provider_A,50,50,B,Gallagher Basssett,MID-103321X,0,,94,0,0,0,0
ACC-76459413,Patient_3322,11/11/2025,A121-365,E0761,Provider_B,50,50,B,Gallagher Basssett,MID-103322X,0,,94,0,0,0,0
ACC-36078542,Patient_3323,12/3/2025,A121-365,E0761,Provider_A,50,50,B,Gallagher Basssett,MID-103323X,0,,94,0,0,0,0
ACC-77649854,Patient_3324,12/9/2025,A121-365,E0761,Provider_B,50,50,B,Gallagher Basssett,MID-103324X,0,,94,0,0,0,0
ACC-87687700,Patient_3325,12/12/2025,A121-365,E0761,Provider_A,50,50,B,Gallagher Basssett,MID-103325X,0,,94,0,0,0,0
ACC-92509295,Patient_3326,12/31/2025,A121-365,E0761,Provider_B,50,50,B,Gallagher Basssett,MID-103326X,0,,94,0,0,0,0
ACC-75010389,Patient_3327,1/2/2026,A121-365,E0761,Provider_A,50,50,B,Gallagher Basssett,MID-103327X,0,,94,0,0,0,0
ACC-82800205,Patient_3328,1/5/2026,A121-365,E0761,Provider_B,50,50,B,Gallagher Basssett,MID-103328X,0,,94,0,0,0,0
ACC-13654240,Patient_3329,8/5/2026,A31-60,98941 [AT],Provider_A,100,80,B,Novitas,MID-103329X,0,,29,20,0,0,20
ACC-99606348,Patient_3330,2/26/2025,F366+,72052,Provider_B,210,210,D,Geico Insurance,MID-103330X,0,,554,0,0,0,0
ACC-83199117,Patient_3331,2/26/2025,F366+,72120,Provider_A,240,240,D,Geico Insurance,MID-103331X,0,,554,0,0,0,0
ACC-61162272,Patient_3332,2/26/2025,F366+,99203 [25],Provider_B,275,275,D,Geico Insurance,MID-103332X,0,,554,0,0,0,0
ACC-69997121,Patient_3333,3/4/2025,F366+,98941,Provider_A,100,100,D,Geico Insurance,MID-103333X,0,,548,0,0,0,0
ACC-91389554,Patient_3334,3/4/2025,F366+,S8948,Provider_B,60,60,D,Geico Insurance,MID-103334X,0,,548,0,0,0,0
ACC-92737126,Patient_3335,3/6/2025,F366+,98941,Provider_A,100,100,D,Geico Insurance,MID-103335X,0,,546,0,0,0,0
ACC-25283968,Patient_3336,3/6/2025,F366+,S8948,Provider_B,60,60,D,Geico Insurance,MID-103336X,0,,546,0,0,0,0
ACC-38321470,Patient_3337,3/10/2025,F366+,98941,Provider_A,100,100,D,Geico Insurance,MID-103337X,0,,542,0,0,0,0
ACC-92192061,Patient_3338,3/10/2025,F366+,S8948,Provider_B,60,60,D,Geico Insurance,MID-103338X,0,,542,0,0,0,0
ACC-12398973,Patient_3339,3/11/2025,F366+,98941,Provider_A,100,100,D,Geico Insurance,MID-103339X,0,,541,0,0,0,0
ACC-26272693,Patient_3340,3/11/2025,F366+,S8948,Provider_B,60,60,D,Geico Insurance,MID-103340X,0,,541,0,0,0,0
ACC-67178122,Patient_3341,3/12/2025,F366+,98941,Provider_A,100,100,D,Geico Insurance,MID-103341X,0,,540,0,0,0,0
ACC-27349274,Patient_3342,3/12/2025,F366+,S8948,Provider_B,60,60,D,Geico Insurance,MID-103342X,0,,540,0,0,0,0
ACC-16505063,Patient_3343,3/26/2025,F366+,98941,Provider_A,100,100,D,Geico Insurance,MID-103343X,0,,526,0,0,0,0
ACC-43459991,Patient_3344,3/26/2025,F366+,S8948,Provider_B,60,60,D,Geico Insurance,MID-103344X,0,,526,0,0,0,0
ACC-77125334,Patient_3345,3/27/2025,F366+,98941,Provider_A,100,100,D,Geico Insurance,MID-103345X,0,,525,0,0,0,0
ACC-50174623,Patient_3346,3/27/2025,F366+,S8948,Provider_B,60,60,D,Geico Insurance,MID-103346X,0,,525,0,0,0,0
ACC-17133987,Patient_3347,3/31/2025,F366+,98941,Provider_A,100,100,D,Geico Insurance,MID-103347X,0,,521,0,0,0,0
ACC-84472017,Patient_3348,3/31/2025,F366+,S8948,Provider_B,60,60,D,Geico Insurance,MID-103348X,0,,521,0,0,0,0
ACC-36271823,Patient_3349,4/2/2025,F366+,98941,Provider_A,100,100,D,Geico Insurance,MID-103349X,0,,519,0,0,0,0
ACC-45931954,Patient_3350,4/2/2025,F366+,S8948,Provider_B,60,60,D,Geico Insurance,MID-103350X,0,,519,0,0,0,0
ACC-58229838,Patient_3351,4/3/2025,F366+,98941,Provider_A,100,100,D,Geico Insurance,MID-103351X,0,,518,0,0,0,0
ACC-80209218,Patient_3352,4/3/2025,F366+,S8948,Provider_B,60,60,D,Geico Insurance,MID-103352X,0,,518,0,0,0,0
ACC-65008840,Patient_3353,4/8/2025,F366+,98941,Provider_A,100,100,D,Geico Insurance,MID-103353X,0,,513,0,0,0,0
ACC-92853554,Patient_3354,4/8/2025,F366+,S8948,Provider_B,60,60,D,Geico Insurance,MID-103354X,0,,513,0,0,0,0
ACC-10127392,Patient_3355,4/9/2025,F366+,98941,Provider_A,100,100,D,Geico Insurance,MID-103355X,0,,512,0,0,0,0
ACC-89410573,Patient_3356,4/10/2025,F366+,98941,Provider_B,100,100,D,Geico Insurance,MID-103356X,0,,511,0,0,0,0
ACC-94553565,Patient_3357,4/10/2025,F366+,S8948,Provider_A,60,60,D,Geico Insurance,MID-103357X,0,,511,0,0,0,0
ACC-92168217,Patient_3358,4/17/2025,F366+,98941,Provider_B,100,100,D,Geico Insurance,MID-103358X,0,,504,0,0,0,0
ACC-68271784,Patient_3359,4/24/2025,F366+,98941,Provider_A,100,100,D,Geico Insurance,MID-103359X,0,,497,0,0,0,0
ACC-31147295,Patient_3360,4/28/2025,F366+,98941,Provider_B,100,100,B,Geico Insurance,MID-103360X,0,,374,0,0,0,0
ACC-96143697,Patient_3361,4/29/2025,F366+,98941,Provider_A,100,100,B,Geico Insurance,MID-103361X,0,,374,0,0,0,0
ACC-45620483,Patient_3362,5/1/2025,F366+,98941,Provider_B,100,100,B,Geico Insurance,MID-103362X,0,,374,0,0,0,0
ACC-32501835,Patient_3363,5/7/2025,F366+,98941,Provider_A,100,100,B,Geico Insurance,MID-103363X,0,,374,0,0,0,0
ACC-40650301,Patient_3364,5/12/2025,F366+,98941,Provider_B,100,100,B,Geico Insurance,MID-103364X,0,,374,0,0,0,0
ACC-15686328,Patient_3365,5/14/2025,F366+,98941,Provider_A,100,100,B,Geico Insurance,MID-103365X,0,,374,0,0,0,0
ACC-13741656,Patient_3366,5/15/2025,F366+,98941,Provider_B,100,100,B,Geico Insurance,MID-103366X,0,,374,0,0,0,0
ACC-43746395,Patient_3367,5/19/2025,F366+,98941,Provider_A,100,100,B,Geico Insurance,MID-103367X,0,,374,0,0,0,0
ACC-50080825,Patient_3368,5/27/2025,F366+,98941,Provider_B,100,100,B,Geico Insurance,MID-103368X,0,,374,0,0,0,0
ACC-46354407,Patient_3369,5/28/2025,F366+,98941,Provider_A,100,100,B,Geico Insurance,MID-103369X,0,,374,0,0,0,0
ACC-40267194,Patient_3370,5/29/2025,F366+,98941,Provider_B,100,100,B,Geico Insurance,MID-103370X,0,,374,0,0,0,0
ACC-15569570,Patient_3371,6/2/2025,F366+,98941,Provider_A,100,100,B,Geico Insurance,MID-103371X,0,,374,0,0,0,0
ACC-18024971,Patient_3372,6/3/2025,F366+,98941,Provider_B,100,100,B,Geico Insurance,MID-103372X,0,,374,0,0,0,0
ACC-55818663,Patient_3373,6/5/2025,F366+,98941,Provider_A,100,100,B,Geico Insurance,MID-103373X,0,,374,0,0,0,0
ACC-76775264,Patient_3374,6/10/2025,F366+,98941,Provider_B,100,100,B,Geico Insurance,MID-103374X,0,,374,0,0,0,0
ACC-76204797,Patient_3375,6/11/2025,F366+,98941,Provider_A,100,100,B,Geico Insurance,MID-103375X,0,,374,0,0,0,0
ACC-53802992,Patient_3376,6/17/2025,F366+,98941,Provider_B,100,100,B,Geico Insurance,MID-103376X,0,,374,0,0,0,0
ACC-41626612,Patient_3377,6/18/2025,F366+,98941,Provider_A,100,100,B,Geico Insurance,MID-103377X,0,,374,0,0,0,0
ACC-45829483,Patient_3378,6/23/2025,F366+,98941,Provider_B,100,100,B,Geico Insurance,MID-103378X,0,,374,0,0,0,0
ACC-17586722,Patient_3379,6/24/2025,F366+,98941,Provider_A,100,100,B,Geico Insurance,MID-103379X,0,,374,0,0,0,0
ACC-67496317,Patient_3380,6/25/2025,F366+,98941,Provider_B,100,100,B,Geico Insurance,MID-103380X,0,,374,0,0,0,0
ACC-13243462,Patient_3381,7/7/2025,F366+,98941,Provider_A,100,100,D,Geico Insurance,MID-103381X,0,,423,0,0,0,0
ACC-28993317,Patient_3382,7/10/2025,F366+,98941,Provider_B,100,100,D,Geico Insurance,MID-103382X,0,,420,0,0,0,0
ACC-23512168,Patient_3383,7/18/2025,F366+,98941,Provider_A,100,100,D,Geico Insurance,MID-103383X,0,,412,0,0,0,0
ACC-34660005,Patient_3384,7/21/2025,F366+,98941,Provider_B,100,100,D,Geico Insurance,MID-103384X,0,,409,0,0,0,0
ACC-66241258,Patient_3385,7/22/2025,F366+,98941,Provider_A,100,100,D,Geico Insurance,MID-103385X,0,,408,0,0,0,0
ACC-84006506,Patient_3386,7/28/2025,F366+,98941,Provider_B,100,100,D,Geico Insurance,MID-103386X,0,,402,0,0,0,0
ACC-97406672,Patient_3387,8/5/2025,F366+,98941,Provider_A,100,100,D,Geico Insurance,MID-103387X,0,,394,0,0,0,0
ACC-82616959,Patient_3388,8/6/2025,F366+,98941,Provider_B,100,100,D,Geico Insurance,MID-103388X,0,,393,0,0,0,0
ACC-77685040,Patient_3389,8/12/2025,F366+,98941,Provider_A,100,100,D,Geico Insurance,MID-103389X,0,,387,0,0,0,0
ACC-28545235,Patient_3390,8/13/2025,F366+,98941,Provider_B,100,100,D,Geico Insurance,MID-103390X,0,,386,0,0,0,0
ACC-73272836,Patient_3391,8/14/2025,F366+,98941,Provider_A,100,100,D,Geico Insurance,MID-103391X,0,,385,0,0,0,0
ACC-70305705,Patient_3392,8/20/2025,F366+,98941,Provider_B,100,100,D,Geico Insurance,MID-103392X,0,,379,0,0,0,0
ACC-42771697,Patient_3393,8/21/2025,F366+,98941,Provider_A,100,100,D,Geico Insurance,MID-103393X,0,,378,0,0,0,0
ACC-73640858,Patient_3394,8/22/2025,F366+,98941,Provider_B,100,100,D,Geico Insurance,MID-103394X,0,,377,0,0,0,0
ACC-15779005,Patient_3395,8/25/2025,F366+,98941,Provider_A,100,100,D,Geico Insurance,MID-103395X,0,,374,0,0,0,0
ACC-48450565,Patient_3396,8/26/2025,F366+,98941,Provider_B,100,100,D,Geico Insurance,MID-103396X,0,,373,0,0,0,0
ACC-50859719,Patient_3397,9/9/2025,F366+,98941,Provider_A,100,100,D,Geico Insurance,MID-103397X,0,,359,0,0,0,0
ACC-16860817,Patient_3398,9/11/2025,F366+,98941,Provider_B,100,100,D,Geico Insurance,MID-103398X,0,,357,0,0,0,0
ACC-27233806,Patient_3399,9/15/2025,F366+,98941,Provider_A,100,100,D,Geico Insurance,MID-103399X,0,,353,0,0,0,0
ACC-12848277,Patient_3400,9/16/2025,F366+,98941,Provider_B,100,100,D,Geico Insurance,MID-103400X,0,,352,0,0,0,0
ACC-17892191,Patient_3401,9/19/2025,F366+,98941,Provider_A,100,100,D,Geico Insurance,MID-103401X,0,,349,0,0,0,0
ACC-86008046,Patient_3402,9/24/2025,F366+,98941,Provider_B,100,100,D,Geico Insurance,MID-103402X,0,,344,0,0,0,0
ACC-52596508,Patient_3403,10/14/2025,A121-365,98941,Provider_A,100,100,D,Geico Insurance,MID-103403X,0,,324,0,0,0,0
ACC-23632055,Patient_3404,10/16/2025,A121-365,98941,Provider_B,100,100,D,Geico Insurance,MID-103404X,0,,322,0,0,0,0
ACC-37660091,Patient_3405,10/22/2025,A121-365,98941,Provider_A,100,100,D,Geico Insurance,MID-103405X,0,,316,0,0,0,0
ACC-21634530,Patient_3406,10/23/2025,A121-365,98941,Provider_B,100,100,D,Geico Insurance,MID-103406X,0,,315,0,0,0,0
ACC-81100589,Patient_3407,10/27/2025,A121-365,98941,Provider_A,100,100,D,Geico Insurance,MID-103407X,0,,311,0,0,0,0
ACC-48257260,Patient_3408,10/27/2025,A121-365,99214 [25],Provider_B,150,150,D,Geico Insurance,MID-103408X,0,,311,0,0,0,0
ACC-74663885,Patient_3409,10/29/2025,A121-365,98941,Provider_A,100,100,D,Geico Insurance,MID-103409X,0,,309,0,0,0,0
ACC-15914594,Patient_3410,10/29/2025,A121-365,99214 [25],Provider_B,150,150,D,Geico Insurance,MID-103410X,0,,309,0,0,0,0
ACC-12419515,Patient_3411,11/6/2025,A121-365,98941,Provider_A,100,100,D,Geico Insurance,MID-103411X,0,,301,0,0,0,0
ACC-64924116,Patient_3412,11/19/2025,A121-365,98941,Provider_B,100,100,D,Geico Insurance,MID-103412X,0,,288,0,0,0,0
ACC-44818262,Patient_3413,11/24/2025,A121-365,98941,Provider_A,100,100,D,Geico Insurance,MID-103413X,0,,283,0,0,0,0
ACC-77388943,Patient_3414,12/10/2025,A121-365,98941,Provider_B,100,100,D,Geico Insurance,MID-103414X,0,,267,0,0,0,0
ACC-30271896,Patient_3415,1/14/2026,A121-365,98941,Provider_A,100,100,D,Geico Insurance,MID-103415X,0,,232,0,0,0,0
ACC-60901072,Patient_3416,1/14/2026,A121-365,99214 [25],Provider_B,150,150,D,Geico Insurance,MID-103416X,0,,232,0,0,0,0
ACC-34164924,Patient_3417,3/3/2025,F366+,72052,Provider_A,210,210,B,Geico Insurance,MID-103417X,0,,430,0,0,0,0
ACC-19526374,Patient_3418,3/3/2025,F366+,99203 [25],Provider_B,275,275,B,Geico Insurance,MID-103418X,0,,430,0,0,0,0
ACC-10529379,Patient_3419,3/6/2025,F366+,98941,Provider_A,100,100,B,Geico Insurance,MID-103419X,0,0000069513,498,0,0,0,0
ACC-64864690,Patient_3420,3/10/2025,F366+,98941,Provider_B,100,100,B,Geico Insurance,MID-103420X,0,0000069685,496,0,0,0,0
ACC-75592164,Patient_3421,3/12/2025,F366+,98941,Provider_A,100,100,B,Geico Insurance,MID-103421X,0,0000069686,496,0,0,0,0
ACC-81825840,Patient_3422,3/26/2025,F366+,98941,Provider_B,100,100,B,Geico Insurance,MID-103422X,0,0000069687,496,0,0,0,0
ACC-46859859,Patient_3423,3/27/2025,F366+,98941,Provider_A,100,100,B,Geico Insurance,MID-103423X,0,0000069688,496,0,0,0,0
ACC-71897324,Patient_3424,4/2/2025,F366+,98941,Provider_B,100,100,B,Geico Insurance,MID-103424X,0,0000069689,496,0,0,0,0
ACC-29735360,Patient_3425,4/3/2025,F366+,98941,Provider_A,100,100,B,Geico Insurance,MID-103425X,0,,352,0,0,0,0
ACC-31639077,Patient_3426,4/9/2025,F366+,98941,Provider_B,100,100,B,Geico Insurance,MID-103426X,0,,430,0,0,0,0
ACC-22369642,Patient_3427,4/10/2025,F366+,98941,Provider_A,100,100,B,Geico Insurance,MID-103427X,0,,430,0,0,0,0
ACC-16377848,Patient_3428,4/17/2025,F366+,98941,Provider_B,100,100,B,Geico Insurance,MID-103428X,0,,430,0,0,0,0
ACC-30265708,Patient_3429,4/24/2025,F366+,98941,Provider_A,100,100,B,Geico Insurance,MID-103429X,0,,430,0,0,0,0
ACC-88397348,Patient_3430,4/28/2025,F366+,98941,Provider_B,100,100,B,Geico Insurance,MID-103430X,0,,430,0,0,0,0
ACC-10859916,Patient_3431,5/1/2025,F366+,98941,Provider_A,100,100,B,Geico Insurance,MID-103431X,0,,430,0,0,0,0
ACC-55287268,Patient_3432,5/7/2025,F366+,98941,Provider_B,100,100,B,Geico Insurance,MID-103432X,0,,430,0,0,0,0
ACC-98345620,Patient_3433,5/12/2025,F366+,98941,Provider_A,100,100,B,Geico Insurance,MID-103433X,0,,430,0,0,0,0
ACC-88510878,Patient_3434,5/14/2025,F366+,98941,Provider_B,100,100,B,Geico Insurance,MID-103434X,0,,430,0,0,0,0
ACC-79543229,Patient_3435,5/19/2025,F366+,98941,Provider_A,100,100,B,Geico Insurance,MID-103435X,0,,430,0,0,0,0
ACC-91295520,Patient_3436,5/28/2025,F366+,98941,Provider_B,100,100,B,Geico Insurance,MID-103436X,0,,430,0,0,0,0
ACC-11227072,Patient_3437,5/29/2025,F366+,98941,Provider_A,100,100,B,Geico Insurance,MID-103437X,0,,430,0,0,0,0
ACC-27431011,Patient_3438,6/2/2025,F366+,98941,Provider_B,100,100,B,Geico Insurance,MID-103438X,0,,430,0,0,0,0
ACC-19019317,Patient_3439,6/3/2025,F366+,98941,Provider_A,100,100,B,Geico Insurance,MID-103439X,0,,430,0,0,0,0
ACC-38515872,Patient_3440,6/5/2025,F366+,98941,Provider_B,100,100,B,Geico Insurance,MID-103440X,0,,430,0,0,0,0
ACC-41892727,Patient_3441,6/10/2025,F366+,98941,Provider_A,100,100,B,Geico Insurance,MID-103441X,0,,430,0,0,0,0
ACC-11801371,Patient_3442,6/11/2025,F366+,98941,Provider_B,100,100,B,Geico Insurance,MID-103442X,0,,430,0,0,0,0
ACC-80610977,Patient_3443,6/17/2025,F366+,98941,Provider_A,100,100,B,Geico Insurance,MID-103443X,0,,430,0,0,0,0
ACC-16505728,Patient_3444,6/23/2025,F366+,98941,Provider_B,100,100,B,Geico Insurance,MID-103444X,0,0000074299,435,0,0,0,0
ACC-30003795,Patient_3445,7/7/2025,F366+,98941,Provider_A,100,100,B,Geico Insurance,MID-103445X,0,0000077629,381,0,0,0,0
ACC-39670152,Patient_3446,7/21/2025,F366+,98941,Provider_B,100,100,B,Geico Insurance,MID-103446X,0,0000077630,381,0,0,0,0
ACC-28791518,Patient_3447,7/28/2025,F366+,98941,Provider_A,100,100,B,Geico Insurance,MID-103447X,0,0000077631,381,0,0,0,0
ACC-68309126,Patient_3448,8/6/2025,F366+,98941,Provider_B,100,100,B,Geico Insurance,MID-103448X,0,0000077632,381,0,0,0,0
ACC-63060319,Patient_3449,8/13/2025,F366+,98941,Provider_A,100,100,B,Geico Insurance,MID-103449X,0,0000077633,381,0,0,0,0
ACC-39928376,Patient_3450,8/20/2025,F366+,98941,Provider_B,100,100,B,Geico Insurance,MID-103450X,0,0000077929,377,0,0,0,0
ACC-50601525,Patient_3451,8/25/2025,F366+,98941,Provider_A,100,100,B,Geico Insurance,MID-103451X,0,0000078269,370,0,0,0,0
ACC-24547435,Patient_3452,9/15/2025,F366+,98941,Provider_B,100,100,B,Geico Insurance,MID-103452X,0,0000078925,351,0,0,0,0
ACC-88301885,Patient_3453,10/16/2025,A121-365,98941,Provider_A,100,100,B,Geico Insurance,MID-103453X,0,0000080330,316,0,0,0,0
ACC-96356577,Patient_3454,10/22/2025,A121-365,98941,Provider_B,100,100,B,Geico Insurance,MID-103454X,0,0000080488,314,0,0,0,0
ACC-54288420,Patient_3455,10/29/2025,A121-365,98941,Provider_A,100,100,B,Geico Insurance,MID-103455X,0,0000080819,307,0,0,0,0
ACC-84650265,Patient_3456,8/5/2026,A31-60,98941 [AT],Provider_B,100,85,B,AARP Medicare Advantage,MID-103456X,0,,29,15,0,0,15
ACC-60977087,Patient_3457,8/12/2026,A31-60,98941 [AT],Provider_A,100,85,B,AARP Medicare Advantage,MID-103457X,0,,22,15,0,0,15
ACC-25725728,Patient_3458,8/19/2026,A31-60,98941 [AT],Provider_B,100,85,B,AARP Medicare Advantage,MID-103458X,0,,15,15,0,0,15
ACC-52148987,Patient_3459,8/26/2026,A31-60,98941 [AT],Provider_A,100,85,B,AARP Medicare Advantage,MID-103459X,0,,8,15,0,0,15
ACC-29282895,Patient_3460,8/3/2026,A31-60,98941 [AT],Provider_B,100,80,B,Novitas,MID-103460X,0,,31,20,0,0,20
ACC-95569816,Patient_3461,3/5/2025,F366+,72052,Provider_A,210,210,B,Geico Insurance,MID-103461X,0,,429,0,0,0,0
ACC-29508161,Patient_3462,3/5/2025,F366+,99203 [25],Provider_B,275,275,B,Geico Insurance,MID-103462X,0,,429,0,0,0,0
ACC-91064625,Patient_3463,3/6/2025,F366+,98941,Provider_A,100,100,B,Geico Insurance,MID-103463X,0,,429,0,0,0,0
ACC-64429968,Patient_3464,3/10/2025,F366+,98941,Provider_B,100,100,B,Geico Insurance,MID-103464X,0,,429,0,0,0,0
ACC-32943341,Patient_3465,3/12/2025,F366+,98941,Provider_A,100,100,B,Geico Insurance,MID-103465X,0,,429,0,0,0,0
ACC-95085237,Patient_3466,3/26/2025,F366+,98941,Provider_B,100,100,B,Geico Insurance,MID-103466X,0,,429,0,0,0,0
ACC-73701098,Patient_3467,3/27/2025,F366+,98941,Provider_A,100,100,B,Geico Insurance,MID-103467X,0,,429,0,0,0,0
ACC-84072463,Patient_3468,4/2/2025,F366+,98941,Provider_B,100,100,B,Geico Insurance,MID-103468X,0,,429,0,0,0,0
ACC-43192325,Patient_3469,4/3/2025,F366+,98941,Provider_A,100,100,B,Geico Insurance,MID-103469X,0,,429,0,0,0,0
ACC-24886877,Patient_3470,4/9/2025,F366+,98941,Provider_B,100,100,B,Geico Insurance,MID-103470X,0,,429,0,0,0,0
ACC-78635271,Patient_3471,4/10/2025,F366+,98941,Provider_A,100,100,B,Geico Insurance,MID-103471X,0,,429,0,0,0,0
ACC-99928060,Patient_3472,4/17/2025,F366+,98941,Provider_B,100,100,B,Geico Insurance,MID-103472X,0,,429,0,0,0,0
ACC-35551237,Patient_3473,4/24/2025,F366+,98941,Provider_A,100,100,B,Geico Insurance,MID-103473X,0,,429,0,0,0,0
ACC-72135382,Patient_3474,4/28/2025,F366+,98941,Provider_B,100,100,B,Geico Insurance,MID-103474X,0,,429,0,0,0,0
ACC-43573911,Patient_3475,5/1/2025,F366+,98941,Provider_A,100,100,B,Geico Insurance,MID-103475X,0,,429,0,0,0,0
ACC-29307733,Patient_3476,5/7/2025,F366+,98941,Provider_B,100,100,B,Geico Insurance,MID-103476X,0,,429,0,0,0,0
ACC-31476368,Patient_3477,5/12/2025,F366+,98941,Provider_A,100,100,B,Geico Insurance,MID-103477X,0,,429,0,0,0,0
ACC-85004936,Patient_3478,5/14/2025,F366+,98941,Provider_B,100,100,B,Geico Insurance,MID-103478X,0,,429,0,0,0,0
ACC-18883895,Patient_3479,5/19/2025,F366+,98941,Provider_A,100,100,B,Geico Insurance,MID-103479X,0,,429,0,0,0,0
ACC-64238027,Patient_3480,5/28/2025,F366+,98941,Provider_B,100,100,B,Geico Insurance,MID-103480X,0,,429,0,0,0,0
ACC-98572255,Patient_3481,5/29/2025,F366+,98941,Provider_A,100,100,B,Geico Insurance,MID-103481X,0,,429,0,0,0,0
ACC-24880614,Patient_3482,6/2/2025,F366+,98941,Provider_B,100,100,B,Geico Insurance,MID-103482X,0,,429,0,0,0,0
ACC-87321181,Patient_3483,6/3/2025,F366+,98941,Provider_A,100,100,B,Geico Insurance,MID-103483X,0,,429,0,0,0,0
ACC-23629430,Patient_3484,6/5/2025,F366+,98941,Provider_B,100,100,B,Geico Insurance,MID-103484X,0,,429,0,0,0,0
ACC-14887803,Patient_3485,6/10/2025,F366+,98941,Provider_A,100,100,B,Geico Insurance,MID-103485X,0,,429,0,0,0,0
ACC-85689318,Patient_3486,6/11/2025,F366+,98941,Provider_B,100,100,B,Geico Insurance,MID-103486X,0,,429,0,0,0,0
ACC-78631077,Patient_3487,6/17/2025,F366+,98941,Provider_A,100,100,B,Geico Insurance,MID-103487X,0,,429,0,0,0,0
ACC-81143143,Patient_3488,6/23/2025,F366+,98941,Provider_B,100,100,B,Geico Insurance,MID-103488X,0,,429,0,0,0,0
ACC-90996483,Patient_3489,7/7/2025,F366+,98941,Provider_A,100,100,D,Geico Insurance,MID-103489X,0,,423,0,0,0,0
ACC-89675032,Patient_3490,7/21/2025,F366+,98941,Provider_B,100,100,D,Geico Insurance,MID-103490X,0,,409,0,0,0,0
ACC-17481910,Patient_3491,7/28/2025,F366+,98941,Provider_A,100,100,D,Geico Insurance,MID-103491X,0,,402,0,0,0,0
ACC-61542687,Patient_3492,8/6/2025,F366+,98941,Provider_B,100,100,D,Geico Insurance,MID-103492X,0,,393,0,0,0,0
ACC-97272440,Patient_3493,8/13/2025,F366+,98941,Provider_A,100,100,D,Geico Insurance,MID-103493X,0,,386,0,0,0,0
ACC-54532207,Patient_3494,8/20/2025,F366+,98941,Provider_B,100,100,D,Geico Insurance,MID-103494X,0,,379,0,0,0,0
ACC-75916835,Patient_3495,8/25/2025,F366+,98941,Provider_A,100,100,D,Geico Insurance,MID-103495X,0,,374,0,0,0,0
ACC-68663833,Patient_3496,9/15/2025,F366+,98941,Provider_B,100,100,D,Geico Insurance,MID-103496X,0,,353,0,0,0,0
ACC-45492251,Patient_3497,10/16/2025,A121-365,98941,Provider_A,100,100,D,Geico Insurance,MID-103497X,0,,322,0,0,0,0
ACC-72705222,Patient_3498,10/22/2025,A121-365,98941,Provider_B,100,100,D,Geico Insurance,MID-103498X,0,,316,0,0,0,0
ACC-39962477,Patient_3499,10/29/2025,A121-365,98941,Provider_A,100,100,D,Geico Insurance,MID-103499X,0,,309,0,0,0,0
ACC-72713336,Patient_3500,7/21/2025,F366+,98941,Provider_B,100,100,B,Sentry Insurance Company,MID-103500X,0,0000076613,407,0,0,0,0
ACC-54271244,Patient_3501,7/25/2025,F366+,98941,Provider_A,100,100,B,Sentry Insurance Company,MID-103501X,0,0000076854,402,0,0,0,0
ACC-15524893,Patient_3502,7/28/2025,F366+,98941,Provider_B,100,100,B,Sentry Insurance Company,MID-103502X,0,0000076941,400,0,0,0,0
ACC-33560878,Patient_3503,8/1/2025,F366+,98941,Provider_A,100,100,B,Sentry Insurance Company,MID-103503X,0,0000077131,395,0,0,0,0
ACC-22335243,Patient_3504,8/4/2025,F366+,98941,Provider_B,100,100,B,Sentry Insurance Company,MID-103504X,0,0000077226,393,0,0,0,0
ACC-98281741,Patient_3505,8/6/2025,F366+,98941,Provider_A,100,100,B,Sentry Insurance Company,MID-103505X,0,0000077355,391,0,0,0,0
ACC-36621842,Patient_3506,8/12/2025,F366+,98941,Provider_B,100,100,B,Sentry Insurance Company,MID-103506X,0,0000077648,381,0,0,0,0
ACC-30346900,Patient_3507,8/15/2025,F366+,98941,Provider_A,100,100,B,Sentry Insurance Company,MID-103507X,0,0000077649,381,0,0,0,0
ACC-70391149,Patient_3508,9/9/2025,F366+,98941,Provider_B,100,100,B,Sentry Insurance Company,MID-103508X,0,0000078787,356,0,0,0,0
ACC-77085207,Patient_3509,9/16/2025,F366+,98941,Provider_A,100,100,B,Sentry Insurance Company,MID-103509X,0,0000079060,349,0,0,0,0
ACC-86175829,Patient_3510,9/19/2025,F366+,72052,Provider_B,210,210,B,Sentry Insurance Company,MID-103510X,0,0000079145,346,0,0,0,0
ACC-58928724,Patient_3511,9/19/2025,F366+,72120,Provider_A,240,240,B,Sentry Insurance Company,MID-103511X,0,0000079145,346,0,0,0,0
ACC-52520018,Patient_3512,9/19/2025,F366+,98941,Provider_B,100,100,B,Sentry Insurance Company,MID-103512X,0,0000079145,346,0,0,0,0
ACC-70925473,Patient_3513,9/23/2025,F366+,98941,Provider_A,100,100,B,Sentry Insurance Company,MID-103513X,0,0000079310,342,0,0,0,0
ACC-37626018,Patient_3514,8/19/2026,A31-60,98941,Provider_B,100,15,B,Surest,MID-103514X,0,0000092728,13,0,0,50,35
ACC-19148892,Patient_3515,8/26/2026,A31-60,98941,Provider_A,100,15,B,Surest,MID-103515X,0,0000092921,6,0,0,50,35
ACC-87751953,Patient_3516,3/31/2025,F366+,72052,Provider_B,210,210,B,Fred Loya Insurance,MID-103516X,0,0000081714,293,0,0,0,0
ACC-29586298,Patient_3517,3/31/2025,F366+,72120,Provider_A,240,240,B,Fred Loya Insurance,MID-103517X,0,0000081714,293,0,0,0,0
ACC-82409464,Patient_3518,3/31/2025,F366+,99203 [25],Provider_B,275,275,B,Fred Loya Insurance,MID-103518X,0,0000081714,293,0,0,0,0
ACC-39237810,Patient_3519,4/3/2025,F366+,98941,Provider_A,100,100,B,Fred Loya Insurance,MID-103519X,0,0000081715,293,0,0,0,0
ACC-71534809,Patient_3520,8/19/2026,A31-60,97012 [GP],Provider_B,30,30,B,Presbyterian Health Plan,MID-103520X,0,0000092729,13,0,0,0,0
ACC-82230253,Patient_3521,8/19/2026,A31-60,98941,Provider_A,100,50,B,Presbyterian Health Plan,MID-103521X,0,0000092729,13,50,0,0,50
ACC-67760368,Patient_3522,8/24/2026,A31-60,97012 [GP],Provider_B,30,30,B,Presbyterian Health Plan,MID-103522X,0,0000092855,8,0,0,0,0
ACC-23058840,Patient_3523,8/24/2026,A31-60,98941,Provider_A,100,50,B,Presbyterian Health Plan,MID-103523X,0,0000092855,8,50,0,0,50
ACC-33615519,Patient_3524,8/31/2026,A0-30,97012 [GP],Provider_B,30,30,B,Presbyterian Health Plan,MID-103524X,0,0000093039,1,0,0,0,0
ACC-97963950,Patient_3525,8/31/2026,A0-30,98941,Provider_A,100,50,B,Presbyterian Health Plan,MID-103525X,0,0000093039,1,50,0,0,50
ACC-38921351,Patient_3526,4/7/2025,F366+,72040,Provider_B,90,90,B,USAA Insurance,MID-103526X,0,,364,0,0,0,0
ACC-84267331,Patient_3527,4/7/2025,F366+,72070,Provider_A,45,45,B,USAA Insurance,MID-103527X,0,,364,0,0,0,0
ACC-55961081,Patient_3528,4/7/2025,F366+,72100,Provider_B,50,50,B,USAA Insurance,MID-103528X,0,,364,0,0,0,0
ACC-90891115,Patient_3529,4/7/2025,F366+,98941,Provider_A,100,100,B,USAA Insurance,MID-103529X,0,,364,0,0,0,0
ACC-49960689,Patient_3530,4/7/2025,F366+,99203 [25],Provider_B,275,275,B,USAA Insurance,MID-103530X,0,,364,0,0,0,0
ACC-96168546,Patient_3531,4/8/2025,F366+,98941,Provider_A,100,100,B,USAA Insurance,MID-103531X,0,,364,0,0,0,0
ACC-57681383,Patient_3532,4/8/2025,F366+,99211 [25],Provider_B,75,75,B,USAA Insurance,MID-103532X,0,,364,0,0,0,0
ACC-82621625,Patient_3533,4/16/2025,F366+,98941,Provider_A,100,100,B,USAA Insurance,MID-103533X,0,,364,0,0,0,0
ACC-33851218,Patient_3534,4/16/2025,F366+,99211 [25],Provider_B,75,75,B,USAA Insurance,MID-103534X,0,,364,0,0,0,0
ACC-57584985,Patient_3535,4/23/2025,F366+,97039 [GP],Provider_A,60,60,B,USAA Insurance,MID-103535X,0,0000072455,449,0,0,0,0
ACC-81443481,Patient_3536,8/24/2026,A31-60,97012 [GP],Provider_B,30,30,B,United HealthCare,MID-103536X,0,0000092856,8,0,0,0,0
ACC-93445117,Patient_3537,4/3/2026,A121-365,98941,Provider_A,100,100,B,USAA Insurance,MID-103537X,0,0000092857,8,0,0,0,0
ACC-62594480,Patient_3538,7/29/2026,A61-90,98941 [AT],Provider_B,100,21.79,B,Humana Medicare,MID-103538X,0,,36,0,0,63.21,15
ACC-55280490,Patient_3539,8/26/2026,A31-60,98941 [AT],Provider_A,100,21.79,B,Humana Medicare,MID-103539X,0,,8,0,0,63.21,15
ACC-66131154,Patient_3540,8/7/2026,A31-60,98941 [AT],Provider_B,100,80,B,Novitas,MID-103540X,0,,27,20,0,0,20
ACC-83714819,Patient_3541,9/1/2026,A0-30,98941 [AT],Provider_A,100,80,B,Novitas,MID-103541X,0,,2,20,0,0,20
ACC-71003101,Patient_3542,8/20/2026,A31-60,97012 [GP],Provider_B,30,30,B,United HealthCare,MID-103542X,0,0000092805,10,0,0,0,0
ACC-59754207,Patient_3543,8/20/2026,A31-60,98941,Provider_A,100,40,B,United HealthCare,MID-103543X,0,0000092805,10,0,0,50,10
ACC-98383108,Patient_3544,11/12/2025,A121-365,98941,Provider_B,100,29.35,P,Blue Cross Blue Shield of New Mexico,MID-103544X,29.35,0000081725,281,0,0,33.97,7.33
ACC-26322666,Patient_3545,8/28/2024,F366+,98941,Provider_A,100,100,D,Blue Cross Blue Shield of New Mexico,MID-103545X,0,0000058182,0,0,0,0,0
ACC-57964087,Patient_3546,9/4/2024,F366+,98941,Provider_B,100,100,D,Blue Cross Blue Shield of New Mexico,MID-103546X,0,0000058385,0,0,0,0,0
ACC-95318052,Patient_3547,9/18/2024,F366+,98941,Provider_A,100,100,D,Blue Cross Blue Shield of New Mexico,MID-103547X,0,0000058946,0,0,0,0,0
ACC-98372304,Patient_3548,2/14/2025,F366+,98941,Provider_B,100,100,B,USAA Insurance,MID-103548X,0,0000081308,300,0,0,0,0
ACC-45712953,Patient_3549,2/14/2025,F366+,99211 [25],Provider_A,75,75,B,USAA Insurance,MID-103549X,0,0000081308,300,0,0,0,0
ACC-61255802,Patient_3550,2/19/2025,F366+,98941,Provider_B,100,100,B,USAA Insurance,MID-103550X,0,0000073871,442,0,0,0,0
ACC-61938739,Patient_3551,2/19/2025,F366+,99211 [25],Provider_A,75,75,B,USAA Insurance,MID-103551X,0,0000073871,442,0,0,0,0
ACC-99430587,Patient_3552,2/19/2025,F366+,E0761,Provider_B,50,50,B,USAA Insurance,MID-103552X,0,0000073871,442,0,0,0,0
ACC-20459517,Patient_3553,2/21/2025,F366+,98941,Provider_A,100,100,B,USAA Insurance,MID-103553X,0,0000070978,475,0,0,0,0
ACC-21146536,Patient_3554,2/21/2025,F366+,99211 [25],Provider_B,75,75,B,USAA Insurance,MID-103554X,0,0000070978,475,0,0,0,0
ACC-92978023,Patient_3555,3/3/2025,F366+,98941,Provider_A,100,100,B,USAA Insurance,MID-103555X,0,0000073872,442,0,0,0,0
ACC-25243464,Patient_3556,3/3/2025,F366+,99211 [25],Provider_B,75,75,B,USAA Insurance,MID-103556X,0,0000073872,442,0,0,0,0
ACC-85077412,Patient_3557,3/5/2025,F366+,98941,Provider_A,100,100,B,USAA Insurance,MID-103557X,0,0000081309,300,0,0,0,0
ACC-90568948,Patient_3558,3/5/2025,F366+,99211 [25],Provider_B,75,75,B,USAA Insurance,MID-103558X,0,0000081309,300,0,0,0,0
ACC-80160870,Patient_3559,3/12/2025,F366+,98941,Provider_A,100,100,B,USAA Insurance,MID-103559X,0,0000073873,442,0,0,0,0
ACC-76760692,Patient_3560,3/12/2025,F366+,99211 [25],Provider_B,75,75,B,USAA Insurance,MID-103560X,0,0000073873,442,0,0,0,0
ACC-24387263,Patient_3561,3/12/2025,F366+,E0761,Provider_A,50,50,B,USAA Insurance,MID-103561X,0,0000073873,442,0,0,0,0
ACC-30720098,Patient_3562,3/19/2025,F366+,98941,Provider_B,100,100,B,USAA Insurance,MID-103562X,0,0000073874,442,0,0,0,0
ACC-15012752,Patient_3563,3/19/2025,F366+,99211 [25],Provider_A,75,75,B,USAA Insurance,MID-103563X,0,0000073874,442,0,0,0,0
ACC-17659460,Patient_3564,3/19/2025,F366+,E0761,Provider_B,50,50,B,USAA Insurance,MID-103564X,0,0000073874,442,0,0,0,0
ACC-86545751,Patient_3565,3/26/2025,F366+,98941,Provider_A,100,100,B,USAA Insurance,MID-103565X,0,0000070983,475,0,0,0,0
ACC-50771705,Patient_3566,3/26/2025,F366+,99211 [25],Provider_B,75,75,B,USAA Insurance,MID-103566X,0,0000070983,475,0,0,0,0
ACC-63531653,Patient_3567,3/26/2025,F366+,E0761,Provider_A,50,50,B,USAA Insurance,MID-103567X,0,0000070983,475,0,0,0,0
ACC-61846629,Patient_3568,4/9/2025,F366+,98941,Provider_B,100,100,B,USAA Insurance,MID-103568X,0,0000070984,475,0,0,0,0
ACC-29476623,Patient_3569,4/9/2025,F366+,99211 [25],Provider_A,75,75,B,USAA Insurance,MID-103569X,0,0000070984,475,0,0,0,0
ACC-48350608,Patient_3570,4/9/2025,F366+,E0761,Provider_B,50,50,B,USAA Insurance,MID-103570X,0,0000070984,475,0,0,0,0
ACC-88618155,Patient_3571,4/16/2025,F366+,98941,Provider_A,100,100,B,USAA Insurance,MID-103571X,0,0000073875,442,0,0,0,0
ACC-45379502,Patient_3572,4/16/2025,F366+,99211 [25],Provider_B,75,75,B,USAA Insurance,MID-103572X,0,0000073875,442,0,0,0,0
ACC-94415754,Patient_3573,4/16/2025,F366+,E0761,Provider_A,50,50,B,USAA Insurance,MID-103573X,0,0000073875,442,0,0,0,0
ACC-93266171,Patient_3574,4/23/2025,F366+,98941,Provider_B,100,100,B,USAA Insurance,MID-103574X,0,0000070986,475,0,0,0,0
ACC-18188765,Patient_3575,4/23/2025,F366+,99211 [25],Provider_A,75,75,B,USAA Insurance,MID-103575X,0,0000070986,475,0,0,0,0
ACC-54893125,Patient_3576,4/23/2025,F366+,E0761,Provider_B,50,50,B,USAA Insurance,MID-103576X,0,0000070986,475,0,0,0,0
ACC-86330790,Patient_3577,4/30/2025,F366+,98941,Provider_A,100,100,B,USAA Insurance,MID-103577X,0,0000071229,470,0,0,0,0
ACC-69691195,Patient_3578,4/30/2025,F366+,99211 [25],Provider_B,75,75,B,USAA Insurance,MID-103578X,0,0000071229,470,0,0,0,0
ACC-49110068,Patient_3579,4/30/2025,F366+,E0761,Provider_A,50,50,B,USAA Insurance,MID-103579X,0,0000070987,475,0,0,0,0
ACC-65765881,Patient_3580,5/7/2025,F366+,98941,Provider_B,100,100,B,USAA Insurance,MID-103580X,0,0000070988,475,0,0,0,0
ACC-61970705,Patient_3581,5/7/2025,F366+,99211 [25],Provider_A,75,75,B,USAA Insurance,MID-103581X,0,0000070988,475,0,0,0,0
ACC-83438360,Patient_3582,5/7/2025,F366+,E0761,Provider_B,50,50,B,USAA Insurance,MID-103582X,0,0000070988,475,0,0,0,0
ACC-85206367,Patient_3583,5/14/2025,F366+,98941,Provider_A,100,100,B,USAA Insurance,MID-103583X,0,0000073876,442,0,0,0,0
ACC-91072710,Patient_3584,5/14/2025,F366+,99211 [25],Provider_B,75,75,B,USAA Insurance,MID-103584X,0,0000070989,475,0,0,0,0
ACC-78970677,Patient_3585,5/14/2025,F366+,E0761,Provider_A,50,50,B,USAA Insurance,MID-103585X,0,0000070989,475,0,0,0,0
ACC-30060803,Patient_3586,5/19/2025,F366+,98941,Provider_B,100,100,B,USAA Insurance,MID-103586X,0,0000071230,470,0,0,0,0
ACC-65765357,Patient_3587,5/19/2025,F366+,99211 [25],Provider_A,75,75,B,USAA Insurance,MID-103587X,0,0000071230,470,0,0,0,0
ACC-57013942,Patient_3588,5/19/2025,F366+,E0761,Provider_B,50,50,B,USAA Insurance,MID-103588X,0,0000071230,470,0,0,0,0
ACC-45401769,Patient_3589,5/28/2025,F366+,98941,Provider_A,100,100,B,USAA Insurance,MID-103589X,0,0000071590,461,0,0,0,0
ACC-42727920,Patient_3590,5/28/2025,F366+,99211 [25],Provider_B,75,75,B,USAA Insurance,MID-103590X,0,0000071590,461,0,0,0,0
ACC-76147538,Patient_3591,5/28/2025,F366+,E0761,Provider_A,50,50,B,USAA Insurance,MID-103591X,0,0000071590,461,0,0,0,0
ACC-45295122,Patient_3592,5/28/2025,F366+,S8948,Provider_B,60,60,B,USAA Insurance,MID-103592X,0,0000071590,461,0,0,0,0
ACC-90462899,Patient_3593,6/4/2025,F366+,98941,Provider_A,100,100,B,USAA Insurance,MID-103593X,0,0000071924,454,0,0,0,0
ACC-33871688,Patient_3594,6/4/2025,F366+,99211 [25],Provider_B,75,75,B,USAA Insurance,MID-103594X,0,0000071924,454,0,0,0,0
ACC-18593974,Patient_3595,6/4/2025,F366+,E0761,Provider_A,50,50,B,USAA Insurance,MID-103595X,0,0000071924,454,0,0,0,0
ACC-30847178,Patient_3596,6/4/2025,F366+,S8948,Provider_B,60,60,B,USAA Insurance,MID-103596X,0,0000071924,454,0,0,0,0
ACC-61388912,Patient_3597,6/11/2025,F366+,98941,Provider_A,100,100,B,USAA Insurance,MID-103597X,0,0000072842,447,0,0,0,0
ACC-25913727,Patient_3598,6/11/2025,F366+,99211 [25],Provider_B,75,75,B,USAA Insurance,MID-103598X,0,0000072842,447,0,0,0,0
ACC-97167459,Patient_3599,6/11/2025,F366+,E0761,Provider_A,50,50,B,USAA Insurance,MID-103599X,0,0000072842,447,0,0,0,0
ACC-64129400,Patient_3600,6/11/2025,F366+,S8948,Provider_B,60,60,B,USAA Insurance,MID-103600X,0,0000072842,447,0,0,0,0
ACC-82060546,Patient_3601,6/16/2025,F366+,98941,Provider_A,100,100,B,USAA Insurance,MID-103601X,0,0000073775,442,0,0,0,0
ACC-30820113,Patient_3602,6/16/2025,F366+,99211 [25],Provider_B,75,75,B,USAA Insurance,MID-103602X,0,0000073775,442,0,0,0,0
ACC-22569377,Patient_3603,6/16/2025,F366+,E0761,Provider_A,50,50,B,USAA Insurance,MID-103603X,0,0000073775,442,0,0,0,0
ACC-63249171,Patient_3604,6/16/2025,F366+,S8948,Provider_B,60,60,B,USAA Insurance,MID-103604X,0,0000073775,442,0,0,0,0
ACC-34969869,Patient_3605,6/20/2025,F366+,98941,Provider_A,100,100,B,USAA Insurance,MID-103605X,0,0000088620,132,0,0,0,0
ACC-43874699,Patient_3606,6/20/2025,F366+,99211 [25],Provider_B,75,75,B,USAA Insurance,MID-103606X,0,0000088620,132,0,0,0,0
ACC-52691050,Patient_3607,6/20/2025,F366+,S8948,Provider_A,60,60,B,USAA Insurance,MID-103607X,0,0000088620,132,0,0,0,0
ACC-16807725,Patient_3608,6/25/2025,F366+,98941,Provider_B,100,100,B,USAA Insurance,MID-103608X,0,0000074579,433,0,0,0,0
ACC-68592850,Patient_3609,6/25/2025,F366+,99211 [25],Provider_A,75,75,B,USAA Insurance,MID-103609X,0,0000074579,433,0,0,0,0
ACC-56291486,Patient_3610,6/25/2025,F366+,S8948,Provider_B,60,60,B,USAA Insurance,MID-103610X,0,0000074579,433,0,0,0,0
ACC-72508206,Patient_3611,6/30/2025,F366+,98941,Provider_A,100,100,B,USAA Insurance,MID-103611X,0,0000074934,428,0,0,0,0
ACC-59148376,Patient_3612,6/30/2025,F366+,99211 [25],Provider_B,75,75,B,USAA Insurance,MID-103612X,0,0000074934,428,0,0,0,0
ACC-74506027,Patient_3613,6/30/2025,F366+,S8948,Provider_A,60,60,B,USAA Insurance,MID-103613X,0,0000074934,428,0,0,0,0
ACC-83844322,Patient_3614,7/11/2025,F366+,98941,Provider_B,100,100,B,USAA Insurance,MID-103614X,0,0000075926,416,0,0,0,0
ACC-26752189,Patient_3615,7/11/2025,F366+,99211 [25],Provider_A,75,75,B,USAA Insurance,MID-103615X,0,0000075926,416,0,0,0,0
ACC-91145360,Patient_3616,7/11/2025,F366+,S8948,Provider_B,60,60,B,USAA Insurance,MID-103616X,0,0000075926,416,0,0,0,0
ACC-20322473,Patient_3617,7/14/2025,F366+,98941,Provider_A,100,100,B,USAA Insurance,MID-103617X,0,0000081310,300,0,0,0,0
ACC-39970732,Patient_3618,7/14/2025,F366+,99211 [25],Provider_B,75,75,B,USAA Insurance,MID-103618X,0,0000081310,300,0,0,0,0
ACC-70395287,Patient_3619,7/14/2025,F366+,S8948,Provider_A,60,60,B,USAA Insurance,MID-103619X,0,0000081310,300,0,0,0,0
ACC-21828900,Patient_3620,7/30/2025,F366+,98941,Provider_B,100,100,B,USAA Insurance,MID-103620X,0,0000077052,398,0,0,0,0
ACC-86703163,Patient_3621,7/30/2025,F366+,99211 [25],Provider_A,75,75,B,USAA Insurance,MID-103621X,0,0000077052,398,0,0,0,0
ACC-99775390,Patient_3622,7/30/2025,F366+,S8948,Provider_B,60,60,B,USAA Insurance,MID-103622X,0,0000077052,398,0,0,0,0
ACC-88018003,Patient_3623,8/6/2025,F366+,98941,Provider_A,100,100,B,USAA Insurance,MID-103623X,0,0000081311,300,0,0,0,0
ACC-15784263,Patient_3624,8/6/2025,F366+,99211 [25],Provider_B,75,75,B,USAA Insurance,MID-103624X,0,0000081311,300,0,0,0,0
ACC-14812904,Patient_3625,8/6/2025,F366+,S8948,Provider_A,60,60,B,USAA Insurance,MID-103625X,0,0000081311,300,0,0,0,0
ACC-49278304,Patient_3626,8/8/2025,F366+,98941,Provider_B,100,100,B,USAA Insurance,MID-103626X,0,0000077418,388,0,0,0,0
ACC-85834068,Patient_3627,8/8/2025,F366+,99211 [25],Provider_A,75,75,B,USAA Insurance,MID-103627X,0,0000077418,388,0,0,0,0
ACC-34014907,Patient_3628,8/8/2025,F366+,S8948,Provider_B,60,60,B,USAA Insurance,MID-103628X,0,0000077418,388,0,0,0,0
ACC-11080497,Patient_3629,8/12/2025,F366+,98941,Provider_A,100,100,B,USAA Insurance,MID-103629X,0,0000081312,300,0,0,0,0
ACC-95153347,Patient_3630,8/12/2025,F366+,99211 [25],Provider_B,75,75,B,USAA Insurance,MID-103630X,0,0000081312,300,0,0,0,0
ACC-84352885,Patient_3631,8/12/2025,F366+,S8948,Provider_A,60,60,B,USAA Insurance,MID-103631X,0,0000081312,300,0,0,0,0
ACC-38367516,Patient_3632,8/15/2025,F366+,98941,Provider_B,100,100,B,USAA Insurance,MID-103632X,0,0000081313,300,0,0,0,0
ACC-36454325,Patient_3633,8/15/2025,F366+,99211 [25],Provider_A,75,75,B,USAA Insurance,MID-103633X,0,0000081313,300,0,0,0,0
ACC-54208720,Patient_3634,8/15/2025,F366+,S8948,Provider_B,60,60,B,USAA Insurance,MID-103634X,0,0000081313,300,0,0,0,0
ACC-44320464,Patient_3635,8/19/2025,F366+,98941,Provider_A,100,100,B,USAA Insurance,MID-103635X,0,,284,0,0,0,0
ACC-67589126,Patient_3636,8/19/2025,F366+,99211 [25],Provider_B,75,75,B,USAA Insurance,MID-103636X,0,,284,0,0,0,0
ACC-82349741,Patient_3637,8/19/2025,F366+,S8948,Provider_A,60,60,B,USAA Insurance,MID-103637X,0,,284,0,0,0,0
ACC-92794823,Patient_3638,8/26/2025,F366+,98941,Provider_B,100,100,B,USAA Insurance,MID-103638X,0,,284,0,0,0,0
ACC-44867306,Patient_3639,8/26/2025,F366+,99211 [25],Provider_A,75,75,B,USAA Insurance,MID-103639X,0,,284,0,0,0,0
ACC-51136877,Patient_3640,8/26/2025,F366+,S8948,Provider_B,60,60,B,USAA Insurance,MID-103640X,0,,284,0,0,0,0
ACC-65405002,Patient_3641,8/29/2025,F366+,98941,Provider_A,100,100,B,USAA Insurance,MID-103641X,0,,284,0,0,0,0
ACC-19349370,Patient_3642,8/29/2025,F366+,99211 [25],Provider_B,75,75,B,USAA Insurance,MID-103642X,0,,284,0,0,0,0
ACC-33089510,Patient_3643,8/29/2025,F366+,S8948,Provider_A,60,60,B,USAA Insurance,MID-103643X,0,,284,0,0,0,0
ACC-11662651,Patient_3644,9/3/2025,F366+,98941,Provider_B,100,100,B,USAA Insurance,MID-103644X,0,,284,0,0,0,0
ACC-73590110,Patient_3645,9/3/2025,F366+,99211 [25],Provider_A,75,75,B,USAA Insurance,MID-103645X,0,,284,0,0,0,0
ACC-22295635,Patient_3646,9/3/2025,F366+,S8948,Provider_B,60,60,B,USAA Insurance,MID-103646X,0,,284,0,0,0,0
ACC-44775810,Patient_3647,9/9/2025,F366+,98941,Provider_A,100,100,B,USAA Insurance,MID-103647X,0,,284,0,0,0,0
ACC-55024165,Patient_3648,9/9/2025,F366+,99212 [25],Provider_B,100,100,B,USAA Insurance,MID-103648X,0,,284,0,0,0,0
ACC-90555132,Patient_3649,9/9/2025,F366+,S8948,Provider_A,60,60,B,USAA Insurance,MID-103649X,0,,284,0,0,0,0
ACC-18342797,Patient_3650,9/12/2025,F366+,98941,Provider_B,100,100,B,USAA Insurance,MID-103650X,0,,284,0,0,0,0
ACC-55822506,Patient_3651,9/12/2025,F366+,99212 [25],Provider_A,100,100,B,USAA Insurance,MID-103651X,0,,284,0,0,0,0
ACC-11909544,Patient_3652,9/12/2025,F366+,S8948,Provider_B,60,60,B,USAA Insurance,MID-103652X,0,,284,0,0,0,0
ACC-33718887,Patient_3653,9/16/2025,F366+,98941,Provider_A,100,100,B,USAA Insurance,MID-103653X,0,,284,0,0,0,0
ACC-31562818,Patient_3654,9/16/2025,F366+,99212 [25],Provider_B,100,100,B,USAA Insurance,MID-103654X,0,,284,0,0,0,0
ACC-92813036,Patient_3655,9/16/2025,F366+,S8948,Provider_A,60,60,B,USAA Insurance,MID-103655X,0,,284,0,0,0,0
ACC-36138046,Patient_3656,9/19/2025,F366+,98941,Provider_B,100,100,B,USAA Insurance,MID-103656X,0,,284,0,0,0,0
ACC-11567854,Patient_3657,9/19/2025,F366+,99212 [25],Provider_A,100,100,B,USAA Insurance,MID-103657X,0,,284,0,0,0,0
ACC-47784821,Patient_3658,9/19/2025,F366+,S8948,Provider_B,60,60,B,USAA Insurance,MID-103658X,0,,284,0,0,0,0
ACC-37799888,Patient_3659,9/24/2025,F366+,98941,Provider_A,100,100,B,USAA Insurance,MID-103659X,0,0000088621,132,0,0,0,0
ACC-92288142,Patient_3660,9/24/2025,F366+,99212 [25],Provider_B,100,100,B,USAA Insurance,MID-103660X,0,0000088621,132,0,0,0,0
ACC-64403988,Patient_3661,9/24/2025,F366+,S8948,Provider_A,60,60,B,USAA Insurance,MID-103661X,0,0000088621,132,0,0,0,0
ACC-27380544,Patient_3662,10/3/2025,A121-365,98941,Provider_B,100,100,B,USAA Insurance,MID-103662X,0,0000081323,300,0,0,0,0
ACC-84299402,Patient_3663,10/3/2025,A121-365,99212 [25],Provider_A,100,100,B,USAA Insurance,MID-103663X,0,0000081323,300,0,0,0,0
ACC-77465012,Patient_3664,10/3/2025,A121-365,S8948,Provider_B,60,60,B,USAA Insurance,MID-103664X,0,0000081323,300,0,0,0,0
ACC-96403529,Patient_3665,10/24/2025,A121-365,98941,Provider_A,100,100,B,USAA Insurance,MID-103665X,0,0000081324,300,0,0,0,0
ACC-69605116,Patient_3666,10/24/2025,A121-365,99212 [25],Provider_B,100,100,B,USAA Insurance,MID-103666X,0,0000081324,300,0,0,0,0
ACC-66795467,Patient_3667,10/24/2025,A121-365,S8948,Provider_A,60,60,B,USAA Insurance,MID-103667X,0,0000081324,300,0,0,0,0
ACC-72299360,Patient_3668,10/31/2025,A121-365,98941,Provider_B,100,100,B,USAA Insurance,MID-103668X,0,0000081325,300,0,0,0,0
ACC-24160390,Patient_3669,10/31/2025,A121-365,99212 [25],Provider_A,100,100,B,USAA Insurance,MID-103669X,0,0000081325,300,0,0,0,0
ACC-57860496,Patient_3670,10/31/2025,A121-365,S8948,Provider_B,60,60,B,USAA Insurance,MID-103670X,0,0000081325,300,0,0,0,0
ACC-52668999,Patient_3671,8/25/2026,A31-60,97012 [GP],Provider_A,30,30,B,Presbyterian Health Plan,MID-103671X,0,0000092922,6,0,0,0,0
ACC-80617063,Patient_3672,8/25/2026,A31-60,98941,Provider_B,100,7.23,B,Presbyterian Health Plan,MID-103672X,0,0000092922,6,0,0,62.77,30
ACC-56131054,Patient_3673,8/27/2026,A31-60,98943,Provider_A,50,50,B,Presbyterian Health Plan,MID-103673X,0,0000092987,3,0,0,0,0
ACC-18989078,Patient_3674,8/27/2026,A31-60,E0761,Provider_B,50,50,B,Presbyterian Health Plan,MID-103674X,0,0000092987,3,0,0,0,0
ACC-80975041,Patient_3675,9/2/2026,A0-30,98943,Provider_A,50,50,B,Presbyterian Health Plan,MID-103675X,0,0000093114,0,0,0,0,0
ACC-77467441,Patient_3676,9/2/2026,A0-30,E0761,Provider_B,50,50,B,Presbyterian Health Plan,MID-103676X,0,0000093114,0,0,0,0,0
ACC-98446065,Patient_3677,5/9/2025,F366+,98941,Provider_A,100,100,B,USAA Insurance,MID-103677X,0,0000073877,442,0,0,0,0
ACC-46551301,Patient_3678,5/9/2025,F366+,99211 [25],Provider_B,75,75,B,USAA Insurance,MID-103678X,0,0000073877,442,0,0,0,0
ACC-10995664,Patient_3679,5/9/2025,F366+,S8948,Provider_A,60,60,B,USAA Insurance,MID-103679X,0,0000073877,442,0,0,0,0
ACC-96983807,Patient_3680,5/12/2025,F366+,98941,Provider_B,100,100,B,USAA Insurance,MID-103680X,0,0000073878,442,0,0,0,0
ACC-81150786,Patient_3681,5/12/2025,F366+,99211 [25],Provider_A,75,75,B,USAA Insurance,MID-103681X,0,0000073878,442,0,0,0,0
ACC-40794264,Patient_3682,5/12/2025,F366+,S8948,Provider_B,60,60,B,USAA Insurance,MID-103682X,0,0000073878,442,0,0,0,0
ACC-52817487,Patient_3683,6/18/2025,F366+,98941 [AT],Provider_A,100,100,B,Humana Medicare,MID-103683X,0,0000074009,440,0,0,0,0
ACC-97149982,Patient_3684,7/2/2025,F366+,98941 [AT],Provider_B,100,100,B,Humana Medicare,MID-103684X,0,0000075117,426,0,0,0,0
ACC-34627636,Patient_3685,7/29/2026,A61-90,98941 [AT],Provider_A,100,18.25,B,Humana Medicare,MID-103685X,0,,36,0,0,63.14,18.61
ACC-50861155,Patient_3686,8/12/2026,A31-60,98941 [AT],Provider_B,100,18.25,B,Humana Medicare,MID-103686X,0,,22,0,0,63.14,18.61
ACC-66539594,Patient_3687,8/26/2026,A31-60,98941 [AT],Provider_A,100,18.25,B,Humana Medicare,MID-103687X,0,,8,0,0,63.14,18.61
ACC-95462292,Patient_3688,5/14/2025,F366+,72050,Provider_B,210,210,B,State Farm Insurance,MID-103688X,0,0000089829,101,0,0,0,0
ACC-61102663,Patient_3689,5/14/2025,F366+,72070,Provider_A,45,45,B,State Farm Insurance,MID-103689X,0,0000089829,101,0,0,0,0
ACC-31810073,Patient_3690,5/14/2025,F366+,72100,Provider_B,50,50,B,State Farm Insurance,MID-103690X,0,0000089829,101,0,0,0,0
ACC-29283458,Patient_3691,5/14/2025,F366+,98941,Provider_A,100,100,B,State Farm Insurance,MID-103691X,0,0000089829,101,0,0,0,0
ACC-61196215,Patient_3692,5/14/2025,F366+,99203 [25],Provider_B,275,275,B,State Farm Insurance,MID-103692X,0,0000089829,101,0,0,0,0
ACC-93547717,Patient_3693,5/14/2025,F366+,E0761,Provider_A,50,50,B,State Farm Insurance,MID-103693X,0,0000089829,101,0,0,0,0
ACC-29154209,Patient_3694,5/14/2025,F366+,S8948,Provider_B,60,60,B,State Farm Insurance,MID-103694X,0,0000089829,101,0,0,0,0
ACC-70724119,Patient_3695,5/16/2025,F366+,98941,Provider_A,100,100,B,State Farm Insurance,MID-103695X,0,0000089830,101,0,0,0,0
ACC-32421276,Patient_3696,5/16/2025,F366+,99183,Provider_B,100,100,B,State Farm Insurance,MID-103696X,0,0000089830,101,0,0,0,0
ACC-72460603,Patient_3697,5/16/2025,F366+,E0761,Provider_A,50,50,B,State Farm Insurance,MID-103697X,0,0000089830,101,0,0,0,0
ACC-84002358,Patient_3698,5/16/2025,F366+,G0277,Provider_B,150,150,B,State Farm Insurance,MID-103698X,0,0000089830,101,0,0,0,0
ACC-42775151,Patient_3699,5/16/2025,F366+,S8948,Provider_A,60,60,B,State Farm Insurance,MID-103699X,0,0000089830,101,0,0,0,0
ACC-55540616,Patient_3700,5/19/2025,F366+,98941,Provider_B,100,100,B,State Farm Insurance,MID-103700X,0,0000089831,101,0,0,0,0
ACC-63389575,Patient_3701,5/19/2025,F366+,99183,Provider_A,100,100,B,State Farm Insurance,MID-103701X,0,0000089831,101,0,0,0,0
ACC-26306177,Patient_3702,5/19/2025,F366+,E0761,Provider_B,50,50,B,State Farm Insurance,MID-103702X,0,0000089831,101,0,0,0,0
ACC-74773646,Patient_3703,5/19/2025,F366+,G0277,Provider_A,150,150,B,State Farm Insurance,MID-103703X,0,0000089831,101,0,0,0,0
ACC-40056305,Patient_3704,5/19/2025,F366+,S8948,Provider_B,60,60,B,State Farm Insurance,MID-103704X,0,0000089831,101,0,0,0,0
ACC-19836870,Patient_3705,5/23/2025,F366+,98941,Provider_A,100,100,B,State Farm Insurance,MID-103705X,0,0000089832,101,0,0,0,0
ACC-18517448,Patient_3706,5/23/2025,F366+,S8948,Provider_B,60,60,B,State Farm Insurance,MID-103706X,0,0000089832,101,0,0,0,0
ACC-45403783,Patient_3707,5/28/2025,F366+,98941,Provider_A,100,100,B,State Farm Insurance,MID-103707X,0,0000089833,101,0,0,0,0
ACC-76534454,Patient_3708,5/28/2025,F366+,E0761,Provider_B,50,50,B,State Farm Insurance,MID-103708X,0,0000089833,101,0,0,0,0
ACC-95623304,Patient_3709,5/28/2025,F366+,S8948,Provider_A,60,60,B,State Farm Insurance,MID-103709X,0,0000089833,101,0,0,0,0
ACC-91340866,Patient_3710,5/30/2025,F366+,98941,Provider_B,100,100,B,State Farm Insurance,MID-103710X,0,0000089834,101,0,0,0,0
ACC-25098618,Patient_3711,5/30/2025,F366+,99183,Provider_A,100,100,B,State Farm Insurance,MID-103711X,0,0000089834,101,0,0,0,0
ACC-16195957,Patient_3712,5/30/2025,F366+,E0761,Provider_B,50,50,B,State Farm Insurance,MID-103712X,0,0000089834,101,0,0,0,0
ACC-32075860,Patient_3713,5/30/2025,F366+,G0277,Provider_A,150,150,B,State Farm Insurance,MID-103713X,0,0000089834,101,0,0,0,0
ACC-44917622,Patient_3714,5/30/2025,F366+,S8948,Provider_B,60,60,B,State Farm Insurance,MID-103714X,0,0000089834,101,0,0,0,0
ACC-50084554,Patient_3715,6/2/2025,F366+,98941,Provider_A,100,100,B,State Farm Insurance,MID-103715X,0,0000089835,101,0,0,0,0
ACC-21463726,Patient_3716,6/2/2025,F366+,E0761,Provider_B,50,50,B,State Farm Insurance,MID-103716X,0,0000089835,101,0,0,0,0
ACC-82736753,Patient_3717,6/2/2025,F366+,S8948,Provider_A,60,60,B,State Farm Insurance,MID-103717X,0,0000089835,101,0,0,0,0
ACC-62472635,Patient_3718,6/4/2025,F366+,98941,Provider_B,100,100,B,State Farm Insurance,MID-103718X,0,0000089836,101,0,0,0,0
ACC-35891719,Patient_3719,6/4/2025,F366+,E0761,Provider_A,50,50,B,State Farm Insurance,MID-103719X,0,0000089836,101,0,0,0,0
ACC-62167722,Patient_3720,6/4/2025,F366+,S8948,Provider_B,60,60,B,State Farm Insurance,MID-103720X,0,0000089836,101,0,0,0,0
ACC-79806139,Patient_3721,6/6/2025,F366+,98941,Provider_A,100,100,B,State Farm Insurance,MID-103721X,0,0000089837,101,0,0,0,0
ACC-89651383,Patient_3722,6/6/2025,F366+,E0761,Provider_B,50,50,B,State Farm Insurance,MID-103722X,0,0000089837,101,0,0,0,0
ACC-46012881,Patient_3723,6/6/2025,F366+,S8948,Provider_A,60,60,B,State Farm Insurance,MID-103723X,0,0000089837,101,0,0,0,0
ACC-71507353,Patient_3724,6/9/2025,F366+,98941,Provider_B,100,100,B,State Farm Insurance,MID-103724X,0,0000089838,101,0,0,0,0
ACC-35215740,Patient_3725,6/9/2025,F366+,99183,Provider_A,100,100,B,State Farm Insurance,MID-103725X,0,0000089838,101,0,0,0,0
ACC-39235007,Patient_3726,6/9/2025,F366+,E0761,Provider_B,50,50,B,State Farm Insurance,MID-103726X,0,0000089838,101,0,0,0,0
ACC-11793342,Patient_3727,6/9/2025,F366+,G0277,Provider_A,150,150,B,State Farm Insurance,MID-103727X,0,0000089838,101,0,0,0,0
ACC-72416024,Patient_3728,6/9/2025,F366+,S8948,Provider_B,60,60,B,State Farm Insurance,MID-103728X,0,0000089838,101,0,0,0,0
ACC-83244007,Patient_3729,6/11/2025,F366+,98941,Provider_A,100,100,B,State Farm Insurance,MID-103729X,0,0000089839,101,0,0,0,0
ACC-47585085,Patient_3730,6/11/2025,F366+,99211 [25],Provider_B,75,75,B,State Farm Insurance,MID-103730X,0,0000089839,101,0,0,0,0
ACC-37313976,Patient_3731,6/11/2025,F366+,E0761,Provider_A,50,50,B,State Farm Insurance,MID-103731X,0,0000089839,101,0,0,0,0
ACC-37095004,Patient_3732,6/11/2025,F366+,S8948,Provider_B,60,60,B,State Farm Insurance,MID-103732X,0,0000089839,101,0,0,0,0
ACC-52037061,Patient_3733,6/13/2025,F366+,98941,Provider_A,100,100,B,State Farm Insurance,MID-103733X,0,0000089840,101,0,0,0,0
ACC-97690985,Patient_3734,6/13/2025,F366+,99211 [25],Provider_B,75,75,B,State Farm Insurance,MID-103734X,0,0000089840,101,0,0,0,0
ACC-21991164,Patient_3735,6/13/2025,F366+,E0761,Provider_A,50,50,B,State Farm Insurance,MID-103735X,0,0000089840,101,0,0,0,0
ACC-31339414,Patient_3736,6/13/2025,F366+,S8948,Provider_B,60,60,B,State Farm Insurance,MID-103736X,0,0000089840,101,0,0,0,0
ACC-92852237,Patient_3737,6/16/2025,F366+,98941,Provider_A,100,100,B,State Farm Insurance,MID-103737X,0,0000089841,101,0,0,0,0
ACC-24391582,Patient_3738,6/16/2025,F366+,99183,Provider_B,100,100,B,State Farm Insurance,MID-103738X,0,0000089841,101,0,0,0,0
ACC-12573559,Patient_3739,6/16/2025,F366+,99211 [25],Provider_A,75,75,B,State Farm Insurance,MID-103739X,0,0000089841,101,0,0,0,0
ACC-91742889,Patient_3740,6/16/2025,F366+,E0761,Provider_B,50,50,B,State Farm Insurance,MID-103740X,0,0000089841,101,0,0,0,0
ACC-99823475,Patient_3741,6/16/2025,F366+,G0277,Provider_A,150,150,B,State Farm Insurance,MID-103741X,0,0000089841,101,0,0,0,0
ACC-80949130,Patient_3742,6/16/2025,F366+,S8948,Provider_B,60,60,B,State Farm Insurance,MID-103742X,0,0000089841,101,0,0,0,0
ACC-91075461,Patient_3743,6/20/2025,F366+,98941,Provider_A,100,100,B,State Farm Insurance,MID-103743X,0,0000089842,101,0,0,0,0
ACC-93928443,Patient_3744,6/20/2025,F366+,99211 [25],Provider_B,75,75,B,State Farm Insurance,MID-103744X,0,0000089842,101,0,0,0,0
ACC-18832673,Patient_3745,6/20/2025,F366+,E0761,Provider_A,50,50,B,State Farm Insurance,MID-103745X,0,0000089842,101,0,0,0,0
ACC-58749247,Patient_3746,6/20/2025,F366+,S8948,Provider_B,60,60,B,State Farm Insurance,MID-103746X,0,0000089842,101,0,0,0,0
ACC-27080233,Patient_3747,6/25/2025,F366+,98941,Provider_A,100,100,B,State Farm Insurance,MID-103747X,0,0000089843,101,0,0,0,0
ACC-86547636,Patient_3748,6/25/2025,F366+,99211 [25],Provider_B,75,75,B,State Farm Insurance,MID-103748X,0,0000089843,101,0,0,0,0
ACC-22564108,Patient_3749,6/25/2025,F366+,E0761,Provider_A,50,50,B,State Farm Insurance,MID-103749X,0,0000089843,101,0,0,0,0
ACC-54277392,Patient_3750,6/25/2025,F366+,S8948,Provider_B,60,60,B,State Farm Insurance,MID-103750X,0,0000089843,101,0,0,0,0
ACC-88119402,Patient_3751,6/27/2025,F366+,98941,Provider_A,100,100,B,State Farm Insurance,MID-103751X,0,0000089844,101,0,0,0,0
ACC-56569385,Patient_3752,6/27/2025,F366+,99211 [25],Provider_B,75,75,B,State Farm Insurance,MID-103752X,0,0000089844,101,0,0,0,0
ACC-88472071,Patient_3753,6/27/2025,F366+,E0761,Provider_A,50,50,B,State Farm Insurance,MID-103753X,0,0000089844,101,0,0,0,0
ACC-99005687,Patient_3754,6/27/2025,F366+,S8948,Provider_B,60,60,B,State Farm Insurance,MID-103754X,0,0000089844,101,0,0,0,0
ACC-20235423,Patient_3755,6/30/2025,F366+,98941,Provider_A,100,100,B,State Farm Insurance,MID-103755X,0,0000089845,101,0,0,0,0
ACC-56749333,Patient_3756,6/30/2025,F366+,99183,Provider_B,100,100,B,State Farm Insurance,MID-103756X,0,0000089845,101,0,0,0,0
ACC-67286867,Patient_3757,6/30/2025,F366+,99211 [25],Provider_A,75,75,B,State Farm Insurance,MID-103757X,0,0000089845,101,0,0,0,0
ACC-40966571,Patient_3758,6/30/2025,F366+,E0761,Provider_B,50,50,B,State Farm Insurance,MID-103758X,0,0000089845,101,0,0,0,0
ACC-47715235,Patient_3759,6/30/2025,F366+,G0277,Provider_A,150,150,B,State Farm Insurance,MID-103759X,0,0000089845,101,0,0,0,0
ACC-41625162,Patient_3760,6/30/2025,F366+,S8948,Provider_B,60,60,B,State Farm Insurance,MID-103760X,0,0000089845,101,0,0,0,0
ACC-48705515,Patient_3761,7/2/2025,F366+,98941,Provider_A,100,100,B,State Farm Insurance,MID-103761X,0,0000089846,101,0,0,0,0
ACC-55163371,Patient_3762,7/2/2025,F366+,99211 [25],Provider_B,75,75,B,State Farm Insurance,MID-103762X,0,0000089846,101,0,0,0,0
ACC-33104241,Patient_3763,7/2/2025,F366+,E0761,Provider_A,50,50,B,State Farm Insurance,MID-103763X,0,0000089846,101,0,0,0,0
ACC-46443947,Patient_3764,7/7/2025,F366+,98941,Provider_B,100,100,B,State Farm Insurance,MID-103764X,0,0000089847,101,0,0,0,0
ACC-67519244,Patient_3765,7/7/2025,F366+,99211 [25],Provider_A,75,75,B,State Farm Insurance,MID-103765X,0,0000089847,101,0,0,0,0
ACC-66617208,Patient_3766,7/7/2025,F366+,E0761,Provider_B,50,50,B,State Farm Insurance,MID-103766X,0,0000089847,101,0,0,0,0
ACC-40274971,Patient_3767,7/7/2025,F366+,S8948,Provider_A,60,60,B,State Farm Insurance,MID-103767X,0,0000089847,101,0,0,0,0
ACC-55033907,Patient_3768,7/9/2025,F366+,98941,Provider_B,100,100,B,State Farm Insurance,MID-103768X,0,0000089848,101,0,0,0,0
ACC-13270411,Patient_3769,7/9/2025,F366+,99211 [25],Provider_A,75,75,B,State Farm Insurance,MID-103769X,0,0000089848,101,0,0,0,0
ACC-15985279,Patient_3770,7/9/2025,F366+,E0761,Provider_B,50,50,B,State Farm Insurance,MID-103770X,0,0000089848,101,0,0,0,0
ACC-37974008,Patient_3771,7/16/2025,F366+,98941,Provider_A,100,100,B,State Farm Insurance,MID-103771X,0,0000089849,101,0,0,0,0
ACC-72637423,Patient_3772,7/16/2025,F366+,99211 [25],Provider_B,75,75,B,State Farm Insurance,MID-103772X,0,0000089849,101,0,0,0,0
ACC-16776155,Patient_3773,7/16/2025,F366+,E0761,Provider_A,50,50,D,State Farm Insurance,MID-103773X,0,,414,0,0,0,0
ACC-92518231,Patient_3774,7/16/2025,F366+,S8948,Provider_B,60,60,D,State Farm Insurance,MID-103774X,0,,414,0,0,0,0
ACC-18089119,Patient_3775,7/21/2025,F366+,98941,Provider_A,100,100,B,State Farm Insurance,MID-103775X,0,0000089850,101,0,0,0,0
ACC-35426597,Patient_3776,7/21/2025,F366+,99211 [25],Provider_B,75,75,B,State Farm Insurance,MID-103776X,0,0000089850,101,0,0,0,0
ACC-61709001,Patient_3777,7/21/2025,F366+,E0761,Provider_A,50,50,B,State Farm Insurance,MID-103777X,0,0000089850,101,0,0,0,0
ACC-98130421,Patient_3778,7/21/2025,F366+,S8948,Provider_B,60,60,D,State Farm Insurance,MID-103778X,0,,409,0,0,0,0
ACC-29610808,Patient_3779,7/25/2025,F366+,98941,Provider_A,100,100,B,State Farm Insurance,MID-103779X,0,0000089851,101,0,0,0,0
ACC-21855962,Patient_3780,7/25/2025,F366+,99211 [25],Provider_B,75,75,B,State Farm Insurance,MID-103780X,0,0000089851,101,0,0,0,0
ACC-18858627,Patient_3781,7/25/2025,F366+,E0761,Provider_A,50,50,B,State Farm Insurance,MID-103781X,0,0000089851,101,0,0,0,0
ACC-96767340,Patient_3782,7/25/2025,F366+,S8948,Provider_B,60,60,B,State Farm Insurance,MID-103782X,0,0000089851,101,0,0,0,0
ACC-49019505,Patient_3783,7/29/2025,F366+,98941,Provider_A,100,100,B,State Farm Insurance,MID-103783X,0,0000089852,101,0,0,0,0
ACC-86063947,Patient_3784,7/29/2025,F366+,99211 [25],Provider_B,75,75,B,State Farm Insurance,MID-103784X,0,0000089852,101,0,0,0,0
ACC-88912729,Patient_3785,7/29/2025,F366+,E0761,Provider_A,50,50,B,State Farm Insurance,MID-103785X,0,0000089852,101,0,0,0,0
ACC-31467409,Patient_3786,7/29/2025,F366+,S8948,Provider_B,60,60,B,State Farm Insurance,MID-103786X,0,0000089852,101,0,0,0,0
ACC-98203274,Patient_3787,8/1/2025,F366+,98941,Provider_A,100,100,B,State Farm Insurance,MID-103787X,0,0000089853,101,0,0,0,0
ACC-44623934,Patient_3788,8/1/2025,F366+,99211 [25],Provider_B,75,75,B,State Farm Insurance,MID-103788X,0,0000089853,101,0,0,0,0
ACC-23879293,Patient_3789,8/1/2025,F366+,E0761,Provider_A,50,50,B,State Farm Insurance,MID-103789X,0,0000089853,101,0,0,0,0
ACC-60879395,Patient_3790,8/1/2025,F366+,S8948,Provider_B,60,60,B,State Farm Insurance,MID-103790X,0,0000089853,101,0,0,0,0
ACC-15973852,Patient_3791,8/5/2025,F366+,72050,Provider_A,210,210,B,State Farm Insurance,MID-103791X,0,0000089854,101,0,0,0,0
ACC-31744932,Patient_3792,8/5/2025,F366+,72070,Provider_B,45,45,B,State Farm Insurance,MID-103792X,0,0000089854,101,0,0,0,0
ACC-98999139,Patient_3793,8/5/2025,F366+,72100,Provider_A,50,50,B,State Farm Insurance,MID-103793X,0,0000089854,101,0,0,0,0
ACC-20695398,Patient_3794,8/5/2025,F366+,98941,Provider_B,100,100,B,State Farm Insurance,MID-103794X,0,0000089854,101,0,0,0,0
ACC-95363429,Patient_3795,8/5/2025,F366+,99211 [25],Provider_A,75,75,B,State Farm Insurance,MID-103795X,0,0000089854,101,0,0,0,0
ACC-49878903,Patient_3796,8/5/2025,F366+,E0761,Provider_B,50,50,B,State Farm Insurance,MID-103796X,0,0000089854,101,0,0,0,0
ACC-90532289,Patient_3797,8/8/2025,F366+,97039 [GP],Provider_A,60,60,B,State Farm Insurance,MID-103797X,0,0000089855,101,0,0,0,0
ACC-76161767,Patient_3798,8/8/2025,F366+,98941,Provider_B,100,100,B,State Farm Insurance,MID-103798X,0,0000089855,101,0,0,0,0
ACC-81074185,Patient_3799,8/8/2025,F366+,99211 [25],Provider_A,75,75,B,State Farm Insurance,MID-103799X,0,0000089855,101,0,0,0,0
ACC-11356802,Patient_3800,8/8/2025,F366+,E0761,Provider_B,50,50,B,State Farm Insurance,MID-103800X,0,0000089855,101,0,0,0,0
ACC-43215645,Patient_3801,8/11/2025,F366+,97039 [GP],Provider_A,60,60,B,State Farm Insurance,MID-103801X,0,0000089856,101,0,0,0,0
ACC-79651240,Patient_3802,8/11/2025,F366+,98941,Provider_B,100,100,B,State Farm Insurance,MID-103802X,0,0000089856,101,0,0,0,0
ACC-36482867,Patient_3803,8/11/2025,F366+,99211 [25],Provider_A,75,75,B,State Farm Insurance,MID-103803X,0,0000089856,101,0,0,0,0
ACC-36696804,Patient_3804,8/11/2025,F366+,E0761,Provider_B,50,50,B,State Farm Insurance,MID-103804X,0,0000089856,101,0,0,0,0
ACC-93862059,Patient_3805,8/15/2025,F366+,97039 [GP],Provider_A,60,60,B,State Farm Insurance,MID-103805X,0,0000089857,101,0,0,0,0
ACC-90621290,Patient_3806,8/15/2025,F366+,98941,Provider_B,100,100,B,State Farm Insurance,MID-103806X,0,0000089857,101,0,0,0,0
ACC-29629732,Patient_3807,8/15/2025,F366+,99212,Provider_A,100,100,B,State Farm Insurance,MID-103807X,0,0000089857,101,0,0,0,0
ACC-80091779,Patient_3808,8/15/2025,F366+,E0761,Provider_B,50,50,B,State Farm Insurance,MID-103808X,0,0000089857,101,0,0,0,0
ACC-15824064,Patient_3809,8/19/2025,F366+,97039 [GP],Provider_A,60,60,B,State Farm Insurance,MID-103809X,0,0000089858,101,0,0,0,0
ACC-19232878,Patient_3810,8/19/2025,F366+,98941,Provider_B,100,100,B,State Farm Insurance,MID-103810X,0,0000089858,101,0,0,0,0
ACC-32434201,Patient_3811,8/19/2025,F366+,99212,Provider_A,100,100,B,State Farm Insurance,MID-103811X,0,0000089858,101,0,0,0,0
ACC-79241872,Patient_3812,8/19/2025,F366+,E0761,Provider_B,50,50,B,State Farm Insurance,MID-103812X,0,0000089858,101,0,0,0,0
ACC-94839420,Patient_3813,8/25/2025,F366+,97039 [GP],Provider_A,60,60,B,State Farm Insurance,MID-103813X,0,0000089859,101,0,0,0,0
ACC-82449647,Patient_3814,8/25/2025,F366+,98941,Provider_B,100,100,B,State Farm Insurance,MID-103814X,0,0000089859,101,0,0,0,0
ACC-14991552,Patient_3815,8/25/2025,F366+,99212,Provider_A,100,100,B,State Farm Insurance,MID-103815X,0,0000089859,101,0,0,0,0
ACC-76325206,Patient_3816,8/25/2025,F366+,E0761,Provider_B,50,50,B,State Farm Insurance,MID-103816X,0,0000089859,101,0,0,0,0
ACC-39340935,Patient_3817,8/29/2025,F366+,98941,Provider_A,100,100,B,State Farm Insurance,MID-103817X,0,0000089860,101,0,0,0,0
ACC-16749004,Patient_3818,9/2/2025,F366+,97039 [GP],Provider_B,60,60,B,State Farm Insurance,MID-103818X,0,0000089861,101,0,0,0,0
ACC-82393201,Patient_3819,9/2/2025,F366+,98941,Provider_A,100,100,B,State Farm Insurance,MID-103819X,0,0000089861,101,0,0,0,0
ACC-71984691,Patient_3820,9/2/2025,F366+,E0761,Provider_B,50,50,B,State Farm Insurance,MID-103820X,0,0000089861,101,0,0,0,0
ACC-32964366,Patient_3821,9/5/2025,F366+,97039 [GP],Provider_A,60,60,B,State Farm Insurance,MID-103821X,0,0000089862,101,0,0,0,0
ACC-94233290,Patient_3822,9/5/2025,F366+,98941,Provider_B,100,100,B,State Farm Insurance,MID-103822X,0,0000089862,101,0,0,0,0
ACC-70683351,Patient_3823,9/5/2025,F366+,E0761,Provider_A,50,50,B,State Farm Insurance,MID-103823X,0,0000089862,101,0,0,0,0
ACC-70135630,Patient_3824,9/8/2025,F366+,97039 [GP],Provider_B,60,60,B,State Farm Insurance,MID-103824X,0,0000089863,101,0,0,0,0
ACC-30523870,Patient_3825,9/8/2025,F366+,98941,Provider_A,100,100,B,State Farm Insurance,MID-103825X,0,0000089863,101,0,0,0,0
ACC-97701296,Patient_3826,9/8/2025,F366+,E0761,Provider_B,50,50,B,State Farm Insurance,MID-103826X,0,0000089863,101,0,0,0,0
ACC-75662048,Patient_3827,9/10/2025,F366+,97039 [GP],Provider_A,60,60,B,State Farm Insurance,MID-103827X,0,0000089864,101,0,0,0,0
ACC-78683568,Patient_3828,9/10/2025,F366+,98941,Provider_B,100,100,B,State Farm Insurance,MID-103828X,0,0000089864,101,0,0,0,0
ACC-96755483,Patient_3829,9/10/2025,F366+,E0761,Provider_A,50,50,B,State Farm Insurance,MID-103829X,0,0000089864,101,0,0,0,0
ACC-68469484,Patient_3830,9/15/2025,F366+,98941,Provider_B,100,100,B,State Farm Insurance,MID-103830X,0,0000089865,101,0,0,0,0
ACC-34280644,Patient_3831,9/15/2025,F366+,E0761,Provider_A,50,50,B,State Farm Insurance,MID-103831X,0,0000089865,101,0,0,0,0
ACC-19236788,Patient_3832,9/19/2025,F366+,98941,Provider_B,100,100,B,State Farm Insurance,MID-103832X,0,0000089866,101,0,0,0,0
ACC-32944195,Patient_3833,9/19/2025,F366+,E0761,Provider_A,50,50,B,State Farm Insurance,MID-103833X,0,0000089866,101,0,0,0,0
ACC-96567444,Patient_3834,9/22/2025,F366+,97039 [GP],Provider_B,60,60,B,State Farm Insurance,MID-103834X,0,0000089867,101,0,0,0,0
ACC-53400341,Patient_3835,9/22/2025,F366+,98941,Provider_A,100,100,B,State Farm Insurance,MID-103835X,0,0000089867,101,0,0,0,0
ACC-94707981,Patient_3836,9/22/2025,F366+,E0761,Provider_B,50,50,B,State Farm Insurance,MID-103836X,0,0000089867,101,0,0,0,0
ACC-61188247,Patient_3837,9/30/2025,A121-365,98941,Provider_A,100,100,B,State Farm Insurance,MID-103837X,0,0000089868,101,0,0,0,0
ACC-82112853,Patient_3838,9/30/2025,A121-365,E0761,Provider_B,50,50,B,State Farm Insurance,MID-103838X,0,0000089868,101,0,0,0,0
ACC-94862809,Patient_3839,10/3/2025,A121-365,98941,Provider_A,100,100,B,State Farm Insurance,MID-103839X,0,0000089869,101,0,0,0,0
ACC-64680643,Patient_3840,10/3/2025,A121-365,E0761,Provider_B,50,50,B,State Farm Insurance,MID-103840X,0,0000089869,101,0,0,0,0
ACC-76429512,Patient_3841,10/6/2025,A121-365,98941,Provider_A,100,100,B,State Farm Insurance,MID-103841X,0,0000089870,101,0,0,0,0
ACC-17430159,Patient_3842,10/6/2025,A121-365,E0761,Provider_B,50,50,B,State Farm Insurance,MID-103842X,0,0000089870,101,0,0,0,0
ACC-25025270,Patient_3843,10/10/2025,A121-365,98941,Provider_A,100,100,B,State Farm Insurance,MID-103843X,0,0000089871,101,0,0,0,0
ACC-93044482,Patient_3844,10/10/2025,A121-365,E0761,Provider_B,50,50,B,State Farm Insurance,MID-103844X,0,0000089871,101,0,0,0,0
ACC-35945506,Patient_3845,10/13/2025,A121-365,98941,Provider_A,100,100,B,State Farm Insurance,MID-103845X,0,0000089872,101,0,0,0,0
ACC-11880047,Patient_3846,10/17/2025,A121-365,98941,Provider_B,100,100,B,State Farm Insurance,MID-103846X,0,0000089873,101,0,0,0,0
ACC-39172618,Patient_3847,10/17/2025,A121-365,E0761,Provider_A,50,50,B,State Farm Insurance,MID-103847X,0,0000089873,101,0,0,0,0
ACC-43593579,Patient_3848,10/20/2025,A121-365,98941,Provider_B,100,100,B,State Farm Insurance,MID-103848X,0,0000089874,101,0,0,0,0
ACC-27884546,Patient_3849,10/20/2025,A121-365,E0761,Provider_A,50,50,B,State Farm Insurance,MID-103849X,0,0000089874,101,0,0,0,0
ACC-63911800,Patient_3850,10/24/2025,A121-365,98941,Provider_B,100,100,B,State Farm Insurance,MID-103850X,0,0000089875,101,0,0,0,0
ACC-83750793,Patient_3851,10/24/2025,A121-365,E0761,Provider_A,50,50,B,State Farm Insurance,MID-103851X,0,0000089875,101,0,0,0,0
ACC-70841033,Patient_3852,10/27/2025,A121-365,98941,Provider_B,100,100,B,State Farm Insurance,MID-103852X,0,0000089876,101,0,0,0,0
ACC-13494628,Patient_3853,10/27/2025,A121-365,99070,Provider_A,64,64,B,State Farm Insurance,MID-103853X,0,0000089876,101,0,0,0,0
ACC-42152201,Patient_3854,10/27/2025,A121-365,E0761,Provider_B,50,50,B,State Farm Insurance,MID-103854X,0,0000089876,101,0,0,0,0
ACC-16264454,Patient_3855,10/31/2025,A121-365,98941,Provider_A,100,100,B,State Farm Insurance,MID-103855X,0,0000089877,101,0,0,0,0
ACC-98214474,Patient_3856,10/31/2025,A121-365,E0761,Provider_B,50,50,B,State Farm Insurance,MID-103856X,0,0000089877,101,0,0,0,0
ACC-15928785,Patient_3857,11/10/2025,A121-365,98941,Provider_A,100,100,B,State Farm Insurance,MID-103857X,0,0000089878,101,0,0,0,0
ACC-37634608,Patient_3858,11/21/2025,A121-365,98941,Provider_B,100,100,B,State Farm Insurance,MID-103858X,0,0000089879,101,0,0,0,0
ACC-91207796,Patient_3859,11/26/2025,A121-365,98941,Provider_A,100,100,B,State Farm Insurance,MID-103859X,0,0000089880,101,0,0,0,0
ACC-87296304,Patient_3860,12/9/2025,A121-365,98941,Provider_B,100,100,B,State Farm Insurance,MID-103860X,0,0000089881,101,0,0,0,0
ACC-71836766,Patient_3861,1/12/2026,A121-365,98941,Provider_A,100,100,B,State Farm Insurance,MID-103861X,0,0000089882,101,0,0,0,0
ACC-86937094,Patient_3862,1/12/2026,A121-365,E0761,Provider_B,50,50,B,State Farm Insurance,MID-103862X,0,0000089882,101,0,0,0,0
ACC-11658290,Patient_3863,1/26/2026,A121-365,98941,Provider_A,100,100,B,State Farm Insurance,MID-103863X,0,0000089883,101,0,0,0,0
ACC-59258952,Patient_3864,1/26/2026,A121-365,E0761,Provider_B,50,50,B,State Farm Insurance,MID-103864X,0,0000089883,101,0,0,0,0
ACC-66022981,Patient_3865,1/27/2026,A121-365,98941,Provider_A,100,100,B,State Farm Insurance,MID-103865X,0,0000089884,101,0,0,0,0
ACC-62543676,Patient_3866,1/27/2026,A121-365,E0761,Provider_B,50,50,B,State Farm Insurance,MID-103866X,0,0000089884,101,0,0,0,0
ACC-27878732,Patient_3867,1/28/2026,A121-365,E0761,Provider_A,50,50,B,State Farm Insurance,MID-103867X,0,0000089885,101,0,0,0,0
ACC-22939983,Patient_3868,2/2/2026,A121-365,E0761,Provider_B,50,50,B,State Farm Insurance,MID-103868X,0,0000089886,101,0,0,0,0
ACC-22636613,Patient_3869,2/16/2026,A121-365,E0761,Provider_A,50,50,B,State Farm Insurance,MID-103869X,0,0000089887,101,0,0,0,0
ACC-14798038,Patient_3870,2/23/2026,A121-365,98941,Provider_B,100,100,B,State Farm Insurance,MID-103870X,0,0000089888,101,0,0,0,0
ACC-93261033,Patient_3871,3/2/2026,A121-365,98941,Provider_A,100,100,B,State Farm Insurance,MID-103871X,0,0000089889,101,0,0,0,0
ACC-84603897,Patient_3872,3/9/2026,A121-365,98941,Provider_B,100,100,B,State Farm Insurance,MID-103872X,0,0000089890,101,0,0,0,0
ACC-74703608,Patient_3873,4/1/2026,A121-365,98941,Provider_A,100,100,B,State Farm Insurance,MID-103873X,0,0000089891,101,0,0,0,0
ACC-45936284,Patient_3874,4/8/2026,A121-365,98941,Provider_B,100,100,B,State Farm Insurance,MID-103874X,0,0000089892,101,0,0,0,0
ACC-19070788,Patient_3875,4/15/2026,A121-365,98941,Provider_A,100,100,B,State Farm Insurance,MID-103875X,0,0000088153,139,0,0,0,0
ACC-29465503,Patient_3876,4/29/2026,A121-365,98941,Provider_B,100,100,B,State Farm Insurance,MID-103876X,0,0000088881,125,0,0,0,0
ACC-48308339,Patient_3877,5/13/2026,A121-365,98941,Provider_A,100,100,B,State Farm Insurance,MID-103877X,0,0000089475,111,0,0,0,0
ACC-58707239,Patient_3878,5/20/2026,A121-365,98941,Provider_B,100,100,B,State Farm Insurance,MID-103878X,0,0000089893,101,0,0,0,0
ACC-60720418,Patient_3879,5/29/2026,A121-365,98941,Provider_A,100,100,B,State Farm Insurance,MID-103879X,0,0000090104,94,0,0,0,0
ACC-54927930,Patient_3880,6/12/2026,A91-120,98941,Provider_B,100,100,B,State Farm Insurance,MID-103880X,0,0000090679,80,0,0,0,0
ACC-50748597,Patient_3881,6/19/2026,A91-120,98941,Provider_A,100,100,B,State Farm Insurance,MID-103881X,0,0000090958,73,0,0,0,0
ACC-56887413,Patient_3882,7/1/2026,A61-90,98941,Provider_B,100,100,B,State Farm Insurance,MID-103882X,0,0000091303,62,0,0,0,0
ACC-11942073,Patient_3883,7/10/2026,A61-90,98941,Provider_A,100,100,B,State Farm Insurance,MID-103883X,0,0000091553,52,0,0,0,0
ACC-30791530,Patient_3884,7/17/2026,A61-90,98941,Provider_B,100,100,B,State Farm Insurance,MID-103884X,0,0000091824,45,0,0,0,0
ACC-61721763,Patient_3885,7/22/2026,A61-90,98941,Provider_A,100,100,B,State Farm Insurance,MID-103885X,0,0000091984,41,0,0,0,0
ACC-81166041,Patient_3886,7/31/2026,A31-60,98941,Provider_B,100,100,B,State Farm Insurance,MID-103886X,0,0000092285,31,0,0,0,0
ACC-34179729,Patient_3887,8/14/2026,A31-60,98941,Provider_A,100,100,B,State Farm Insurance,MID-103887X,0,0000092628,17,0,0,0,0
ACC-20895315,Patient_3888,8/28/2026,A31-60,98941,Provider_B,100,100,B,State Farm Insurance,MID-103888X,0,0000092988,3,0,0,0,0
ACC-15446443,Patient_3889,8/24/2026,A31-60,97012 [GP],Provider_A,30,30,B,Blue Cross Blue Shield of New Mexico,MID-103889X,0,0000092858,8,0,0,0,0
ACC-34879888,Patient_3890,8/24/2026,A31-60,98941,Provider_B,100,21.68,B,Blue Cross Blue Shield of New Mexico,MID-103890X,0,0000092858,8,0,0,63.32,15
ACC-80211597,Patient_3891,8/31/2026,A0-30,97012 [GP],Provider_A,30,15,B,Blue Cross Blue Shield of New Mexico,MID-103891X,0,0000093040,1,15,0,0,15
ACC-93287979,Patient_3892,8/31/2026,A0-30,98943,Provider_B,50,50,B,Blue Cross Blue Shield of New Mexico,MID-103892X,0,0000093040,1,0,0,0,0
ACC-35986841,Patient_3893,8/26/2026,A31-60,98941,Provider_A,100,36.68,B,Blue Cross Blue Shield of New Mexico,MID-103893X,0,0000092929,6,0,0,63.32,0
ACC-76846092,Patient_3894,8/28/2026,A31-60,97012 [GP],Provider_B,30,13.93,B,Presbyterian Health Plan,MID-103894X,0,0000092989,3,0,0,16.07,0
ACC-98385158,Patient_3895,8/28/2026,A31-60,98943,Provider_A,50,-4.27,B,Presbyterian Health Plan,MID-103895X,0,0000092989,3,5.73,-24.27,24.27,30
ACC-52607646,Patient_3896,7/7/2025,F366+,97110 [GP],Provider_B,35,7.05,P,Blue Cross Blue Shield of New Mexico,MID-103896X,7.05,0000075601,413,5.74,-7.58,7.58,13.32
ACC-74920852,Patient_3897,8/24/2026,A31-60,97012 [GP],Provider_A,30,30,B,United HealthCare,MID-103897X,0,0000092859,8,0,0,0,0
ACC-96609601,Patient_3898,8/24/2026,A31-60,98941,Provider_B,100,40,B,United HealthCare,MID-103898X,0,0000092859,8,0,0,50,0
ACC-21197171,Patient_3899,8/24/2026,A31-60,98941 [AT],Provider_A,100,80,B,Novitas,MID-103899X,0,,10,20,0,0,20
ACC-70038278,Patient_3900,8/24/2026,A31-60,98941 [AT],Provider_B,100,80,B,Novitas,MID-103900X,0,,10,20,20,0,0
ACC-83147453,Patient_3901,9/2/2026,A0-30,97012 [GP],Provider_A,30,30,B,Blue Cross Blue Shield of New Mexico,MID-103901X,0,0000093116,0,0,0,0,0
ACC-16962111,Patient_3902,9/2/2026,A0-30,98941,Provider_B,100,6.68,B,Blue Cross Blue Shield of New Mexico,MID-103902X,0,0000093116,0,0,0,63.32,30
ACC-50179611,Patient_3903,1/7/2026,A121-365,98941 [AT],Provider_A,100,37.23,P,Novitas,MID-103903X,0,0000083961,0,0,0,62.77,0
ACC-64957418,Patient_3904,1/7/2026,A121-365,98941 [AT],Provider_B,100,37.23,P,Omaha Insurance Company,MID-103904X,0,,0,0,0,62.77,0
ACC-97813464,Patient_3905,4/29/2026,A121-365,98941 [AT],Provider_A,100,37.23,P,Novitas,MID-103905X,0,0000088884,0,0,0,62.77,0
ACC-72436869,Patient_3906,4/29/2026,A121-365,98941 [AT],Provider_B,100,37.23,B,Omaha Insurance Company,MID-103906X,0,,119,0,0,62.77,0
ACC-16242571,Patient_3907,6/3/2026,A91-120,98941 [AT],Provider_A,100,7.45,P,Novitas,MID-103907X,29.18,0000090317,0,0,0,63.37,0
ACC-37088834,Patient_3908,6/3/2026,A91-120,98941 [AT],Provider_B,100,7.45,B,Omaha Insurance Company,MID-103908X,0,,74,0,0,63.37,0
ACC-58058301,Patient_3909,8/5/2026,A31-60,98941 [AT],Provider_A,100,50.22,B,Novitas,MID-103909X,0,,29,49.78,0,0,49.78
ACC-95330852,Patient_3910,8/20/2026,A31-60,97012 [GP],Provider_B,30,30,B,United Healthcare,MID-103910X,0,0000092808,10,0,0,0,0
ACC-30961656,Patient_3911,8/20/2026,A31-60,98941,Provider_A,100,30,B,United Healthcare,MID-103911X,0,0000092808,10,0,0,50,20
ACC-26556292,Patient_3912,8/26/2026,A31-60,97012 [GP],Provider_B,30,10,B,United Healthcare,MID-103912X,0,0000092923,6,20,0,0,20
ACC-28381276,Patient_3913,8/26/2026,A31-60,98943,Provider_A,50,50,B,United Healthcare,MID-103913X,0,0000092923,6,0,0,0,0
ACC-21562817,Patient_3914,8/31/2026,A0-30,97012 [GP],Provider_B,30,10,B,United Healthcare,MID-103914X,0,0000093042,1,20,0,0,20
ACC-74263381,Patient_3915,8/31/2026,A0-30,98943,Provider_A,50,50,B,United Healthcare,MID-103915X,0,0000093042,1,0,0,0,0
ACC-18558093,Patient_3916,7/28/2026,A61-90,98941 [AT],Provider_B,100,29.3,B,Novitas,MID-103916X,0,,37,0,0,63.37,7.33
ACC-12449469,Patient_3917,8/25/2026,A31-60,98941 [AT],Provider_A,100,29.3,B,Novitas,MID-103917X,0,,9,0,0,63.37,7.33
ACC-76401169,Patient_3918,7/22/2024,F366+,72052,Provider_B,210,210,D,Presbyterian Health Plan,MID-103918X,0,0000056596,0,0,0,0,0
ACC-31339096,Patient_3919,7/22/2024,F366+,72120,Provider_A,240,240,D,Presbyterian Health Plan,MID-103919X,0,0000056596,0,0,0,0,0
ACC-76816652,Patient_3920,7/22/2024,F366+,99203 [25],Provider_B,275,275,D,Presbyterian Health Plan,MID-103920X,0,0000056596,0,0,0,0,0
ACC-37219481,Patient_3921,7/26/2024,F366+,98941,Provider_A,100,100,D,Presbyterian Health Plan,MID-103921X,0,0000056856,0,0,0,0,0
ACC-35640066,Patient_3922,7/29/2024,F366+,98941,Provider_B,100,100,D,Presbyterian Health Plan,MID-103922X,0,0000056857,0,0,0,0,0
ACC-74252089,Patient_3923,8/1/2024,F366+,98941,Provider_A,100,100,D,Presbyterian Health Plan,MID-103923X,0,0000057036,0,0,0,0,0
ACC-86129067,Patient_3924,8/8/2024,F366+,97110,Provider_B,35,35,D,Presbyterian Health Plan,MID-103924X,0,0000057380,0,0,0,0,0
ACC-76005115,Patient_3925,8/12/2024,F366+,97110,Provider_A,35,35,D,Presbyterian Health Plan,MID-103925X,0,0000057511,0,0,0,0,0
ACC-65426404,Patient_3926,8/19/2024,F366+,99214 [25],Provider_B,150,150,D,Presbyterian Health Plan,MID-103926X,0,0000057775,0,0,0,0,0
ACC-88236125,Patient_3927,9/4/2024,F366+,97110,Provider_A,35,35,D,Presbyterian Health Plan,MID-103927X,0,0000058417,0,0,0,0,0
ACC-84130956,Patient_3928,9/16/2024,F366+,98941,Provider_B,100,80,B,Presbyterian Health Plan,MID-103928X,0,0000058815,714,20,0,0,20
ACC-35746352,Patient_3929,10/7/2024,F366+,99214 [25],Provider_A,150,150,D,Presbyterian Health Plan,MID-103929X,0,0000059613,0,0,0,0,0
ACC-56530987,Patient_3930,10/14/2024,F366+,97110,Provider_B,35,35,D,Presbyterian Health Plan,MID-103930X,0,0000059795,0,0,0,0,0
ACC-80529811,Patient_3931,8/31/2026,A0-30,97012 [GP],Provider_A,30,10.92,B,Presbyterian Health Plan,MID-103931X,0,,3,0,0,16.35,2.73
ACC-13738239,Patient_3932,8/31/2026,A0-30,98941 [AT],Provider_B,100,29.43,B,Presbyterian Health Plan,MID-103932X,0,,3,0,0,63.21,7.36
ACC-37935349,Patient_3933,8/28/2026,A31-60,97012 [GP],Provider_A,30,5,B,United Healthcare,MID-103933X,0,0000092990,3,25,0,0,25
ACC-69080171,Patient_3934,8/28/2026,A31-60,98943,Provider_B,50,50,B,United Healthcare,MID-103934X,0,0000092990,3,0,0,0,0
ACC-30924642,Patient_3935,8/27/2025,F366+,98941,Provider_A,100,100,D,Optum,MID-103935X,0,,372,0,0,0,0
ACC-27837944,Patient_3936,8/27/2025,F366+,99203 [25],Provider_B,275,275,D,Optum,MID-103936X,0,,372,0,0,0,0
ACC-63230655,Patient_3937,8/11/2026,A31-60,98941 [AT],Provider_A,100,80,B,Novitas,MID-103937X,0,,23,20,20,0,0
ACC-24671022,Patient_3938,8/26/2026,A31-60,97012 [GP],Provider_B,30,30,B,United Healthcare,MID-103938X,0,0000092925,6,0,0,0,0
ACC-78716824,Patient_3939,8/26/2026,A31-60,98941,Provider_A,100,25,B,United Healthcare,MID-103939X,0,0000092925,6,0,0,50,25
ACC-77930298,Patient_3940,8/28/2026,A31-60,98943,Provider_B,50,25,B,United Healthcare,MID-103940X,0,0000092991,3,25,0,0,25
ACC-38734344,Patient_3941,8/28/2026,A31-60,E0761,Provider_A,50,50,B,United Healthcare,MID-103941X,0,0000092991,3,0,0,0,0
ACC-68737888,Patient_3942,9/1/2026,A0-30,98943,Provider_B,50,25,B,United Healthcare,MID-103942X,0,0000093117,0,25,0,0,25
ACC-28280908,Patient_3943,9/1/2026,A0-30,E0761,Provider_A,50,50,B,United Healthcare,MID-103943X,0,0000093117,0,0,0,0,0
ACC-49986329,Patient_3944,8/5/2026,A31-60,98941 [AT],Provider_B,100,9,B,Optum,MID-103944X,0,0000092736,13,0,0,71,20
ACC-47695970,Patient_3945,9/2/2026,A0-30,97012 [GP],Provider_A,30,30,B,United HealthCare,MID-103945X,0,0000093118,0,0,0,0,0
ACC-79338196,Patient_3946,9/2/2026,A0-30,98941,Provider_B,100,40,B,United HealthCare,MID-103946X,0,0000093118,0,0,0,50,10
ACC-29543465,Patient_3947,8/25/2025,F366+,72052,Provider_A,210,210,B,Sentry Insurance Company,MID-103947X,0,0000078450,367,0,0,0,0
ACC-77286110,Patient_3948,8/25/2025,F366+,72120,Provider_B,240,240,B,Sentry Insurance Company,MID-103948X,0,0000078450,367,0,0,0,0
ACC-91795971,Patient_3949,8/25/2025,F366+,97039 [GP],Provider_A,60,60,B,Sentry Insurance Company,MID-103949X,0,0000078450,367,0,0,0,0
ACC-65870311,Patient_3950,8/25/2025,F366+,99203 [25],Provider_B,275,275,B,Sentry Insurance Company,MID-103950X,0,0000078450,367,0,0,0,0
ACC-12466194,Patient_3951,8/27/2025,F366+,97039 [GP],Provider_A,60,60,B,Sentry Insurance Company,MID-103951X,0,0000078451,367,0,0,0,0
ACC-76022251,Patient_3952,8/27/2025,F366+,98941,Provider_B,100,100,B,Sentry Insurance Company,MID-103952X,0,0000078451,367,0,0,0,0
ACC-45197934,Patient_3953,8/28/2025,F366+,97039 [GP],Provider_A,60,60,B,Sentry Insurance Company,MID-103953X,0,0000078452,367,0,0,0,0
ACC-17885229,Patient_3954,8/28/2025,F366+,98941,Provider_B,100,100,B,Sentry Insurance Company,MID-103954X,0,0000078452,367,0,0,0,0
ACC-77830495,Patient_3955,8/28/2025,F366+,99183,Provider_A,100,100,B,Sentry Insurance Company,MID-103955X,0,0000078452,367,0,0,0,0
ACC-38272930,Patient_3956,8/28/2025,F366+,G0277,Provider_B,300,300,B,Sentry Insurance Company,MID-103956X,0,0000078452,367,0,0,0,0
ACC-83038260,Patient_3957,8/29/2025,F366+,97039 [GP],Provider_A,60,60,B,Sentry Insurance Company,MID-103957X,0,0000078453,367,0,0,0,0
ACC-91473430,Patient_3958,8/29/2025,F366+,98941,Provider_B,100,100,B,Sentry Insurance Company,MID-103958X,0,0000078453,367,0,0,0,0
ACC-16457959,Patient_3959,9/8/2025,F366+,97039 [GP],Provider_A,60,60,B,Sentry Insurance Company,MID-103959X,0,0000081353,300,0,0,0,0
ACC-42115705,Patient_3960,9/8/2025,F366+,98941,Provider_B,100,100,B,Sentry Insurance Company,MID-103960X,0,0000081353,300,0,0,0,0
ACC-80884451,Patient_3961,9/10/2025,F366+,97039 [GP],Provider_A,60,60,B,Sentry Insurance Company,MID-103961X,0,0000081354,300,0,0,0,0
ACC-41048433,Patient_3962,9/10/2025,F366+,97110 [GP],Provider_B,35,35,B,Sentry Insurance Company,MID-103962X,0,0000081354,300,0,0,0,0
ACC-72009370,Patient_3963,9/10/2025,F366+,98941,Provider_A,100,100,B,Sentry Insurance Company,MID-103963X,0,0000081354,300,0,0,0,0
ACC-53212918,Patient_3964,10/2/2025,A121-365,98941,Provider_B,100,100,B,Sentry Insurance Company,MID-103964X,0,0000081355,300,0,0,0,0
ACC-62335099,Patient_3965,8/5/2026,A31-60,98941 [AT],Provider_A,100,9,B,Optum,MID-103965X,0,0000092738,13,0,0,71,5
ACC-73989433,Patient_3966,8/27/2025,F366+,72052,Provider_B,210,210,B,Sentry Insurance Company,MID-103966X,0,0000078454,367,0,0,0,0
ACC-63517391,Patient_3967,8/27/2025,F366+,72120,Provider_A,240,240,B,Sentry Insurance Company,MID-103967X,0,0000078454,367,0,0,0,0
ACC-53699780,Patient_3968,8/27/2025,F366+,99203 [25],Provider_B,275,275,B,Sentry Insurance Company,MID-103968X,0,0000078454,367,0,0,0,0
ACC-27123824,Patient_3969,8/29/2025,F366+,98941,Provider_A,100,100,B,Sentry Insurance Company,MID-103969X,0,0000078455,367,0,0,0,0
ACC-30281142,Patient_3970,9/8/2025,F366+,98941,Provider_B,100,100,B,Sentry Insurance Company,MID-103970X,0,0000081357,300,0,0,0,0
ACC-96415410,Patient_3971,9/10/2025,F366+,97039 [GP],Provider_A,60,60,B,Sentry Insurance Company,MID-103971X,0,0000081358,300,0,0,0,0
ACC-19225584,Patient_3972,9/10/2025,F366+,98941,Provider_B,100,100,B,Sentry Insurance Company,MID-103972X,0,0000081358,300,0,0,0,0
ACC-25009031,Patient_3973,9/15/2025,F366+,98941,Provider_A,100,100,B,Sentry Insurance Company,MID-103973X,0,0000081359,300,0,0,0,0
ACC-70923012,Patient_3974,9/17/2025,F366+,97039 [GP],Provider_B,60,60,B,Sentry Insurance Company,MID-103974X,0,0000081360,300,0,0,0,0
ACC-51821755,Patient_3975,9/17/2025,F366+,98941,Provider_A,100,100,B,Sentry Insurance Company,MID-103975X,0,0000081360,300,0,0,0,0
ACC-25783009,Patient_3976,9/22/2025,F366+,97110 [GP],Provider_B,35,35,B,Sentry Insurance Company,MID-103976X,0,0000081361,300,0,0,0,0
ACC-74130309,Patient_3977,9/22/2025,F366+,98941,Provider_A,100,100,B,Sentry Insurance Company,MID-103977X,0,0000081361,300,0,0,0,0
ACC-91755050,Patient_3978,9/24/2025,F366+,98941,Provider_B,100,100,B,Sentry Insurance Company,MID-103978X,0,0000081362,300,0,0,0,0
ACC-24362681,Patient_3979,9/29/2025,A121-365,97039 [GP],Provider_A,60,60,B,Sentry Insurance Company,MID-103979X,0,0000081363,300,0,0,0,0
ACC-27889790,Patient_3980,9/29/2025,A121-365,98941,Provider_B,100,100,B,Sentry Insurance Company,MID-103980X,0,0000081363,300,0,0,0,0
ACC-95949307,Patient_3981,10/2/2025,A121-365,98941,Provider_A,100,100,B,Sentry Insurance Company,MID-103981X,0,0000081364,300,0,0,0,0
ACC-68426195,Patient_3982,10/2/2025,A121-365,99214 [25],Provider_B,150,150,B,Sentry Insurance Company,MID-103982X,0,0000081364,300,0,0,0,0
ACC-52938294,Patient_3983,10/6/2025,A121-365,98941,Provider_A,100,100,B,Sentry Insurance Company,MID-103983X,0,0000081365,300,0,0,0,0
ACC-78997257,Patient_3984,10/8/2025,A121-365,98941,Provider_B,100,100,B,Sentry Insurance Company,MID-103984X,0,0000081929,288,0,0,0,0
ACC-17918429,Patient_3985,10/13/2025,A121-365,97110 [GP],Provider_A,35,35,B,Sentry Insurance Company,MID-103985X,0,0000081367,300,0,0,0,0
ACC-60098238,Patient_3986,10/13/2025,A121-365,98941,Provider_B,100,100,B,Sentry Insurance Company,MID-103986X,0,0000081367,300,0,0,0,0
ACC-23700031,Patient_3987,10/15/2025,A121-365,98941,Provider_A,100,100,B,Sentry Insurance Company,MID-103987X,0,0000081368,300,0,0,0,0
ACC-11862389,Patient_3988,10/20/2025,A121-365,98941,Provider_B,100,100,B,Sentry Insurance Company,MID-103988X,0,0000081369,300,0,0,0,0
ACC-40315866,Patient_3989,10/22/2025,A121-365,98941,Provider_A,100,100,B,Sentry Insurance Company,MID-103989X,0,0000081930,288,0,0,0,0
ACC-18235949,Patient_3990,10/27/2025,A121-365,98941,Provider_B,100,100,B,Sentry Insurance Company,MID-103990X,0,0000081371,300,0,0,0,0
ACC-94299788,Patient_3991,10/29/2025,A121-365,98941,Provider_A,100,100,B,Sentry Insurance Company,MID-103991X,0,0000081372,300,0,0,0,0
ACC-33838012,Patient_3992,10/29/2025,A121-365,99214 [25],Provider_B,150,150,B,Sentry Insurance Company,MID-103992X,0,0000081372,300,0,0,0,0
ACC-16533441,Patient_3993,11/3/2025,A121-365,98941,Provider_A,100,100,B,Sentry Insurance Company,MID-103993X,0,0000081373,300,0,0,0,0
ACC-68900325,Patient_3994,11/5/2025,A121-365,98941,Provider_B,100,100,B,Sentry Insurance Company,MID-103994X,0,0000081931,288,0,0,0,0
ACC-40008605,Patient_3995,11/10/2025,A121-365,98941,Provider_A,100,100,B,Sentry Insurance Company,MID-103995X,0,0000081932,288,0,0,0,0
ACC-32618250,Patient_3996,11/12/2025,A121-365,97110 [GP],Provider_B,35,35,B,Sentry Insurance Company,MID-103996X,0,0000088158,139,0,0,0,0
ACC-31129673,Patient_3997,11/12/2025,A121-365,98941,Provider_A,100,100,B,Sentry Insurance Company,MID-103997X,0,0000088158,139,0,0,0,0
ACC-34891156,Patient_3998,11/17/2025,A121-365,98941,Provider_B,100,100,B,Sentry Insurance Company,MID-103998X,0,0000088159,139,0,0,0,0
ACC-50686140,Patient_3999,11/19/2025,A121-365,98941,Provider_A,100,100,B,Sentry Insurance Company,MID-103999X,0,0000082082,286,0,0,0,0
ACC-63526291,Patient_4000,11/25/2025,A121-365,72052,Provider_B,210,210,B,Sentry Insurance Company,MID-104000X,0,0000082397,279,0,0,0,0
ACC-74793402,Patient_4001,11/25/2025,A121-365,72120,Provider_A,240,240,B,Sentry Insurance Company,MID-104001X,0,0000082397,279,0,0,0,0
ACC-21412677,Patient_4002,11/25/2025,A121-365,98941,Provider_B,100,100,B,Sentry Insurance Company,MID-104002X,0,0000082397,279,0,0,0,0
ACC-99639403,Patient_4003,12/1/2025,A121-365,98941,Provider_A,100,100,B,Sentry Insurance Company,MID-104003X,0,0000082486,274,0,0,0,0
ACC-40827527,Patient_4004,12/11/2025,A121-365,98941,Provider_B,100,100,B,Sentry Insurance Company,MID-104004X,0,0000083039,262,0,0,0,0
ACC-75073068,Patient_4005,12/15/2025,A121-365,98941,Provider_A,100,100,B,Sentry Insurance Company,MID-104005X,0,0000083162,260,0,0,0,0
ACC-19629779,Patient_4006,12/31/2025,A121-365,98941,Provider_B,100,100,B,Sentry Insurance Company,MID-104006X,0,0000083677,244,0,0,0,0
ACC-29308156,Patient_4007,1/5/2026,A121-365,98941,Provider_A,100,100,B,Sentry Insurance Company,MID-104007X,0,0000083813,239,0,0,0,0
ACC-78025714,Patient_4008,1/14/2026,A121-365,98941,Provider_B,100,100,B,Sentry Insurance Company,MID-104008X,0,0000084282,230,0,0,0,0
ACC-68515668,Patient_4009,1/14/2026,A121-365,99214 [25],Provider_A,150,150,B,Sentry Insurance Company,MID-104009X,0,0000084282,230,0,0,0,0
ACC-22572909,Patient_4010,1/21/2026,A121-365,98941,Provider_B,100,100,B,Sentry Insurance Company,MID-104010X,0,0000084593,223,0,0,0,0
ACC-19221589,Patient_4011,1/26/2026,A121-365,98941,Provider_A,100,100,B,Sentry Insurance Company,MID-104011X,0,0000084733,218,0,0,0,0
ACC-44885659,Patient_4012,2/9/2026,A121-365,98941,Provider_B,100,100,B,Sentry Insurance Company,MID-104012X,0,0000085471,204,0,0,0,0
ACC-64195338,Patient_4013,2/19/2026,A121-365,98941,Provider_A,100,100,B,Sentry Insurance Company,MID-104013X,0,0000086141,192,0,0,0,0
ACC-94265114,Patient_4014,3/2/2026,A121-365,98941,Provider_B,100,100,B,Sentry Insurance Company,MID-104014X,0,0000086491,183,0,0,0,0
ACC-50719717,Patient_4015,3/16/2026,A121-365,98941,Provider_A,100,100,B,Sentry Insurance Company,MID-104015X,0,0000087035,169,0,0,0,0
ACC-54006844,Patient_4016,3/23/2026,A121-365,98941,Provider_B,100,100,B,Sentry Insurance Company,MID-104016X,0,0000087237,162,0,0,0,0
ACC-64473489,Patient_4017,8/28/2026,A31-60,97012 [GP],Provider_A,30,30,B,United Healthcare,MID-104017X,0,0000092992,3,0,0,0,0
ACC-55564973,Patient_4018,8/28/2026,A31-60,98943,Provider_B,50,25,B,United Healthcare,MID-104018X,0,0000092992,3,25,13,0,12
ACC-33310802,Patient_4019,9/17/2025,F366+,99203 [25],Provider_A,275,78.05,B,Blue Cross Blue Shield of New Mexico,MID-104019X,78.05,0000079097,303,0,0,118.9,0
ACC-83182005,Patient_4020,10/20/2025,A121-365,98941,Provider_B,100,1.68,P,Blue Cross Blue Shield of New Mexico,MID-104020X,1.68,0000080368,281,0,0,61.64,35
ACC-40141986,Patient_4021,12/3/2025,A121-365,98941,Provider_A,100,65,B,Blue Cross Blue Shield of New Mexico,MID-104021X,0,0000082620,272,35,0,0,35
ACC-92724679,Patient_4022,8/24/2026,A31-60,97012 [GP],Provider_B,30,30,B,UMR,MID-104022X,0,0000092860,8,0,0,0,0
ACC-89267787,Patient_4023,8/28/2026,A31-60,97012 [GP],Provider_A,30,30,B,UMR,MID-104023X,0,0000092993,3,0,0,0,0
ACC-23332451,Patient_4024,8/28/2026,A31-60,98941,Provider_B,100,25,B,UMR,MID-104024X,0,0000092993,3,0,0,50,25
ACC-20336849,Patient_4025,8/28/2026,A31-60,97012 [GP],Provider_A,30,13.93,B,Presbyterian Health Plan,MID-104025X,0,0000092994,3,0,0,16.07,0
ACC-76581298,Patient_4026,8/28/2026,A31-60,98941,Provider_B,100,7.23,B,Presbyterian Health Plan,MID-104026X,0,0000092994,3,0,0,62.77,30
ACC-31870745,Patient_4027,8/25/2026,A31-60,97012 [GP],Provider_A,30,30,B,Presbyterian Health Plan,MID-104027X,0,0000092927,6,0,0,0,0
ACC-87725413,Patient_4028,8/25/2026,A31-60,98941,Provider_B,100,0.08,B,Presbyterian Health Plan,MID-104028X,0,0000092927,6,0,0,62.77,37.15
ACC-34926283,Patient_4029,10/14/2025,A121-365,97039 [GP],Provider_A,60,60,B,Farmers Insurance,MID-104029X,0,0000089169,118,0,0,0,0
ACC-21253098,Patient_4030,10/14/2025,A121-365,98941,Provider_B,100,100,B,Farmers Insurance,MID-104030X,0,0000089169,118,0,0,0,0
ACC-72298999,Patient_4031,10/17/2025,A121-365,97039 [GP],Provider_A,60,60,B,Farmers Insurance,MID-104031X,0,0000089170,118,0,0,0,0
ACC-24882629,Patient_4032,10/17/2025,A121-365,98941,Provider_B,100,100,B,Farmers Insurance,MID-104032X,0,0000089170,118,0,0,0,0
ACC-19923922,Patient_4033,10/20/2025,A121-365,97039 [GP],Provider_A,60,60,B,Farmers Insurance,MID-104033X,0,0000089171,118,0,0,0,0
ACC-94862939,Patient_4034,10/20/2025,A121-365,98941,Provider_B,100,100,B,Farmers Insurance,MID-104034X,0,0000089171,118,0,0,0,0
ACC-81545900,Patient_4035,10/22/2025,A121-365,97039 [GP],Provider_A,60,60,B,Farmers Insurance,MID-104035X,0,0000089172,118,0,0,0,0
ACC-82160350,Patient_4036,10/22/2025,A121-365,98941,Provider_B,100,100,B,Farmers Insurance,MID-104036X,0,0000089172,118,0,0,0,0
ACC-70037140,Patient_4037,10/27/2025,A121-365,97039 [GP],Provider_A,60,60,B,Farmers Insurance,MID-104037X,0,0000089173,118,0,0,0,0
ACC-79844733,Patient_4038,10/27/2025,A121-365,98941,Provider_B,100,100,B,Farmers Insurance,MID-104038X,0,0000089173,118,0,0,0,0
ACC-84572301,Patient_4039,10/20/2025,A121-365,97039 [GP],Provider_A,60,60,B,Farmers Insurance,MID-104039X,0,0000093043,1,0,0,0,0
ACC-76037514,Patient_4040,10/20/2025,A121-365,98941,Provider_B,100,100,B,Farmers Insurance,MID-104040X,0,0000093043,1,0,0,0,0
ACC-18302460,Patient_4041,10/27/2025,A121-365,97039 [GP],Provider_A,60,60,B,Farmers Insurance,MID-104041X,0,0000093044,1,0,0,0,0
ACC-34798087,Patient_4042,10/27/2025,A121-365,98941,Provider_B,100,100,B,Farmers Insurance,MID-104042X,0,0000093044,1,0,0,0,0
ACC-27969638,Patient_4043,10/30/2025,A121-365,97039 [GP],Provider_A,60,60,B,Farmers Insurance,MID-104043X,0,0000093045,1,0,0,0,0
ACC-94413304,Patient_4044,10/30/2025,A121-365,98941,Provider_B,100,100,B,Farmers Insurance,MID-104044X,0,0000093045,1,0,0,0,0
ACC-29583174,Patient_4045,10/22/2025,A121-365,72052,Provider_A,210,210,B,State Farm Insurance,MID-104045X,0,0000086946,171,0,0,0,0
ACC-78940131,Patient_4046,10/22/2025,A121-365,72120,Provider_B,240,240,B,State Farm Insurance,MID-104046X,0,0000086946,171,0,0,0,0
ACC-54962854,Patient_4047,10/22/2025,A121-365,97039 [GP],Provider_A,60,60,B,State Farm Insurance,MID-104047X,0,0000086946,171,0,0,0,0
ACC-23101046,Patient_4048,10/22/2025,A121-365,99203 [25],Provider_B,275,275,B,State Farm Insurance,MID-104048X,0,0000086946,171,0,0,0,0
ACC-75859603,Patient_4049,10/24/2025,A121-365,97039 [GP],Provider_A,60,60,B,State Farm Insurance,MID-104049X,0,0000086947,171,0,0,0,0
ACC-36485673,Patient_4050,10/24/2025,A121-365,98941,Provider_B,100,100,B,State Farm Insurance,MID-104050X,0,0000086947,171,0,0,0,0
ACC-94793012,Patient_4051,10/27/2025,A121-365,97039 [GP],Provider_A,60,60,B,State Farm Insurance,MID-104051X,0,0000086948,171,0,0,0,0
ACC-10500127,Patient_4052,10/27/2025,A121-365,98941,Provider_B,100,100,B,State Farm Insurance,MID-104052X,0,0000086948,171,0,0,0,0
ACC-69626503,Patient_4053,10/28/2025,A121-365,97039 [GP],Provider_A,60,60,B,State Farm Insurance,MID-104053X,0,0000086949,171,0,0,0,0
ACC-65018901,Patient_4054,10/28/2025,A121-365,98941,Provider_B,100,100,B,State Farm Insurance,MID-104054X,0,0000086949,171,0,0,0,0
ACC-86044763,Patient_4055,10/30/2025,A121-365,97039 [GP],Provider_A,60,60,B,State Farm Insurance,MID-104055X,0,0000086950,171,0,0,0,0
ACC-59586953,Patient_4056,10/30/2025,A121-365,98941,Provider_B,100,100,B,State Farm Insurance,MID-104056X,0,0000086950,171,0,0,0,0
ACC-29220386,Patient_4057,11/5/2025,A121-365,97039 [GP],Provider_A,60,60,B,State Farm Insurance,MID-104057X,0,0000086951,171,0,0,0,0
ACC-22708070,Patient_4058,11/5/2025,A121-365,98941,Provider_B,100,100,B,State Farm Insurance,MID-104058X,0,0000086951,171,0,0,0,0
ACC-59038332,Patient_4059,11/6/2025,A121-365,97039 [GP],Provider_A,60,60,B,State Farm Insurance,MID-104059X,0,0000086952,171,0,0,0,0
ACC-81298406,Patient_4060,11/6/2025,A121-365,98941,Provider_B,100,100,B,State Farm Insurance,MID-104060X,0,0000086952,171,0,0,0,0
ACC-95620771,Patient_4061,11/7/2025,A121-365,97039 [GP],Provider_A,60,60,B,State Farm Insurance,MID-104061X,0,0000086953,171,0,0,0,0
ACC-47002226,Patient_4062,11/7/2025,A121-365,98941,Provider_B,100,100,B,State Farm Insurance,MID-104062X,0,0000086953,171,0,0,0,0
ACC-23040807,Patient_4063,11/10/2025,A121-365,98941,Provider_A,100,100,B,State Farm Insurance,MID-104063X,0,0000086954,171,0,0,0,0
ACC-58659819,Patient_4064,11/11/2025,A121-365,98941,Provider_B,100,100,B,State Farm Insurance,MID-104064X,0,0000086955,171,0,0,0,0
ACC-78449378,Patient_4065,11/12/2025,A121-365,97039 [GP],Provider_A,60,60,B,State Farm Insurance,MID-104065X,0,0000086956,171,0,0,0,0
ACC-57642510,Patient_4066,11/12/2025,A121-365,98941,Provider_B,100,100,B,State Farm Insurance,MID-104066X,0,0000086956,171,0,0,0,0
ACC-66156982,Patient_4067,11/19/2025,A121-365,97039 [GP],Provider_A,60,60,B,State Farm Insurance,MID-104067X,0,0000086957,171,0,0,0,0
ACC-41148339,Patient_4068,11/19/2025,A121-365,98941,Provider_B,100,100,B,State Farm Insurance,MID-104068X,0,0000086957,171,0,0,0,0
ACC-17928633,Patient_4069,11/20/2025,A121-365,97039 [GP],Provider_A,60,60,B,State Farm Insurance,MID-104069X,0,0000086958,171,0,0,0,0
ACC-46585694,Patient_4070,11/20/2025,A121-365,98941,Provider_B,100,100,B,State Farm Insurance,MID-104070X,0,0000086958,171,0,0,0,0
ACC-67147115,Patient_4071,11/21/2025,A121-365,97039 [GP],Provider_A,60,60,B,State Farm Insurance,MID-104071X,0,0000086959,171,0,0,0,0
ACC-31582298,Patient_4072,11/21/2025,A121-365,98941,Provider_B,100,100,B,State Farm Insurance,MID-104072X,0,0000086959,171,0,0,0,0
ACC-31716719,Patient_4073,11/25/2025,A121-365,97039 [GP],Provider_A,60,60,B,State Farm Insurance,MID-104073X,0,0000086960,171,0,0,0,0
ACC-73026956,Patient_4074,11/25/2025,A121-365,98941,Provider_B,100,100,B,State Farm Insurance,MID-104074X,0,0000086960,171,0,0,0,0
ACC-50738484,Patient_4075,11/26/2025,A121-365,98941,Provider_A,100,100,B,State Farm Insurance,MID-104075X,0,0000086961,171,0,0,0,0
ACC-69533817,Patient_4076,12/1/2025,A121-365,98941,Provider_B,100,100,B,State Farm Insurance,MID-104076X,0,0000086962,171,0,0,0,0
ACC-25319405,Patient_4077,12/1/2025,A121-365,99214 [25],Provider_A,150,150,B,State Farm Insurance,MID-104077X,0,0000086962,171,0,0,0,0
ACC-59856844,Patient_4078,12/3/2025,A121-365,97039 [GP],Provider_B,60,60,B,State Farm Insurance,MID-104078X,0,0000086963,171,0,0,0,0
ACC-70619859,Patient_4079,12/3/2025,A121-365,98941,Provider_A,100,100,B,State Farm Insurance,MID-104079X,0,0000086963,171,0,0,0,0
ACC-60881269,Patient_4080,12/4/2025,A121-365,97039 [GP],Provider_B,60,60,B,State Farm Insurance,MID-104080X,0,0000086964,171,0,0,0,0
ACC-92337168,Patient_4081,12/4/2025,A121-365,98941,Provider_A,100,100,B,State Farm Insurance,MID-104081X,0,0000086964,171,0,0,0,0
ACC-47018337,Patient_4082,12/8/2025,A121-365,98941,Provider_B,100,100,B,State Farm Insurance,MID-104082X,0,0000086965,171,0,0,0,0
ACC-37182564,Patient_4083,12/11/2025,A121-365,98941,Provider_A,100,100,B,State Farm Insurance,MID-104083X,0,0000086966,171,0,0,0,0
ACC-93486040,Patient_4084,12/15/2025,A121-365,98941,Provider_B,100,100,B,State Farm Insurance,MID-104084X,0,0000086967,171,0,0,0,0
ACC-25503933,Patient_4085,12/29/2025,A121-365,98941,Provider_A,100,100,B,State Farm Insurance,MID-104085X,0,0000086968,171,0,0,0,0
ACC-91569779,Patient_4086,1/2/2026,A121-365,98941,Provider_B,100,100,B,State Farm Insurance,MID-104086X,0,0000087626,153,0,0,0,0
ACC-41409063,Patient_4087,1/5/2026,A121-365,98941,Provider_A,100,100,B,State Farm Insurance,MID-104087X,0,0000087627,153,0,0,0,0
ACC-85502858,Patient_4088,1/5/2026,A121-365,99214 [25],Provider_B,150,150,B,State Farm Insurance,MID-104088X,0,0000087627,153,0,0,0,0
ACC-60892845,Patient_4089,1/12/2026,A121-365,98941,Provider_A,100,100,B,State Farm Insurance,MID-104089X,0,0000087628,153,0,0,0,0
ACC-73036300,Patient_4090,1/15/2026,A121-365,98941,Provider_B,100,100,B,State Farm Insurance,MID-104090X,0,0000087629,153,0,0,0,0
ACC-95017553,Patient_4091,1/20/2026,A121-365,98941,Provider_A,100,100,B,State Farm Insurance,MID-104091X,0,0000087630,153,0,0,0,0
ACC-71971851,Patient_4092,1/22/2026,A121-365,98941,Provider_B,100,100,B,State Farm Insurance,MID-104092X,0,0000087631,153,0,0,0,0
ACC-98406697,Patient_4093,1/26/2026,A121-365,98941,Provider_A,100,100,B,State Farm Insurance,MID-104093X,0,0000087632,153,0,0,0,0
ACC-67903730,Patient_4094,1/29/2026,A121-365,98941,Provider_B,100,100,B,State Farm Insurance,MID-104094X,0,0000087633,153,0,0,0,0
ACC-54460560,Patient_4095,2/2/2026,A121-365,98941,Provider_A,100,100,B,State Farm Insurance,MID-104095X,0,0000085097,211,0,0,0,0
ACC-60315067,Patient_4096,2/5/2026,A121-365,98941,Provider_B,100,100,B,State Farm Insurance,MID-104096X,0,0000085366,206,0,0,0,0
ACC-12459824,Patient_4097,2/9/2026,A121-365,98941,Provider_A,100,100,B,State Farm Insurance,MID-104097X,0,0000085473,204,0,0,0,0
ACC-58721761,Patient_4098,2/12/2026,A121-365,72052,Provider_B,210,210,B,State Farm Insurance,MID-104098X,0,0000085854,199,0,0,0,0
ACC-97474434,Patient_4099,2/12/2026,A121-365,72120,Provider_A,240,240,B,State Farm Insurance,MID-104099X,0,0000085854,199,0,0,0,0
ACC-61571528,Patient_4100,2/12/2026,A121-365,98941,Provider_B,100,100,B,State Farm Insurance,MID-104100X,0,0000085854,199,0,0,0,0
ACC-31700664,Patient_4101,2/16/2026,A121-365,98941,Provider_A,100,100,B,State Farm Insurance,MID-104101X,0,0000085943,197,0,0,0,0
ACC-75364122,Patient_4102,3/2/2026,A121-365,98941,Provider_B,100,100,B,State Farm Insurance,MID-104102X,0,0000086499,183,0,0,0,0
ACC-58980996,Patient_4103,3/12/2026,A121-365,98941,Provider_A,100,100,B,State Farm Insurance,MID-104103X,0,0000086969,171,0,0,0,0
ACC-73988777,Patient_4104,3/30/2026,A121-365,98941,Provider_B,100,100,B,State Farm Insurance,MID-104104X,0,0000087532,155,0,0,0,0
ACC-96229806,Patient_4105,10/29/2025,A121-365,98941 [AT],Provider_A,100,100,P,Novitas,MID-104105X,0,0000085240,0,0,0,0,0
ACC-62930966,Patient_4106,11/7/2025,A121-365,98941 [AT],Provider_B,100,100,P,Novitas,MID-104106X,0,0000085241,0,0,0,0,0
ACC-48810312,Patient_4107,11/12/2025,A121-365,98941 [AT],Provider_A,100,100,P,Novitas,MID-104107X,0,0000085242,0,0,0,0,0
ACC-23190074,Patient_4108,11/26/2025,A121-365,98941 [AT],Provider_B,100,100,P,Novitas,MID-104108X,0,0000085243,0,0,0,0,0
ACC-51958922,Patient_4109,10/29/2025,A121-365,72052,Provider_A,210,210,B,State Farm Insurance,MID-104109X,0,0000080864,307,0,0,0,0
ACC-54078475,Patient_4110,10/29/2025,A121-365,72120,Provider_B,240,240,B,State Farm Insurance,MID-104110X,0,0000080864,307,0,0,0,0
ACC-11635835,Patient_4111,10/29/2025,A121-365,99203 [25],Provider_A,275,275,B,State Farm Insurance,MID-104111X,0,0000080864,307,0,0,0,0
ACC-46223789,Patient_4112,10/30/2025,A121-365,97039 [GP],Provider_B,60,60,B,State Farm Insurance,MID-104112X,0,0000080962,304,0,0,0,0
ACC-66615532,Patient_4113,10/30/2025,A121-365,98941,Provider_A,100,100,B,State Farm Insurance,MID-104113X,0,0000080962,304,0,0,0,0
ACC-84359566,Patient_4114,10/31/2025,A121-365,97039 [GP],Provider_B,60,60,B,State Farm Insurance,MID-104114X,0,0000080963,304,0,0,0,0
ACC-66146913,Patient_4115,10/31/2025,A121-365,98941,Provider_A,100,100,B,State Farm Insurance,MID-104115X,0,0000080963,304,0,0,0,0
ACC-71266440,Patient_4116,11/3/2025,A121-365,97039 [GP],Provider_B,60,60,B,State Farm Insurance,MID-104116X,0,0000081150,302,0,0,0,0
ACC-44974113,Patient_4117,11/3/2025,A121-365,98941,Provider_A,100,100,B,State Farm Insurance,MID-104117X,0,0000081150,302,0,0,0,0
ACC-26663650,Patient_4118,11/5/2025,A121-365,97039 [GP],Provider_B,60,60,B,State Farm Insurance,MID-104118X,0,0000081399,300,0,0,0,0
ACC-26536631,Patient_4119,11/5/2025,A121-365,98941,Provider_A,100,100,B,State Farm Insurance,MID-104119X,0,0000081399,300,0,0,0,0
ACC-23609821,Patient_4120,11/7/2025,A121-365,97039 [GP],Provider_B,60,60,B,State Farm Insurance,MID-104120X,0,0000081476,297,0,0,0,0
ACC-94564688,Patient_4121,11/7/2025,A121-365,98941,Provider_A,100,100,B,State Farm Insurance,MID-104121X,0,0000081476,297,0,0,0,0
ACC-12925044,Patient_4122,11/10/2025,A121-365,97039 [GP],Provider_B,60,60,B,State Farm Insurance,MID-104122X,0,0000081948,288,0,0,0,0
ACC-24444017,Patient_4123,11/10/2025,A121-365,98941,Provider_A,100,100,B,State Farm Insurance,MID-104123X,0,0000081948,288,0,0,0,0
ACC-12765432,Patient_4124,11/12/2025,A121-365,97110 [GP],Provider_B,35,35,B,State Farm Insurance,MID-104124X,0,0000081761,293,0,0,0,0
ACC-34070433,Patient_4125,11/12/2025,A121-365,98941,Provider_A,100,100,B,State Farm Insurance,MID-104125X,0,0000081761,293,0,0,0,0
ACC-52401792,Patient_4126,11/14/2025,A121-365,97039 [GP],Provider_B,60,60,B,State Farm Insurance,MID-104126X,0,0000081840,290,0,0,0,0
ACC-30158689,Patient_4127,11/14/2025,A121-365,98941,Provider_A,100,100,B,State Farm Insurance,MID-104127X,0,0000081840,290,0,0,0,0
ACC-21545461,Patient_4128,11/19/2025,A121-365,97039 [GP],Provider_B,60,60,B,State Farm Insurance,MID-104128X,0,0000082087,286,0,0,0,0
ACC-58632897,Patient_4129,11/19/2025,A121-365,98941,Provider_A,100,100,B,State Farm Insurance,MID-104129X,0,0000082087,286,0,0,0,0
ACC-98583255,Patient_4130,11/24/2025,A121-365,97039 [GP],Provider_B,60,60,B,State Farm Insurance,MID-104130X,0,0000082257,281,0,0,0,0
ACC-74243922,Patient_4131,11/24/2025,A121-365,98941,Provider_A,100,100,B,State Farm Insurance,MID-104131X,0,0000082257,281,0,0,0,0
ACC-93149732,Patient_4132,11/11/2025,A121-365,72052,Provider_B,210,42.09,P,Blue Cross Blue Shield of New Mexico,MID-104132X,42.09,,281,0,0,125.82,0
ACC-70158897,Patient_4133,11/11/2025,A121-365,99203 [25],Provider_A,275,78.05,P,Blue Cross Blue Shield of New Mexico,MID-104133X,78.05,,281,0,0,118.9,0
ACC-82257407,Patient_4134,11/17/2025,A121-365,98941,Provider_B,100,36.68,P,Blue Cross Blue Shield of New Mexico,MID-104134X,36.68,,281,0,0,26.64,0
ACC-57517354,Patient_4135,8/26/2026,A31-60,97012 [GP],Provider_A,30,30,B,Blue Cross Blue Shield of New Mexico,MID-104135X,0,0000092928,6,0,0,0,0
ACC-52648291,Patient_4136,2/11/2026,A121-365,98941,Provider_B,100,65.26,B,Cigna,MID-104136X,0,0000088385,134,34.74,0,0,34.74
ACC-58334069,Patient_4137,8/18/2026,A31-60,98941,Provider_A,100,12.23,B,Presbyterian Health Plan,MID-104137X,0,0000092743,13,0,0,62.77,25
ACC-74127882,Patient_4138,12/1/2025,A121-365,99203 [25],Provider_B,275,275,B,Cigna Preferred Medicare,MID-104138X,0,0000082839,267,0,0,0,0
ACC-34799735,Patient_4139,7/29/2026,A61-90,98941 [AT],Provider_A,100,100,B,Novitas,MID-104139X,0,,36,0,0,0,0
ACC-51049690,Patient_4140,8/5/2026,A31-60,98941 [AT],Provider_B,100,100,B,Novitas,MID-104140X,0,,29,0,0,0,0
ACC-58974841,Patient_4141,4/6/2026,A121-365,98941 [AT],Provider_A,100,7.45,P,Novitas,MID-104141X,29.18,0000087834,0,0,0,63.37,0
ACC-10340199,Patient_4142,4/6/2026,A121-365,98941 [AT],Provider_B,100,7.45,B,Cigna Medicare Supplement Insurance,MID-104142X,0,0000089912,101,0,0,63.37,0
ACC-75673414,Patient_4143,12/5/2025,A121-365,99203 [25],Provider_A,275,255,D,Cigna,MID-104143X,0,,272,20,20,0,0
ACC-83333666,Patient_4144,12/10/2025,A121-365,98941,Provider_B,100,80,D,Cigna,MID-104144X,0,,267,20,20,0,0
ACC-99184572,Patient_4145,8/18/2026,A31-60,98941 [AT],Provider_A,100,85,B,Optum,MID-104145X,0,0000092744,13,15,0,0,15
ACC-28466424,Patient_4146,3/30/2026,A121-365,98941,Provider_B,100,100,B,State Farm Insurance,MID-104146X,0,0000087535,155,0,0,0,0
ACC-34284860,Patient_4147,4/6/2026,A121-365,98941,Provider_A,100,100,B,State Farm Insurance,MID-104147X,0,0000087833,148,0,0,0,0
ACC-98891973,Patient_4148,4/8/2026,A121-365,98941,Provider_B,100,100,B,State Farm Insurance,MID-104148X,0,0000087940,146,0,0,0,0
ACC-24505938,Patient_4149,4/8/2026,A121-365,S8948,Provider_A,60,60,B,State Farm Insurance,MID-104149X,0,0000087940,146,0,0,0,0
ACC-69428643,Patient_4150,4/15/2026,A121-365,98941,Provider_B,100,100,B,State Farm Insurance,MID-104150X,0,0000088170,139,0,0,0,0
ACC-42324264,Patient_4151,4/22/2026,A121-365,98941,Provider_A,100,100,B,State Farm Insurance,MID-104151X,0,0000088636,132,0,0,0,0
ACC-79405810,Patient_4152,4/29/2026,A121-365,98941,Provider_B,100,100,B,State Farm Insurance,MID-104152X,0,0000088890,125,0,0,0,0
ACC-15274867,Patient_4153,5/6/2026,A121-365,98941,Provider_A,100,100,B,State Farm Insurance,MID-104153X,0,0000089182,118,0,0,0,0
ACC-93418713,Patient_4154,5/13/2026,A121-365,98941,Provider_B,100,100,B,State Farm Insurance,MID-104154X,0,0000089487,111,0,0,0,0
ACC-35218067,Patient_4155,5/13/2026,A121-365,S8948,Provider_A,60,60,B,State Farm Insurance,MID-104155X,0,0000089487,111,0,0,0,0
ACC-35978096,Patient_4156,5/27/2026,A121-365,98941,Provider_B,100,100,B,State Farm Insurance,MID-104156X,0,0000090005,97,0,0,0,0
ACC-30794571,Patient_4157,8/28/2026,A31-60,97012 [GP],Provider_A,30,9.83,B,Blue Cross Blue Shield of New Mexico,MID-104157X,0,0000092996,3,0,0,20.17,0
ACC-30505854,Patient_4158,6/3/2026,A91-120,98941,Provider_B,100,20,B,United Healthcare,MID-104158X,0,0000090321,90,0,0,50,0
ACC-31676141,Patient_4159,6/10/2026,A91-120,98941,Provider_A,100,20,B,United Healthcare,MID-104159X,0,0000090592,83,0,0,50,0
ACC-48832543,Patient_4160,8/5/2026,A31-60,98941 [AT],Provider_B,100,35,P,Blue Cross Blue Shield of New Mexico,MID-104160X,1.68,0000092746,0,0,0,63.32,0
ACC-37021762,Patient_4161,8/5/2026,A31-60,98941 [AT],Provider_A,100,35,B,Novitas,MID-104161X,0,,0,0,0,63.32,0
ACC-65880918,Patient_4162,8/10/2026,A31-60,98941 [AT],Provider_B,100,35,P,Blue Cross Blue Shield of New Mexico,MID-104162X,1.68,0000092747,0,0,0,63.32,0
ACC-65300984,Patient_4163,8/10/2026,A31-60,98941 [AT],Provider_A,100,35,B,Novitas,MID-104163X,0,,0,0,0,63.32,0
ACC-24110194,Patient_4164,8/26/2026,A31-60,98941 [AT],Provider_B,100,1.68,B,Blue Cross Blue Shield of New Mexico,MID-104164X,0,,8,0,0,63.32,0
ACC-70574679,Patient_4165,2/9/2026,A121-365,98941 [AT],Provider_A,100,100,B,Life 1,MID-104165X,0,,58,0,0,0,0
ACC-42353029,Patient_4166,2/17/2026,A121-365,98941 [AT],Provider_B,100,100,B,Life 1,MID-104166X,0,,58,0,0,0,0
ACC-44641457,Patient_4167,2/23/2026,A121-365,98941 [AT],Provider_A,100,100,B,Life 1,MID-104167X,0,,58,0,0,0,0
ACC-29221532,Patient_4168,3/4/2026,A121-365,98941 [AT],Provider_B,100,100,B,Life 1,MID-104168X,0,,58,0,0,0,0
ACC-96622913,Patient_4169,3/25/2026,A121-365,98941 [AT],Provider_A,100,100,B,Life 1,MID-104169X,0,,58,0,0,0,0
ACC-82913960,Patient_4170,4/8/2026,A121-365,98941 [AT],Provider_B,100,100,B,Life 1,MID-104170X,0,,58,0,0,0,0
ACC-62943808,Patient_4171,4/15/2026,A121-365,98941 [AT],Provider_A,100,100,B,Life 1,MID-104171X,0,,58,0,0,0,0
ACC-12745796,Patient_4172,4/22/2026,A121-365,98941 [AT],Provider_B,100,100,B,Life 1,MID-104172X,0,,58,0,0,0,0
ACC-64909983,Patient_4173,4/29/2026,A121-365,98941 [AT],Provider_A,100,100,B,Life 1,MID-104173X,0,,58,0,0,0,0
ACC-11086259,Patient_4174,5/6/2026,A121-365,98941 [AT],Provider_B,100,100,B,Life 1,MID-104174X,0,,58,0,0,0,0
ACC-96095855,Patient_4175,7/1/2026,A61-90,98941 [AT],Provider_A,100,100,B,Life 1,MID-104175X,0,,58,0,0,0,0
ACC-84561087,Patient_4176,7/30/2026,A61-90,98941 [AT],Provider_B,100,80,B,Novitas,MID-104176X,0,,35,20,20,0,0
ACC-19611482,Patient_4177,8/5/2026,A31-60,98941 [AT],Provider_A,100,80,B,Novitas,MID-104177X,0,,29,20,20,0,0
ACC-16726100,Patient_4178,8/10/2026,A31-60,98941 [AT],Provider_B,100,80,B,Novitas,MID-104178X,0,,24,20,20,0,0
ACC-68935328,Patient_4179,8/12/2026,A31-60,98941 [AT],Provider_A,100,80,B,Novitas,MID-104179X,0,,22,20,20,0,0
ACC-45834800,Patient_4180,8/19/2026,A31-60,98941 [AT],Provider_B,100,80,B,Novitas,MID-104180X,0,,15,20,20,0,0
ACC-73399872,Patient_4181,8/27/2026,A31-60,98941 [AT],Provider_A,100,80,B,Novitas,MID-104181X,0,,7,20,20,0,0
ACC-45015304,Patient_4182,9/2/2026,A0-30,98941 [AT],Provider_B,100,80,B,Novitas,MID-104182X,0,,1,20,20,0,0
ACC-29720780,Patient_4183,5/27/2026,A121-365,98941,Provider_A,100,33.02,B,Blue Cross Blue Shield of New Mexico,MID-104183X,0,0000090012,97,0,0,63.32,3.66
ACC-13420701,Patient_4184,8/18/2026,A31-60,98941 [AT],Provider_B,100,85,B,United HealthCare Medicare Advantage,MID-104184X,0,,16,15,0,0,15
ACC-11324830,Patient_4185,1/29/2026,A121-365,72052,Provider_A,210,210,B,Horace Mann Insurance Company,MID-104185X,0,,34,0,0,0,0
ACC-35957112,Patient_4186,1/29/2026,A121-365,72120,Provider_B,240,240,B,Horace Mann Insurance Company,MID-104186X,0,,34,0,0,0,0
ACC-14956112,Patient_4187,1/29/2026,A121-365,97039 [GP],Provider_A,60,60,B,Horace Mann Insurance Company,MID-104187X,0,,34,0,0,0,0
ACC-77597226,Patient_4188,1/29/2026,A121-365,99203 [25],Provider_B,275,275,B,Horace Mann Insurance Company,MID-104188X,0,,34,0,0,0,0
ACC-65459860,Patient_4189,1/30/2026,A121-365,97039 [GP],Provider_A,120,120,B,Horace Mann Insurance Company,MID-104189X,0,,34,0,0,0,0
ACC-61466754,Patient_4190,1/30/2026,A121-365,98941,Provider_B,100,100,B,Horace Mann Insurance Company,MID-104190X,0,,34,0,0,0,0
ACC-54883264,Patient_4191,2/2/2026,A121-365,97039 [GP],Provider_A,120,120,B,Horace Mann Insurance Company,MID-104191X,0,,34,0,0,0,0
ACC-49153415,Patient_4192,2/2/2026,A121-365,98941,Provider_B,100,100,B,Horace Mann Insurance Company,MID-104192X,0,,34,0,0,0,0
ACC-81723246,Patient_4193,2/5/2026,A121-365,97039 [GP],Provider_A,120,120,B,Horace Mann Insurance Company,MID-104193X,0,,34,0,0,0,0
ACC-38435602,Patient_4194,2/5/2026,A121-365,98941,Provider_B,100,100,B,Horace Mann Insurance Company,MID-104194X,0,,34,0,0,0,0
ACC-17532748,Patient_4195,2/9/2026,A121-365,97039 [GP],Provider_A,120,120,B,Horace Mann Insurance Company,MID-104195X,0,,34,0,0,0,0
ACC-65494121,Patient_4196,2/9/2026,A121-365,98941,Provider_B,100,100,B,Horace Mann Insurance Company,MID-104196X,0,,34,0,0,0,0
ACC-73707776,Patient_4197,2/12/2026,A121-365,97039 [GP],Provider_A,120,120,B,Horace Mann Insurance Company,MID-104197X,0,,34,0,0,0,0
ACC-45623362,Patient_4198,2/12/2026,A121-365,98941,Provider_B,100,100,B,Horace Mann Insurance Company,MID-104198X,0,,34,0,0,0,0
ACC-93494385,Patient_4199,2/16/2026,A121-365,97039 [GP],Provider_A,120,120,B,Horace Mann Insurance Company,MID-104199X,0,,34,0,0,0,0
ACC-12421578,Patient_4200,2/16/2026,A121-365,98941,Provider_B,100,100,B,Horace Mann Insurance Company,MID-104200X,0,,34,0,0,0,0
ACC-78134870,Patient_4201,2/19/2026,A121-365,97039 [GP],Provider_A,120,120,B,Horace Mann Insurance Company,MID-104201X,0,,34,0,0,0,0
ACC-86169364,Patient_4202,2/19/2026,A121-365,98941,Provider_B,100,100,B,Horace Mann Insurance Company,MID-104202X,0,,34,0,0,0,0
ACC-41185433,Patient_4203,3/5/2026,A121-365,97039 [GP],Provider_A,120,120,B,Horace Mann Insurance Company,MID-104203X,0,,34,0,0,0,0
ACC-95422431,Patient_4204,3/5/2026,A121-365,97110 [GP],Provider_B,35,35,B,Horace Mann Insurance Company,MID-104204X,0,,34,0,0,0,0
ACC-56918316,Patient_4205,3/5/2026,A121-365,98941,Provider_A,100,100,B,Horace Mann Insurance Company,MID-104205X,0,,34,0,0,0,0
ACC-14284710,Patient_4206,3/9/2026,A121-365,97039 [GP],Provider_B,120,120,B,Horace Mann Insurance Company,MID-104206X,0,,34,0,0,0,0
ACC-67250577,Patient_4207,3/9/2026,A121-365,97110 [GP],Provider_A,35,35,B,Horace Mann Insurance Company,MID-104207X,0,,34,0,0,0,0
ACC-16309180,Patient_4208,3/9/2026,A121-365,98941,Provider_B,100,100,B,Horace Mann Insurance Company,MID-104208X,0,,34,0,0,0,0
ACC-14962088,Patient_4209,3/12/2026,A121-365,97039 [GP],Provider_A,120,120,B,Horace Mann Insurance Company,MID-104209X,0,,34,0,0,0,0
ACC-38339373,Patient_4210,3/12/2026,A121-365,98941,Provider_B,100,100,B,Horace Mann Insurance Company,MID-104210X,0,,34,0,0,0,0
ACC-55294227,Patient_4211,3/16/2026,A121-365,97039 [GP],Provider_A,120,120,B,Horace Mann Insurance Company,MID-104211X,0,,34,0,0,0,0
ACC-74638960,Patient_4212,3/16/2026,A121-365,98941,Provider_B,100,100,B,Horace Mann Insurance Company,MID-104212X,0,,34,0,0,0,0
ACC-37470386,Patient_4213,3/26/2026,A121-365,98941,Provider_A,100,100,B,Horace Mann Insurance Company,MID-104213X,0,,34,0,0,0,0
ACC-52366162,Patient_4214,3/26/2026,A121-365,99214 [25],Provider_B,150,150,B,Horace Mann Insurance Company,MID-104214X,0,,34,0,0,0,0
ACC-11988778,Patient_4215,3/30/2026,A121-365,97039 [GP],Provider_A,60,60,B,Horace Mann Insurance Company,MID-104215X,0,,34,0,0,0,0
ACC-47555843,Patient_4216,3/30/2026,A121-365,98941,Provider_B,100,100,B,Horace Mann Insurance Company,MID-104216X,0,,34,0,0,0,0
ACC-78357316,Patient_4217,4/8/2026,A121-365,98941,Provider_A,100,100,B,Horace Mann Insurance Company,MID-104217X,0,,34,0,0,0,0
ACC-38001037,Patient_4218,4/13/2026,A121-365,98941,Provider_B,100,100,B,Horace Mann Insurance Company,MID-104218X,0,,34,0,0,0,0
ACC-71250655,Patient_4219,4/16/2026,A121-365,98941,Provider_A,100,100,B,Horace Mann Insurance Company,MID-104219X,0,,34,0,0,0,0
ACC-29817255,Patient_4220,4/20/2026,A121-365,98941,Provider_B,100,100,B,Horace Mann Insurance Company,MID-104220X,0,,34,0,0,0,0
ACC-85634013,Patient_4221,4/23/2026,A121-365,97110,Provider_A,35,35,B,Horace Mann Insurance Company,MID-104221X,0,,34,0,0,0,0
ACC-32854960,Patient_4222,4/23/2026,A121-365,98941,Provider_B,100,100,B,Horace Mann Insurance Company,MID-104222X,0,,34,0,0,0,0
ACC-67313715,Patient_4223,4/27/2026,A121-365,98941,Provider_A,100,100,B,Horace Mann Insurance Company,MID-104223X,0,,34,0,0,0,0
ACC-17401884,Patient_4224,5/4/2026,A121-365,98941,Provider_B,100,100,B,Horace Mann Insurance Company,MID-104224X,0,,34,0,0,0,0
ACC-70715925,Patient_4225,5/14/2026,A121-365,98941,Provider_A,100,100,B,Horace Mann Insurance Company,MID-104225X,0,,34,0,0,0,0
ACC-21589062,Patient_4226,5/15/2026,A121-365,98941,Provider_B,100,100,B,Horace Mann Insurance Company,MID-104226X,0,,34,0,0,0,0
ACC-85891934,Patient_4227,5/15/2026,A121-365,99214 [25],Provider_A,150,150,B,Horace Mann Insurance Company,MID-104227X,0,,34,0,0,0,0
ACC-92830447,Patient_4228,5/18/2026,A121-365,98941,Provider_B,100,100,B,Horace Mann Insurance Company,MID-104228X,0,,34,0,0,0,0
ACC-31564193,Patient_4229,5/20/2026,A121-365,98941,Provider_A,100,100,B,Horace Mann Insurance Company,MID-104229X,0,,34,0,0,0,0
ACC-36787479,Patient_4230,5/22/2026,A121-365,98941,Provider_B,100,100,B,Horace Mann Insurance Company,MID-104230X,0,,34,0,0,0,0
ACC-58483404,Patient_4231,5/27/2026,A121-365,98941,Provider_A,100,100,B,Horace Mann Insurance Company,MID-104231X,0,,34,0,0,0,0
ACC-32838149,Patient_4232,5/29/2026,A121-365,98943,Provider_B,50,50,B,Horace Mann Insurance Company,MID-104232X,0,,34,0,0,0,0
ACC-13638322,Patient_4233,6/1/2026,A91-120,98943,Provider_A,50,50,B,Horace Mann Insurance Company,MID-104233X,0,,34,0,0,0,0
ACC-29313920,Patient_4234,6/3/2026,A91-120,97012,Provider_B,30,30,B,Horace Mann Insurance Company,MID-104234X,0,,34,0,0,0,0
ACC-92274987,Patient_4235,6/3/2026,A91-120,97110,Provider_A,35,35,B,Horace Mann Insurance Company,MID-104235X,0,,34,0,0,0,0
ACC-25137697,Patient_4236,6/3/2026,A91-120,98943,Provider_B,50,50,B,Horace Mann Insurance Company,MID-104236X,0,,34,0,0,0,0
ACC-76401607,Patient_4237,6/5/2026,A91-120,97012 [GP],Provider_A,30,30,B,Horace Mann Insurance Company,MID-104237X,0,,34,0,0,0,0
ACC-98620886,Patient_4238,6/5/2026,A91-120,98943,Provider_B,50,50,B,Horace Mann Insurance Company,MID-104238X,0,,34,0,0,0,0
ACC-99316327,Patient_4239,6/8/2026,A91-120,72052,Provider_A,210,210,B,Horace Mann Insurance Company,MID-104239X,0,,34,0,0,0,0
ACC-88850456,Patient_4240,6/8/2026,A91-120,72120,Provider_B,240,240,B,Horace Mann Insurance Company,MID-104240X,0,,34,0,0,0,0
ACC-13725470,Patient_4241,6/8/2026,A91-120,97012 [GP],Provider_A,30,30,B,Horace Mann Insurance Company,MID-104241X,0,,34,0,0,0,0
ACC-79012954,Patient_4242,6/8/2026,A91-120,98943,Provider_B,50,50,B,Horace Mann Insurance Company,MID-104242X,0,,34,0,0,0,0
ACC-30013850,Patient_4243,6/9/2026,A91-120,97012 [GP],Provider_A,30,30,B,Horace Mann Insurance Company,MID-104243X,0,,34,0,0,0,0
ACC-73293044,Patient_4244,6/9/2026,A91-120,98943,Provider_B,50,50,B,Horace Mann Insurance Company,MID-104244X,0,,34,0,0,0,0
ACC-47766004,Patient_4245,6/12/2026,A91-120,97012 [GP],Provider_A,30,30,B,Horace Mann Insurance Company,MID-104245X,0,,34,0,0,0,0
ACC-26499246,Patient_4246,6/12/2026,A91-120,98943,Provider_B,50,50,B,Horace Mann Insurance Company,MID-104246X,0,,34,0,0,0,0
ACC-96250121,Patient_4247,6/15/2026,A91-120,97012 [GP],Provider_A,30,30,B,Horace Mann Insurance Company,MID-104247X,0,,34,0,0,0,0
ACC-76141861,Patient_4248,6/15/2026,A91-120,98943,Provider_B,50,50,B,Horace Mann Insurance Company,MID-104248X,0,,34,0,0,0,0
ACC-79612918,Patient_4249,6/17/2026,A91-120,98941,Provider_A,100,100,B,Horace Mann Insurance Company,MID-104249X,0,,34,0,0,0,0
ACC-91023269,Patient_4250,6/18/2026,A91-120,98941,Provider_B,100,100,B,Horace Mann Insurance Company,MID-104250X,0,,34,0,0,0,0
ACC-71746433,Patient_4251,6/19/2026,A91-120,98941,Provider_A,100,100,B,Horace Mann Insurance Company,MID-104251X,0,,34,0,0,0,0
ACC-81789978,Patient_4252,6/22/2026,A91-120,98941,Provider_B,100,100,B,Horace Mann Insurance Company,MID-104252X,0,,34,0,0,0,0
ACC-36910061,Patient_4253,6/30/2026,A91-120,98941,Provider_A,100,100,B,Horace Mann Insurance Company,MID-104253X,0,,34,0,0,0,0
ACC-54582545,Patient_4254,7/15/2026,A61-90,97012 [GP],Provider_B,30,30,B,Horace Mann Insurance Company,MID-104254X,0,,34,0,0,0,0
ACC-63608759,Patient_4255,7/15/2026,A61-90,98941,Provider_A,100,100,B,Horace Mann Insurance Company,MID-104255X,0,,34,0,0,0,0
ACC-61408673,Patient_4256,7/17/2026,A61-90,97012 [GP],Provider_B,30,30,B,Horace Mann Insurance Company,MID-104256X,0,,34,0,0,0,0
ACC-58544909,Patient_4257,7/17/2026,A61-90,98941,Provider_A,100,100,B,Horace Mann Insurance Company,MID-104257X,0,,34,0,0,0,0
ACC-64198197,Patient_4258,7/22/2026,A61-90,97012 [GP],Provider_B,30,30,B,Horace Mann Insurance Company,MID-104258X,0,,34,0,0,0,0
ACC-49710165,Patient_4259,7/22/2026,A61-90,98941,Provider_A,100,100,B,Horace Mann Insurance Company,MID-104259X,0,,34,0,0,0,0
ACC-23200636,Patient_4260,8/14/2026,A31-60,97012 [GP],Provider_B,30,30,B,Horace Mann Insurance Company,MID-104260X,0,,7,0,0,0,0
ACC-73719937,Patient_4261,8/14/2026,A31-60,98941,Provider_A,100,100,B,Horace Mann Insurance Company,MID-104261X,0,,7,0,0,0,0
ACC-88513356,Patient_4262,5/1/2026,A121-365,98941 [AT],Provider_B,100,80,B,Novitas,MID-104262X,0,0000088967,122,20,0,0,20
ACC-85081226,Patient_4263,8/21/2026,A31-60,98941 [AT],Provider_A,100,29.3,B,Novitas,MID-104263X,0,,13,0,0,63.37,7.33
ACC-12838265,Patient_4264,5/8/2026,A121-365,98941 [AT],Provider_B,100,7.45,P,Novitas,MID-104264X,29.18,0000089275,0,0,0,63.37,0
ACC-90265131,Patient_4265,5/8/2026,A121-365,98941 [AT],Provider_A,100,7.45,B,Blue Cross Blue Shield of New Mexico,MID-104265X,0,,100,0,0,63.37,0
ACC-37009869,Patient_4266,5/15/2026,A121-365,98941 [AT],Provider_B,100,7.45,P,Novitas,MID-104266X,29.18,0000089592,0,0,0,63.37,0
ACC-11922111,Patient_4267,5/15/2026,A121-365,98941 [AT],Provider_A,100,7.45,B,Blue Cross Blue Shield of New Mexico,MID-104267X,0,,95,0,0,63.37,0
ACC-94307831,Patient_4268,5/27/2026,A121-365,98941 [AT],Provider_B,100,7.45,P,Novitas,MID-104268X,29.18,0000090023,0,0,0,63.37,0
ACC-24978450,Patient_4269,5/27/2026,A121-365,98941 [AT],Provider_A,100,7.45,B,Blue Cross Blue Shield of New Mexico,MID-104269X,0,,84,0,0,63.37,0
ACC-55977400,Patient_4270,2/17/2026,A121-365,72052,Provider_B,210,-100,P,Progressive,MID-104270X,310,0000087164,0,0,0,0,0
ACC-21293753,Patient_4271,2/17/2026,A121-365,98941,Provider_A,100,-100,P,Progressive,MID-104271X,200,0000087164,0,0,0,0,0
ACC-83170651,Patient_4272,2/20/2026,A121-365,98941,Provider_B,100,-100,P,Progressive,MID-104272X,200,0000087165,0,0,0,0,0
ACC-43085638,Patient_4273,2/24/2026,A121-365,98941,Provider_A,100,-100,P,Progressive,MID-104273X,200,0000087166,0,0,0,0,0
ACC-86772272,Patient_4274,2/27/2026,A121-365,98941,Provider_B,100,-100,P,Progressive,MID-104274X,200,0000087167,0,0,0,0,0
ACC-42068160,Patient_4275,3/2/2026,A121-365,98941,Provider_A,100,-100,P,Progressive,MID-104275X,200,0000087168,0,0,0,0,0
ACC-67416407,Patient_4276,3/4/2026,A121-365,98941,Provider_B,100,-100,P,Progressive,MID-104276X,200,0000087169,0,0,0,0,0
ACC-74502406,Patient_4277,3/6/2026,A121-365,98941,Provider_A,100,-100,P,Progressive,MID-104277X,200,0000087170,0,0,0,0,0
ACC-75435822,Patient_4278,3/9/2026,A121-365,98941,Provider_B,100,-100,P,Progressive,MID-104278X,200,0000087171,0,0,0,0,0
ACC-59789452,Patient_4279,3/11/2026,A121-365,98941,Provider_A,100,-100,P,Progressive,MID-104279X,200,0000087172,0,0,0,0,0
ACC-43691753,Patient_4280,3/13/2026,A121-365,98941,Provider_B,100,-100,P,Progressive,MID-104280X,200,0000087173,0,0,0,0,0
ACC-40280350,Patient_4281,3/16/2026,A121-365,97039 [GP],Provider_A,60,-20,P,Progressive,MID-104281X,80,0000087174,0,0,0,0,0
ACC-63954379,Patient_4282,3/16/2026,A121-365,98941,Provider_B,100,-100,P,Progressive,MID-104282X,200,0000087174,0,0,0,0,0
ACC-79038462,Patient_4283,3/6/2026,A121-365,72052,Provider_A,210,210,B,Liberty Mutual,MID-104283X,0,0000087295,162,0,0,0,0
ACC-14424722,Patient_4284,3/6/2026,A121-365,72120,Provider_B,240,240,B,Liberty Mutual,MID-104284X,0,0000087295,162,0,0,0,0
ACC-80443643,Patient_4285,3/6/2026,A121-365,97039 [GP],Provider_A,60,60,B,Liberty Mutual,MID-104285X,0,0000087295,162,0,0,0,0
ACC-91968972,Patient_4286,3/6/2026,A121-365,98941,Provider_B,100,100,B,Liberty Mutual,MID-104286X,0,0000087295,162,0,0,0,0
ACC-67215419,Patient_4287,4/1/2026,A121-365,97039 [GP],Provider_A,60,60,B,Liberty Mutual,MID-104287X,0,0000087670,153,0,0,0,0
ACC-68379960,Patient_4288,4/1/2026,A121-365,98941,Provider_B,100,100,B,Liberty Mutual,MID-104288X,0,0000087670,153,0,0,0,0
ACC-18862146,Patient_4289,4/3/2026,A121-365,97039 [GP],Provider_A,60,60,B,Liberty Mutual,MID-104289X,0,0000087739,150,0,0,0,0
ACC-73810942,Patient_4290,4/3/2026,A121-365,98941,Provider_B,100,100,B,Liberty Mutual,MID-104290X,0,0000087739,150,0,0,0,0
ACC-45254366,Patient_4291,4/8/2026,A121-365,97039 [GP],Provider_A,60,60,B,Liberty Mutual,MID-104291X,0,0000087959,146,0,0,0,0
ACC-27496325,Patient_4292,4/8/2026,A121-365,98941,Provider_B,100,100,B,Liberty Mutual,MID-104292X,0,0000087959,146,0,0,0,0
ACC-35445613,Patient_4293,4/10/2026,A121-365,98941,Provider_A,100,100,B,Liberty Mutual,MID-104293X,0,0000088041,143,0,0,0,0
ACC-95053773,Patient_4294,4/10/2026,A121-365,99214 [25],Provider_B,150,150,B,Liberty Mutual,MID-104294X,0,0000088041,143,0,0,0,0
ACC-69381676,Patient_4295,4/15/2026,A121-365,98941,Provider_A,100,100,B,Liberty Mutual,MID-104295X,0,0000088216,139,0,0,0,0
ACC-28162944,Patient_4296,4/15/2026,A121-365,99214 [25],Provider_B,150,150,B,Liberty Mutual,MID-104296X,0,0000088216,139,0,0,0,0
ACC-99642164,Patient_4297,4/17/2026,A121-365,98941,Provider_A,100,100,B,Liberty Mutual,MID-104297X,0,0000088302,136,0,0,0,0
ACC-61800515,Patient_4298,4/17/2026,A121-365,99214 [25],Provider_B,150,150,B,Liberty Mutual,MID-104298X,0,0000088302,136,0,0,0,0
ACC-34221871,Patient_4299,8/24/2026,A31-60,98941,Provider_A,100,21.79,B,Presbyterian Health Plan,MID-104299X,0,0000092867,8,0,0,63.21,15
ACC-69738728,Patient_4300,8/17/2026,A31-60,98941 [AT],Provider_B,100,22.23,B,Blue Cross Blue Shield Medicare Advantage,MID-104300X,0,,17,0,0,62.77,15
ACC-81090071,Patient_4301,8/21/2026,A31-60,98941 [AT],Provider_A,100,22.23,B,Blue Cross Blue Shield Medicare Advantage,MID-104301X,0,,13,0,0,62.77,15
ACC-89818473,Patient_4302,8/24/2026,A31-60,98941 [AT],Provider_B,100,22.23,B,Blue Cross Blue Shield Medicare Advantage,MID-104302X,0,,10,0,0,62.77,15
ACC-60212372,Patient_4303,8/28/2026,A31-60,98941 [AT],Provider_A,100,22.23,B,Blue Cross Blue Shield Medicare Advantage,MID-104303X,0,,6,0,0,62.77,15
ACC-67187985,Patient_4304,8/10/2026,A31-60,98941 [AT],Provider_B,100,80,B,Novitas,MID-104304X,0,,24,20,0,0,20
ACC-72976337,Patient_4305,8/24/2026,A31-60,98941 [AT],Provider_A,100,80,B,Novitas,MID-104305X,0,,10,20,0,0,20
ACC-61039894,Patient_4306,8/19/2026,A31-60,98941,Provider_B,100,15,B,United Healthcare,MID-104306X,0,0000092755,13,0,0,50,35
ACC-24914335,Patient_4307,8/24/2026,A31-60,97012 [GP],Provider_A,30,30,B,United Healthcare,MID-104307X,0,0000092869,8,0,0,0,0
ACC-27948799,Patient_4308,9/2/2026,A0-30,97012 [GP],Provider_B,30,30,B,United Healthcare,MID-104308X,0,0000093119,0,0,0,0,0
ACC-14054673,Patient_4309,8/13/2026,A31-60,98941,Provider_A,100,21.68,B,Blue Cross Blue Shield of New Mexico,MID-104309X,0,0000092632,17,0,0,63.32,15
ACC-35123814,Patient_4310,8/13/2026,A31-60,E0761,Provider_B,50,50,B,Blue Cross Blue Shield of New Mexico,MID-104310X,0,0000092632,17,0,0,0,0
ACC-92794838,Patient_4311,8/26/2026,A31-60,98941,Provider_A,100,21.68,B,Blue Cross Blue Shield of New Mexico,MID-104311X,0,0000092933,6,0,0,63.32,15
ACC-35009322,Patient_4312,8/31/2026,A0-30,97012 [GP],Provider_B,30,30,B,Blue Cross Blue Shield of New Mexico,MID-104312X,0,0000093046,1,0,0,0,0
ACC-23675445,Patient_4313,8/31/2026,A0-30,98941,Provider_A,100,21.68,B,Blue Cross Blue Shield of New Mexico,MID-104313X,0,0000093046,1,0,0,63.32,15
ACC-70817350,Patient_4314,8/26/2026,A31-60,97012 [GP],Provider_B,30,9.83,B,Blue Cross Blue Shield of New Mexico,MID-104314X,0,0000092934,6,0,0,20.17,0
ACC-66337189,Patient_4315,8/26/2026,A31-60,98941,Provider_A,100,-18.32,B,Blue Cross Blue Shield of New Mexico,MID-104315X,0,0000092934,6,0,0,63.32,55
ACC-22067051,Patient_4316,8/19/2026,A31-60,98941,Provider_B,100,42.86,B,Aetna,MID-104316X,0,0000092757,13,0,0,57.14,0
ACC-53851898,Patient_4317,8/26/2026,A31-60,98941,Provider_A,100,42.86,B,Aetna,MID-104317X,0,0000092935,6,0,0,57.14,0
ACC-19899756,Patient_4318,9/2/2026,A0-30,98941,Provider_B,100,42.86,B,Aetna,MID-104318X,0,0000093120,0,0,0,57.14,0
ACC-78506135,Patient_4319,9/2/2026,A0-30,99212 [25],Provider_A,100,100,B,Aetna,MID-104319X,0,0000093120,0,0,0,0,0
ACC-85695653,Patient_4320,7/13/2026,A61-90,98941,Provider_B,100,50,P,United Healthcare,MID-104320X,0,0000091654,0,50,0,0,50
ACC-91762737,Patient_4321,7/13/2026,A61-90,98941,Provider_A,100,50,B,Novitas,MID-104321X,0,,0,50,0,0,50
ACC-78708938,Patient_4322,5/4/2026,A121-365,98941 [AT],Provider_B,100,80,B,Novitas,MID-104322X,0,0000089095,120,20,0,0,20
ACC-50398460,Patient_4323,8/17/2026,A31-60,98941 [AT],Provider_A,100,80,B,Novitas,MID-104323X,0,,17,20,0,0,20
ACC-51040044,Patient_4324,9/2/2026,A0-30,97012 [GP],Provider_B,30,30,B,Presbyterian Health Plan,MID-104324X,0,0000093154,0,0,0,0,0
ACC-72986892,Patient_4325,9/2/2026,A0-30,98943,Provider_A,50,15,B,Presbyterian Health Plan,MID-104325X,0,0000093154,0,35,35,0,0
ACC-34425476,Patient_4326,8/26/2026,A31-60,97012 [GP],Provider_B,30,-10,B,Blue Cross Blue Shield of New Mexico,MID-104326X,0,0000092948,6,40,0,0,40
ACC-12510788,Patient_4327,8/26/2026,A31-60,97110 [GP],Provider_A,45,45,B,Blue Cross Blue Shield of New Mexico,MID-104327X,0,0000092948,6,0,0,0,0
ACC-92662136,Patient_4328,8/26/2026,A31-60,98943,Provider_B,50,50,B,Blue Cross Blue Shield of New Mexico,MID-104328X,0,0000092948,6,0,0,0,0
ACC-96811655,Patient_4329,8/27/2026,A31-60,97012 [GP],Provider_A,30,-10,B,Blue Cross Blue Shield of New Mexico,MID-104329X,0,0000093007,3,40,0,0,40
ACC-35030286,Patient_4330,8/27/2026,A31-60,98943,Provider_B,50,50,B,Blue Cross Blue Shield of New Mexico,MID-104330X,0,0000093007,3,0,0,0,0
ACC-33884403,Patient_4331,8/31/2026,A0-30,97012 [GP],Provider_A,30,-10,B,Blue Cross Blue Shield of New Mexico,MID-104331X,0,0000093052,1,40,0,0,40
ACC-88812734,Patient_4332,8/31/2026,A0-30,98943,Provider_B,50,50,B,Blue Cross Blue Shield of New Mexico,MID-104332X,0,0000093052,1,0,0,0,0
ACC-26437571,Patient_4333,9/2/2026,A0-30,97012 [GP],Provider_A,30,-10,B,Blue Cross Blue Shield of New Mexico,MID-104333X,0,0000093130,0,40,0,0,40
ACC-93231059,Patient_4334,9/2/2026,A0-30,98943,Provider_B,50,50,B,Blue Cross Blue Shield of New Mexico,MID-104334X,0,0000093130,0,0,0,0,0
ACC-26080641,Patient_4335,5/18/2026,A121-365,98941 [AT],Provider_A,100,100,B,MSA CareGuard,MID-104335X,0,0000089689,106,0,0,0,0
ACC-24230831,Patient_4336,5/20/2026,A121-365,98941 [AT],Provider_B,100,100,B,MSA CareGuard,MID-104336X,0,0000089796,104,0,0,0,0
ACC-23250220,Patient_4337,5/27/2026,A121-365,98941 [AT],Provider_A,100,100,B,MSA CareGuard,MID-104337X,0,0000090040,97,0,0,0,0
ACC-53200546,Patient_4338,8/31/2026,A0-30,97012 [GP],Provider_B,30,9.83,B,Blue Cross Blue Shield of New Mexico,MID-104338X,0,0000093047,1,0,0,20.17,0
ACC-52598838,Patient_4339,8/31/2026,A0-30,98941,Provider_A,100,1.68,B,Blue Cross Blue Shield of New Mexico,MID-104339X,0,0000093047,1,0,0,63.32,0
ACC-34459796,Patient_4340,5/20/2026,A121-365,98941,Provider_B,100,70,B,Blue Cross Blue Shield of New Mexico,MID-104340X,0,,106,30,0,0,30
ACC-26816172,Patient_4341,7/29/2026,A61-90,98941 [AT],Provider_A,100,36.86,B,Humana Medicare,MID-104341X,0,,36,0,0,63.14,0
ACC-94436505,Patient_4342,8/17/2026,A31-60,98941 [AT],Provider_B,100,36.86,B,Humana Medicare,MID-104342X,0,,17,0,0,63.14,0
ACC-68351286,Patient_4343,5/29/2026,A121-365,98941,Provider_A,100,85,B,Blue Cross Medicare Advantage,MID-104343X,0,,97,15,0,0,15
ACC-76117853,Patient_4344,6/5/2026,A91-120,98941,Provider_B,100,85,B,Blue Cross Medicare Advantage,MID-104344X,0,,90,15,0,0,15
ACC-20778268,Patient_4345,6/12/2026,A91-120,98941,Provider_A,100,85,B,Blue Cross Medicare Advantage,MID-104345X,0,,83,15,0,0,15
ACC-77017597,Patient_4346,6/26/2026,A91-120,98941,Provider_B,100,85,B,Blue Cross Medicare Advantage,MID-104346X,0,,69,15,0,0,15
ACC-65381175,Patient_4347,7/10/2026,A61-90,98941,Provider_A,100,85,B,Blue Cross Medicare Advantage,MID-104347X,0,,55,15,0,0,15
ACC-96925097,Patient_4348,7/24/2026,A61-90,98941,Provider_B,100,85,B,Blue Cross Medicare Advantage,MID-104348X,0,,41,15,0,0,15
ACC-57599490,Patient_4349,8/12/2026,A31-60,98941,Provider_A,100,85,B,Blue Cross Medicare Advantage,MID-104349X,0,,22,15,0,0,15
ACC-84371684,Patient_4350,5/18/2026,A121-365,99203 [25],Provider_B,275,275,B,Progressive,MID-104350X,0,0000090422,87,0,0,0,0
ACC-10545689,Patient_4351,5/18/2026,A121-365,S8948,Provider_A,60,60,B,Progressive,MID-104351X,0,0000090422,87,0,0,0,0
ACC-39001935,Patient_4352,5/19/2026,A121-365,98941,Provider_B,100,100,B,Progressive,MID-104352X,0,0000090423,87,0,0,0,0
ACC-89662696,Patient_4353,5/19/2026,A121-365,S8948,Provider_A,60,60,B,Progressive,MID-104353X,0,0000090423,87,0,0,0,0
ACC-38636195,Patient_4354,5/20/2026,A121-365,97039,Provider_B,60,60,B,Progressive,MID-104354X,0,0000090424,87,0,0,0,0
ACC-49462759,Patient_4355,5/20/2026,A121-365,98941,Provider_A,100,100,B,Progressive,MID-104355X,0,0000090424,87,0,0,0,0
ACC-56628714,Patient_4356,5/20/2026,A121-365,99183,Provider_B,100,100,B,Progressive,MID-104356X,0,0000090424,87,0,0,0,0
ACC-62680680,Patient_4357,5/20/2026,A121-365,G0277,Provider_A,300,300,B,Progressive,MID-104357X,0,0000090424,87,0,0,0,0
ACC-46437555,Patient_4358,5/22/2026,A121-365,97039,Provider_B,60,60,B,Progressive,MID-104358X,0,0000090425,87,0,0,0,0
ACC-82245837,Patient_4359,5/22/2026,A121-365,98941,Provider_A,100,100,B,Progressive,MID-104359X,0,0000090425,87,0,0,0,0
ACC-71924963,Patient_4360,5/22/2026,A121-365,99183,Provider_B,100,100,B,Progressive,MID-104360X,0,0000090425,87,0,0,0,0
ACC-86436802,Patient_4361,5/22/2026,A121-365,G0277,Provider_A,300,300,B,Progressive,MID-104361X,0,0000090425,87,0,0,0,0
ACC-37345127,Patient_4362,5/27/2026,A121-365,97039,Provider_B,60,60,B,Progressive,MID-104362X,0,0000090426,87,0,0,0,0
ACC-70790116,Patient_4363,5/27/2026,A121-365,98941,Provider_A,100,100,B,Progressive,MID-104363X,0,0000090426,87,0,0,0,0
ACC-80504344,Patient_4364,5/27/2026,A121-365,99183,Provider_B,100,100,B,Progressive,MID-104364X,0,0000090426,87,0,0,0,0
ACC-92148832,Patient_4365,5/27/2026,A121-365,G0277,Provider_A,300,300,B,Progressive,MID-104365X,0,0000090426,87,0,0,0,0
ACC-57135916,Patient_4366,5/28/2026,A121-365,97039,Provider_B,60,60,B,Progressive,MID-104366X,0,0000090427,87,0,0,0,0
ACC-48342495,Patient_4367,5/28/2026,A121-365,98941,Provider_A,100,100,B,Progressive,MID-104367X,0,0000090427,87,0,0,0,0
ACC-61628700,Patient_4368,5/28/2026,A121-365,99183,Provider_B,100,100,B,Progressive,MID-104368X,0,0000090427,87,0,0,0,0
ACC-53785987,Patient_4369,5/28/2026,A121-365,G0277,Provider_A,300,300,B,Progressive,MID-104369X,0,0000090427,87,0,0,0,0
ACC-82296559,Patient_4370,6/3/2026,A91-120,97039,Provider_B,60,60,B,Progressive,MID-104370X,0,0000090428,87,0,0,0,0
ACC-31543122,Patient_4371,6/3/2026,A91-120,98941,Provider_A,100,100,B,Progressive,MID-104371X,0,0000090428,87,0,0,0,0
ACC-87601802,Patient_4372,6/3/2026,A91-120,99183,Provider_B,100,100,B,Progressive,MID-104372X,0,0000090428,87,0,0,0,0
ACC-55577115,Patient_4373,6/3/2026,A91-120,G0277,Provider_A,300,300,B,Progressive,MID-104373X,0,0000090428,87,0,0,0,0
ACC-56814056,Patient_4374,6/4/2026,A91-120,97110 [GP],Provider_B,35,35,B,Progressive,MID-104374X,0,0000090429,87,0,0,0,0
ACC-97487009,Patient_4375,6/4/2026,A91-120,98941,Provider_A,100,100,B,Progressive,MID-104375X,0,0000090429,87,0,0,0,0
ACC-37475654,Patient_4376,6/4/2026,A91-120,99183,Provider_B,100,100,B,Progressive,MID-104376X,0,0000090429,87,0,0,0,0
ACC-20044681,Patient_4377,6/4/2026,A91-120,G0277,Provider_A,300,300,B,Progressive,MID-104377X,0,0000090429,87,0,0,0,0
ACC-83694793,Patient_4378,6/8/2026,A91-120,98941,Provider_B,100,100,B,Progressive,MID-104378X,0,0000090507,85,0,0,0,0
ACC-52624002,Patient_4379,6/8/2026,A91-120,99183,Provider_A,100,100,B,Progressive,MID-104379X,0,0000090507,85,0,0,0,0
ACC-61125231,Patient_4380,6/8/2026,A91-120,G0277,Provider_B,300,300,B,Progressive,MID-104380X,0,0000090507,85,0,0,0,0
ACC-38556166,Patient_4381,7/15/2026,A61-90,97012 [GP],Provider_A,30,30,B,Progressive,MID-104381X,0,0000091768,48,0,0,0,0
ACC-36675042,Patient_4382,7/15/2026,A61-90,98941,Provider_B,100,100,B,Progressive,MID-104382X,0,0000091768,48,0,0,0,0
ACC-45268446,Patient_4383,7/17/2026,A61-90,97012 [GP],Provider_A,30,30,B,Progressive,MID-104383X,0,0000091837,45,0,0,0,0
ACC-55170363,Patient_4384,7/17/2026,A61-90,98941,Provider_B,100,100,B,Progressive,MID-104384X,0,0000091837,45,0,0,0,0
ACC-45056062,Patient_4385,7/31/2026,A31-60,97012 [GP],Provider_A,30,30,B,Progressive,MID-104385X,0,0000092295,31,0,0,0,0
ACC-32172073,Patient_4386,7/31/2026,A31-60,98941,Provider_B,100,100,B,Progressive,MID-104386X,0,0000092295,31,0,0,0,0
ACC-31503943,Patient_4387,8/25/2026,A31-60,97012 [GP],Provider_A,30,30,B,Progressive,MID-104387X,0,0000092937,6,0,0,0,0
ACC-81318132,Patient_4388,8/25/2026,A31-60,98941,Provider_B,100,100,B,Progressive,MID-104388X,0,0000092937,6,0,0,0,0
ACC-38308834,Patient_4389,8/26/2026,A31-60,98941,Provider_A,100,50,B,United Healthcare,MID-104389X,0,0000092938,6,50,0,0,50
ACC-67582465,Patient_4390,6/1/2026,A91-120,99204 [25],Provider_B,325,325,B,State Farm Insurance,MID-104390X,0,0000092183,36,0,0,0,0
ACC-41534786,Patient_4391,6/5/2026,A91-120,97012 [GP],Provider_A,30,30,B,State Farm Insurance,MID-104391X,0,0000092184,36,0,0,0,0
ACC-44041981,Patient_4392,6/5/2026,A91-120,98941,Provider_B,100,100,B,State Farm Insurance,MID-104392X,0,0000092184,36,0,0,0,0
ACC-23098619,Patient_4393,6/8/2026,A91-120,97012 [GP],Provider_A,30,30,B,State Farm Insurance,MID-104393X,0,0000092185,36,0,0,0,0
ACC-34502640,Patient_4394,6/8/2026,A91-120,98941,Provider_B,100,100,B,State Farm Insurance,MID-104394X,0,0000092185,36,0,0,0,0
ACC-87522377,Patient_4395,6/12/2026,A91-120,97012 [GP],Provider_A,30,30,B,State Farm Insurance,MID-104395X,0,0000092186,36,0,0,0,0
ACC-33443207,Patient_4396,6/12/2026,A91-120,98941,Provider_B,100,100,B,State Farm Insurance,MID-104396X,0,0000092186,36,0,0,0,0
ACC-30203157,Patient_4397,6/15/2026,A91-120,97012 [GP],Provider_A,30,30,B,State Farm Insurance,MID-104397X,0,0000092187,36,0,0,0,0
ACC-23477257,Patient_4398,6/15/2026,A91-120,97039 [GP],Provider_B,60,60,B,State Farm Insurance,MID-104398X,0,0000092187,36,0,0,0,0
ACC-20033736,Patient_4399,6/15/2026,A91-120,98941,Provider_A,100,100,B,State Farm Insurance,MID-104399X,0,0000092187,36,0,0,0,0
ACC-81775419,Patient_4400,6/19/2026,A91-120,97012 [GP],Provider_B,30,30,B,State Farm Insurance,MID-104400X,0,0000092188,36,0,0,0,0
ACC-98133523,Patient_4401,6/19/2026,A91-120,97039 [GP],Provider_A,60,60,B,State Farm Insurance,MID-104401X,0,0000092188,36,0,0,0,0
ACC-11435403,Patient_4402,6/19/2026,A91-120,98941,Provider_B,100,100,B,State Farm Insurance,MID-104402X,0,0000092188,36,0,0,0,0
ACC-51697750,Patient_4403,6/22/2026,A91-120,97012 [GP],Provider_A,30,30,B,State Farm Insurance,MID-104403X,0,0000092189,36,0,0,0,0
ACC-78563352,Patient_4404,6/22/2026,A91-120,97039 [GP],Provider_B,60,60,B,State Farm Insurance,MID-104404X,0,0000092189,36,0,0,0,0
ACC-50698564,Patient_4405,6/22/2026,A91-120,98941,Provider_A,100,100,B,State Farm Insurance,MID-104405X,0,0000092189,36,0,0,0,0
ACC-29637482,Patient_4406,6/26/2026,A91-120,97012 [GP],Provider_B,30,30,B,State Farm Insurance,MID-104406X,0,0000092190,36,0,0,0,0
ACC-61170298,Patient_4407,6/26/2026,A91-120,97039 [GP],Provider_A,60,60,B,State Farm Insurance,MID-104407X,0,0000092190,36,0,0,0,0
ACC-91757543,Patient_4408,6/26/2026,A91-120,97110 [GP],Provider_B,35,35,B,State Farm Insurance,MID-104408X,0,0000092190,36,0,0,0,0
ACC-55609825,Patient_4409,6/26/2026,A91-120,98941,Provider_A,100,100,B,State Farm Insurance,MID-104409X,0,0000092190,36,0,0,0,0
ACC-78852630,Patient_4410,7/6/2026,A61-90,97012 [GP],Provider_B,30,30,B,State Farm Insurance,MID-104410X,0,0000092191,36,0,0,0,0
ACC-86407728,Patient_4411,7/6/2026,A61-90,97039 [GP],Provider_A,60,60,B,State Farm Insurance,MID-104411X,0,0000092191,36,0,0,0,0
ACC-88400127,Patient_4412,7/6/2026,A61-90,98941,Provider_B,100,100,B,State Farm Insurance,MID-104412X,0,0000092191,36,0,0,0,0
ACC-64377845,Patient_4413,7/10/2026,A61-90,97012 [GP],Provider_A,30,30,B,State Farm Insurance,MID-104413X,0,0000092192,36,0,0,0,0
ACC-26993969,Patient_4414,7/10/2026,A61-90,97039 [GP],Provider_B,60,60,B,State Farm Insurance,MID-104414X,0,0000092192,36,0,0,0,0
ACC-19548641,Patient_4415,7/10/2026,A61-90,98941,Provider_A,100,100,B,State Farm Insurance,MID-104415X,0,0000092192,36,0,0,0,0
ACC-52595471,Patient_4416,7/13/2026,A61-90,97012 [GP],Provider_B,30,30,B,State Farm Insurance,MID-104416X,0,0000092193,36,0,0,0,0
ACC-88612754,Patient_4417,7/13/2026,A61-90,97039 [GP],Provider_A,60,60,B,State Farm Insurance,MID-104417X,0,0000092193,36,0,0,0,0
ACC-80675543,Patient_4418,7/13/2026,A61-90,98941,Provider_B,100,100,B,State Farm Insurance,MID-104418X,0,0000092193,36,0,0,0,0
ACC-90356991,Patient_4419,7/17/2026,A61-90,97012 [GP],Provider_A,30,30,B,State Farm Insurance,MID-104419X,0,0000092194,36,0,0,0,0
ACC-90037129,Patient_4420,7/17/2026,A61-90,97039 [GP],Provider_B,60,60,B,State Farm Insurance,MID-104420X,0,0000092194,36,0,0,0,0
ACC-74786893,Patient_4421,7/17/2026,A61-90,98941,Provider_A,100,100,B,State Farm Insurance,MID-104421X,0,0000092194,36,0,0,0,0
ACC-15803317,Patient_4422,7/20/2026,A61-90,97012 [GP],Provider_B,30,30,B,State Farm Insurance,MID-104422X,0,0000092195,36,0,0,0,0
ACC-87028788,Patient_4423,7/20/2026,A61-90,98941,Provider_A,100,100,B,State Farm Insurance,MID-104423X,0,0000092195,36,0,0,0,0
ACC-75573381,Patient_4424,7/24/2026,A61-90,97012 [GP],Provider_B,30,30,B,State Farm Insurance,MID-104424X,0,0000092196,36,0,0,0,0
ACC-39594479,Patient_4425,7/24/2026,A61-90,98941,Provider_A,100,100,B,State Farm Insurance,MID-104425X,0,0000092196,36,0,0,0,0
ACC-63634864,Patient_4426,7/24/2026,A61-90,99212 [25],Provider_B,100,100,B,State Farm Insurance,MID-104426X,0,0000092196,36,0,0,0,0
ACC-28374869,Patient_4427,7/27/2026,A61-90,97012 [GP],Provider_A,30,30,B,State Farm Insurance,MID-104427X,0,0000092197,36,0,0,0,0
ACC-60974954,Patient_4428,7/27/2026,A61-90,98941,Provider_B,100,100,B,State Farm Insurance,MID-104428X,0,0000092197,36,0,0,0,0
ACC-66532660,Patient_4429,7/31/2026,A31-60,97012 [GP],Provider_A,30,30,B,State Farm Insurance,MID-104429X,0,0000092306,31,0,0,0,0
ACC-71832540,Patient_4430,7/31/2026,A31-60,97039,Provider_B,60,60,B,State Farm Insurance,MID-104430X,0,0000092306,31,0,0,0,0
ACC-20972324,Patient_4431,7/31/2026,A31-60,98941,Provider_A,100,100,B,State Farm Insurance,MID-104431X,0,0000092306,31,0,0,0,0
ACC-75569143,Patient_4432,8/3/2026,A31-60,97012 [GP],Provider_B,30,30,B,State Farm Insurance,MID-104432X,0,0000092373,29,0,0,0,0
ACC-42256442,Patient_4433,8/3/2026,A31-60,97039,Provider_A,60,60,B,State Farm Insurance,MID-104433X,0,0000092373,29,0,0,0,0
ACC-92417374,Patient_4434,8/3/2026,A31-60,98941,Provider_B,100,100,B,State Farm Insurance,MID-104434X,0,0000092373,29,0,0,0,0
ACC-61926046,Patient_4435,8/7/2026,A31-60,97012 [GP],Provider_A,30,30,B,State Farm Insurance,MID-104435X,0,0000092485,24,0,0,0,0
ACC-33249692,Patient_4436,8/7/2026,A31-60,97039,Provider_B,60,60,B,State Farm Insurance,MID-104436X,0,0000092485,24,0,0,0,0
ACC-37158477,Patient_4437,8/7/2026,A31-60,98941,Provider_A,100,100,B,State Farm Insurance,MID-104437X,0,0000092485,24,0,0,0,0
ACC-95216516,Patient_4438,8/10/2026,A31-60,97012 [GP],Provider_B,30,30,B,State Farm Insurance,MID-104438X,0,0000092542,22,0,0,0,0
ACC-45754686,Patient_4439,8/10/2026,A31-60,97039,Provider_A,60,60,B,State Farm Insurance,MID-104439X,0,0000092542,22,0,0,0,0
ACC-94057043,Patient_4440,8/10/2026,A31-60,97110 [GP],Provider_B,45,45,B,State Farm Insurance,MID-104440X,0,0000092542,22,0,0,0,0
ACC-97703307,Patient_4441,8/10/2026,A31-60,98941,Provider_A,100,100,B,State Farm Insurance,MID-104441X,0,0000092542,22,0,0,0,0
ACC-21461604,Patient_4442,8/24/2026,A31-60,97012 [GP],Provider_B,30,30,B,State Farm Insurance,MID-104442X,0,0000092881,8,0,0,0,0
ACC-91493897,Patient_4443,8/24/2026,A31-60,98941,Provider_A,100,100,B,State Farm Insurance,MID-104443X,0,0000092881,8,0,0,0,0
ACC-22202187,Patient_4444,8/28/2026,A31-60,97012 [GP],Provider_B,30,30,B,State Farm Insurance,MID-104444X,0,0000093010,3,0,0,0,0
ACC-30746880,Patient_4445,8/28/2026,A31-60,98943,Provider_A,50,50,B,State Farm Insurance,MID-104445X,0,0000093010,3,0,0,0,0
ACC-88822906,Patient_4446,8/31/2026,A0-30,97012 [GP],Provider_B,30,30,B,State Farm Insurance,MID-104446X,0,0000093054,1,0,0,0,0
ACC-94547533,Patient_4447,8/31/2026,A0-30,98943,Provider_A,50,50,B,State Farm Insurance,MID-104447X,0,0000093054,1,0,0,0,0
ACC-65628749,Patient_4448,6/15/2026,A91-120,98941,Provider_B,100,80,B,Novitas,MID-104448X,0,,80,20,0,0,20
ACC-45789869,Patient_4449,6/29/2026,A91-120,98941,Provider_A,100,80,B,Novitas,MID-104449X,0,,66,20,0,0,20
ACC-98587626,Patient_4450,7/17/2026,A61-90,98941,Provider_B,100,80,B,Novitas,MID-104450X,0,,48,20,0,0,20
ACC-35578964,Patient_4451,8/3/2026,A31-60,98941,Provider_A,100,80,B,Novitas,MID-104451X,0,,31,20,0,0,20
ACC-54012041,Patient_4452,7/20/2026,A61-90,98941,Provider_B,100,10,P,Blue Cross Blue Shield of New Mexico,MID-104452X,26.68,0000091911,0,0,0,63.32,0
ACC-38801737,Patient_4453,7/20/2026,A61-90,98941,Provider_A,100,10,B,Presbyterian Health Plan,MID-104453X,0,0000092302,31,0,0,63.32,0
ACC-44709211,Patient_4454,7/23/2026,A61-90,98941,Provider_B,100,10,P,Blue Cross Blue Shield of New Mexico,MID-104454X,26.68,0000092089,0,0,0,63.32,0
ACC-91606746,Patient_4455,7/23/2026,A61-90,98941,Provider_A,100,10,B,Presbyterian Health Plan,MID-104455X,0,0000092428,27,0,0,63.32,0
ACC-18849397,Patient_4456,7/27/2026,A61-90,98941,Provider_B,100,10,P,Blue Cross Blue Shield of New Mexico,MID-104456X,26.68,0000092158,0,0,0,63.32,0
ACC-19040049,Patient_4457,7/27/2026,A61-90,98941,Provider_A,100,10,B,Presbyterian Health Plan,MID-104457X,0,0000092429,27,0,0,63.32,0
ACC-85967099,Patient_4458,7/30/2026,A61-90,98941,Provider_B,100,10,P,Blue Cross Blue Shield of New Mexico,MID-104458X,26.68,0000092297,0,0,0,63.32,0
ACC-93235140,Patient_4459,7/30/2026,A61-90,98941,Provider_A,100,10,B,Presbyterian Health Plan,MID-104459X,0,0000092534,22,0,0,63.32,0
ACC-67346095,Patient_4460,8/3/2026,A31-60,98941,Provider_B,100,10,P,Blue Cross Blue Shield of New Mexico,MID-104460X,26.68,0000092360,0,0,0,63.32,0
ACC-76716698,Patient_4461,8/3/2026,A31-60,98941,Provider_A,100,10,B,Presbyterian Health Plan,MID-104461X,0,0000092591,20,0,0,63.32,0
ACC-19131050,Patient_4462,8/5/2026,A31-60,98941,Provider_B,100,10,P,Blue Cross Blue Shield of New Mexico,MID-104462X,26.68,0000092419,0,0,0,63.32,0
ACC-58503562,Patient_4463,8/5/2026,A31-60,98941,Provider_A,100,10,B,Presbyterian Health Plan,MID-104463X,0,0000092661,15,0,0,63.32,0
ACC-97689678,Patient_4464,8/5/2026,A31-60,99212 [25],Provider_B,100,10,P,Blue Cross Blue Shield of New Mexico,MID-104464X,29.22,0000092419,0,0,0,60.78,0
ACC-40768108,Patient_4465,8/5/2026,A31-60,99212 [25],Provider_A,100,10,B,Presbyterian Health Plan,MID-104465X,0,0000092661,15,0,0,60.78,0
ACC-46306066,Patient_4466,9/2/2026,A0-30,97012 [GP],Provider_B,30,-6.68,B,Blue Cross Blue Shield of New Mexico,MID-104466X,0,0000093121,0,36.68,0,0,36.68
ACC-25890567,Patient_4467,9/2/2026,A0-30,98943,Provider_A,50,50,B,Blue Cross Blue Shield of New Mexico,MID-104467X,0,0000093121,0,0,0,0,0
ACC-56556199,Patient_4468,7/31/2026,A31-60,98941 [AT],Provider_B,100,80,B,Novitas solutions inc,MID-104468X,0,,34,20,0,0,20
ACC-50413721,Patient_4469,6/11/2026,A91-120,72052,Provider_A,210,210,B,United Healthcare,MID-104469X,0,0000090797,78,0,0,0,0
ACC-99554981,Patient_4470,6/11/2026,A91-120,72120,Provider_B,240,240,B,United Healthcare,MID-104470X,0,0000090797,78,0,0,0,0
ACC-44717331,Patient_4471,6/11/2026,A91-120,99203 [25],Provider_A,275,255,B,United Healthcare,MID-104471X,0,0000090797,78,20,0,0,20
ACC-64557747,Patient_4472,8/20/2026,A31-60,97012 [GP],Provider_B,30,30,B,United Healthcare,MID-104472X,0,0000092812,10,0,0,0,0
ACC-10828875,Patient_4473,8/20/2026,A31-60,98941,Provider_A,100,80,B,United Healthcare,MID-104473X,0,0000092812,10,20,0,0,20
ACC-78157353,Patient_4474,8/24/2026,A31-60,97012 [GP],Provider_B,30,30,B,United Healthcare,MID-104474X,0,0000092873,8,0,0,0,0
ACC-20765973,Patient_4475,8/24/2026,A31-60,98941,Provider_A,100,80,B,United Healthcare,MID-104475X,0,0000092873,8,20,0,0,20
ACC-18462813,Patient_4476,8/24/2026,A31-60,99212,Provider_B,100,100,B,United Healthcare,MID-104476X,0,0000092873,8,0,0,0,0
ACC-20981059,Patient_4477,8/26/2026,A31-60,97012 [GP],Provider_A,30,10,B,United Healthcare,MID-104477X,0,0000092940,6,20,0,0,20
ACC-27278103,Patient_4478,8/26/2026,A31-60,98943,Provider_B,50,50,B,United Healthcare,MID-104478X,0,0000092940,6,0,0,0,0
ACC-97109515,Patient_4479,9/2/2026,A0-30,97012 [GP],Provider_A,30,10,B,United Healthcare,MID-104479X,0,0000093123,0,20,0,0,20
ACC-33096631,Patient_4480,9/2/2026,A0-30,98943,Provider_B,50,50,B,United Healthcare,MID-104480X,0,0000093123,0,0,0,0,0
ACC-98925890,Patient_4481,9/2/2026,A0-30,97012 [GP],Provider_A,30,30,B,United Healthcare,MID-104481X,0,0000093125,0,0,0,0,0
ACC-80629210,Patient_4482,9/2/2026,A0-30,98941,Provider_B,100,30,B,United Healthcare,MID-104482X,0,0000093125,0,0,0,50,20
ACC-34723559,Patient_4483,8/11/2026,A31-60,98941 [AT],Provider_A,100,85,B,AARP Medicare Advantage,MID-104483X,0,,23,15,15,0,0
ACC-94778101,Patient_4484,8/11/2026,A31-60,98941,Provider_B,100,85,B,AARP Medicare Advantage,MID-104484X,0,,23,15,15,0,0
ACC-90431084,Patient_4485,8/26/2026,A31-60,98941,Provider_A,100,50,B,United Healthcare,MID-104485X,0,0000092941,6,50,0,0,50
ACC-24819202,Patient_4486,6/16/2026,A91-120,72052,Provider_B,210,210,B,United Healthcare,MID-104486X,0,0000090987,73,0,0,0,0
ACC-51530319,Patient_4487,6/16/2026,A91-120,72120,Provider_A,240,240,B,United Healthcare,MID-104487X,0,0000090987,73,0,0,0,0
ACC-63937274,Patient_4488,6/16/2026,A91-120,99203 [25],Provider_B,275,225,B,United Healthcare,MID-104488X,0,0000090987,73,50,0,0,50
ACC-47028147,Patient_4489,8/31/2026,A0-30,97012 [GP],Provider_A,30,30,B,United Healthcare,MID-104489X,0,0000093048,1,0,0,0,0
ACC-20052903,Patient_4490,9/2/2026,A0-30,97012 [GP],Provider_B,30,30,B,United Healthcare,MID-104490X,0,0000093124,0,0,0,0,0
ACC-81312661,Patient_4491,6/15/2026,A91-120,72052,Provider_A,210,210,B,AAA Insurance,MID-104491X,0,0000093156,0,0,0,0,0
ACC-36655400,Patient_4492,6/15/2026,A91-120,72120,Provider_B,240,240,B,AAA Insurance,MID-104492X,0,0000093156,0,0,0,0,0
ACC-59898774,Patient_4493,6/15/2026,A91-120,97039,Provider_A,60,60,B,AAA Insurance,MID-104493X,0,0000093156,0,0,0,0,0
ACC-57750447,Patient_4494,6/15/2026,A91-120,99203 [25],Provider_B,275,275,B,AAA Insurance,MID-104494X,0,0000093156,0,0,0,0,0
ACC-88412757,Patient_4495,6/18/2026,A91-120,97039,Provider_A,60,60,B,AAA Insurance,MID-104495X,0,0000093157,0,0,0,0,0
ACC-46995144,Patient_4496,6/18/2026,A91-120,98941,Provider_B,100,100,B,AAA Insurance,MID-104496X,0,0000093157,0,0,0,0,0
ACC-21950935,Patient_4497,6/18/2026,A91-120,99183,Provider_A,100,100,B,AAA Insurance,MID-104497X,0,0000093157,0,0,0,0,0
ACC-79540705,Patient_4498,6/18/2026,A91-120,G0277,Provider_B,300,300,B,AAA Insurance,MID-104498X,0,0000093157,0,0,0,0,0
ACC-41090928,Patient_4499,6/19/2026,A91-120,97039,Provider_A,60,60,B,AAA Insurance,MID-104499X,0,0000093158,0,0,0,0,0
ACC-72164573,Patient_4500,6/19/2026,A91-120,98941,Provider_B,100,100,B,AAA Insurance,MID-104500X,0,0000093158,0,0,0,0,0
ACC-74488831,Patient_4501,6/19/2026,A91-120,99183,Provider_A,100,100,B,AAA Insurance,MID-104501X,0,0000093158,0,0,0,0,0
ACC-71456331,Patient_4502,6/19/2026,A91-120,G0277,Provider_B,300,300,B,AAA Insurance,MID-104502X,0,0000093158,0,0,0,0,0
ACC-34081751,Patient_4503,6/22/2026,A91-120,97039,Provider_A,60,60,B,AAA Insurance,MID-104503X,0,0000093159,0,0,0,0,0
ACC-49223086,Patient_4504,6/22/2026,A91-120,98941,Provider_B,100,100,B,AAA Insurance,MID-104504X,0,0000093159,0,0,0,0,0
ACC-22780604,Patient_4505,6/22/2026,A91-120,99183,Provider_A,100,100,B,AAA Insurance,MID-104505X,0,0000093159,0,0,0,0,0
ACC-42334138,Patient_4506,6/22/2026,A91-120,G0277,Provider_B,300,300,B,AAA Insurance,MID-104506X,0,0000093159,0,0,0,0,0
ACC-91961900,Patient_4507,6/24/2026,A91-120,97039,Provider_A,60,60,B,AAA Insurance,MID-104507X,0,0000093160,0,0,0,0,0
ACC-17832412,Patient_4508,6/24/2026,A91-120,98941,Provider_B,100,100,B,AAA Insurance,MID-104508X,0,0000093160,0,0,0,0,0
ACC-16358123,Patient_4509,6/24/2026,A91-120,99183,Provider_A,100,100,B,AAA Insurance,MID-104509X,0,0000093160,0,0,0,0,0
ACC-73668943,Patient_4510,6/24/2026,A91-120,G0277,Provider_B,300,300,B,AAA Insurance,MID-104510X,0,0000093160,0,0,0,0,0
ACC-86714118,Patient_4511,6/26/2026,A91-120,97039,Provider_A,60,60,B,AAA Insurance,MID-104511X,0,0000093161,0,0,0,0,0
ACC-70646411,Patient_4512,6/26/2026,A91-120,98941,Provider_B,100,100,B,AAA Insurance,MID-104512X,0,0000093161,0,0,0,0,0
ACC-34146659,Patient_4513,6/26/2026,A91-120,99183,Provider_A,100,100,B,AAA Insurance,MID-104513X,0,0000093161,0,0,0,0,0
ACC-51515639,Patient_4514,6/26/2026,A91-120,G0277,Provider_B,300,300,B,AAA Insurance,MID-104514X,0,0000093161,0,0,0,0,0
ACC-45755235,Patient_4515,7/6/2026,A61-90,97039,Provider_A,60,60,B,AAA Insurance,MID-104515X,0,0000093162,0,0,0,0,0
ACC-74812193,Patient_4516,7/6/2026,A61-90,98941,Provider_B,100,100,B,AAA Insurance,MID-104516X,0,0000093162,0,0,0,0,0
ACC-29846499,Patient_4517,7/8/2026,A61-90,97039,Provider_A,60,60,B,AAA Insurance,MID-104517X,0,0000093163,0,0,0,0,0
ACC-50381710,Patient_4518,7/8/2026,A61-90,97110 [GP],Provider_B,35,35,B,AAA Insurance,MID-104518X,0,0000093163,0,0,0,0,0
ACC-55907346,Patient_4519,7/8/2026,A61-90,98941,Provider_A,100,100,B,AAA Insurance,MID-104519X,0,0000093163,0,0,0,0,0
ACC-20976825,Patient_4520,7/10/2026,A61-90,98941,Provider_B,100,100,B,AAA Insurance,MID-104520X,0,0000093164,0,0,0,0,0
ACC-82921782,Patient_4521,7/10/2026,A61-90,99183,Provider_A,100,100,B,AAA Insurance,MID-104521X,0,0000093164,0,0,0,0,0
ACC-55194856,Patient_4522,7/10/2026,A61-90,G0277,Provider_B,300,300,B,AAA Insurance,MID-104522X,0,0000093164,0,0,0,0,0
ACC-58414365,Patient_4523,7/13/2026,A61-90,97012 [GP],Provider_A,30,30,B,AAA Insurance,MID-104523X,0,0000093165,0,0,0,0,0
ACC-85473534,Patient_4524,7/13/2026,A61-90,98941,Provider_B,100,100,B,AAA Insurance,MID-104524X,0,0000093165,0,0,0,0,0
ACC-35356833,Patient_4525,7/13/2026,A61-90,99183,Provider_A,100,100,B,AAA Insurance,MID-104525X,0,0000093165,0,0,0,0,0
ACC-81544482,Patient_4526,7/13/2026,A61-90,G0277,Provider_B,300,300,B,AAA Insurance,MID-104526X,0,0000093165,0,0,0,0,0
ACC-56444506,Patient_4527,7/15/2026,A61-90,97012 [GP],Provider_A,30,30,B,AAA Insurance,MID-104527X,0,0000093166,0,0,0,0,0
ACC-68683826,Patient_4528,7/15/2026,A61-90,98941,Provider_B,100,100,B,AAA Insurance,MID-104528X,0,0000093166,0,0,0,0,0
ACC-75705842,Patient_4529,7/17/2026,A61-90,97012 [GP],Provider_A,30,30,B,AAA Insurance,MID-104529X,0,0000093167,0,0,0,0,0
ACC-51656517,Patient_4530,7/17/2026,A61-90,98941,Provider_B,100,100,B,AAA Insurance,MID-104530X,0,0000093167,0,0,0,0,0
ACC-28240429,Patient_4531,7/17/2026,A61-90,99183,Provider_A,100,100,B,AAA Insurance,MID-104531X,0,0000093167,0,0,0,0,0
ACC-71544235,Patient_4532,7/17/2026,A61-90,G0277,Provider_B,300,300,B,AAA Insurance,MID-104532X,0,0000093167,0,0,0,0,0
ACC-35481083,Patient_4533,7/20/2026,A61-90,97012 [GP],Provider_A,30,30,B,AAA Insurance,MID-104533X,0,0000093168,0,0,0,0,0
ACC-98937412,Patient_4534,7/20/2026,A61-90,98941,Provider_B,100,100,B,AAA Insurance,MID-104534X,0,0000093168,0,0,0,0,0
ACC-84884370,Patient_4535,7/20/2026,A61-90,99212 [25],Provider_A,100,100,B,AAA Insurance,MID-104535X,0,0000093168,0,0,0,0,0
ACC-47588978,Patient_4536,7/22/2026,A61-90,97012 [GP],Provider_B,30,30,B,AAA Insurance,MID-104536X,0,0000093169,0,0,0,0,0
ACC-59993662,Patient_4537,7/22/2026,A61-90,98941,Provider_A,100,100,B,AAA Insurance,MID-104537X,0,0000093169,0,0,0,0,0
ACC-99289340,Patient_4538,7/24/2026,A61-90,97012 [GP],Provider_B,30,30,B,AAA Insurance,MID-104538X,0,0000093170,0,0,0,0,0
ACC-56317881,Patient_4539,7/24/2026,A61-90,98941,Provider_A,100,100,B,AAA Insurance,MID-104539X,0,0000093170,0,0,0,0,0
ACC-16343804,Patient_4540,7/24/2026,A61-90,99183,Provider_B,100,100,B,AAA Insurance,MID-104540X,0,0000093170,0,0,0,0,0
ACC-23839244,Patient_4541,7/24/2026,A61-90,G0277,Provider_A,300,300,B,AAA Insurance,MID-104541X,0,0000093170,0,0,0,0,0
ACC-45326083,Patient_4542,7/27/2026,A61-90,97012 [GP],Provider_B,30,30,B,AAA Insurance,MID-104542X,0,0000093171,0,0,0,0,0
ACC-43696794,Patient_4543,7/27/2026,A61-90,98941,Provider_A,100,100,B,AAA Insurance,MID-104543X,0,0000093171,0,0,0,0,0
ACC-54255800,Patient_4544,7/29/2026,A61-90,97012 [GP],Provider_B,30,30,B,AAA Insurance,MID-104544X,0,0000093172,0,0,0,0,0
ACC-90969074,Patient_4545,7/29/2026,A61-90,98941,Provider_A,100,100,B,AAA Insurance,MID-104545X,0,0000093172,0,0,0,0,0
ACC-32124571,Patient_4546,7/29/2026,A61-90,99183,Provider_B,100,100,B,AAA Insurance,MID-104546X,0,0000093172,0,0,0,0,0
ACC-48236514,Patient_4547,7/29/2026,A61-90,G0277,Provider_A,300,300,B,AAA Insurance,MID-104547X,0,0000093172,0,0,0,0,0
ACC-98368096,Patient_4548,7/31/2026,A31-60,97012 [GP],Provider_B,30,30,B,AAA Insurance,MID-104548X,0,0000093173,0,0,0,0,0
ACC-24220252,Patient_4549,7/31/2026,A31-60,98941,Provider_A,100,100,B,AAA Insurance,MID-104549X,0,0000093173,0,0,0,0,0
ACC-59496809,Patient_4550,8/3/2026,A31-60,97012 [GP],Provider_B,30,30,B,AAA Insurance,MID-104550X,0,0000093174,0,0,0,0,0
ACC-77005942,Patient_4551,8/3/2026,A31-60,97110 [GP],Provider_A,45,45,B,AAA Insurance,MID-104551X,0,0000093174,0,0,0,0,0
ACC-16805426,Patient_4552,8/3/2026,A31-60,98941,Provider_B,100,100,B,AAA Insurance,MID-104552X,0,0000093174,0,0,0,0,0
ACC-99492657,Patient_4553,8/3/2026,A31-60,99183,Provider_A,100,100,B,AAA Insurance,MID-104553X,0,0000093174,0,0,0,0,0
ACC-69216638,Patient_4554,8/3/2026,A31-60,G0277,Provider_B,300,300,B,AAA Insurance,MID-104554X,0,0000093174,0,0,0,0,0
ACC-41710403,Patient_4555,8/5/2026,A31-60,97012 [GP],Provider_A,30,30,B,AAA Insurance,MID-104555X,0,0000093175,0,0,0,0,0
ACC-20801602,Patient_4556,8/5/2026,A31-60,98941,Provider_B,100,100,B,AAA Insurance,MID-104556X,0,0000093175,0,0,0,0,0
ACC-44357943,Patient_4557,8/7/2026,A31-60,97012 [GP],Provider_A,30,30,B,AAA Insurance,MID-104557X,0,0000093176,0,0,0,0,0
ACC-86930487,Patient_4558,8/7/2026,A31-60,98941,Provider_B,100,100,B,AAA Insurance,MID-104558X,0,0000093176,0,0,0,0,0
ACC-97581966,Patient_4559,8/7/2026,A31-60,99183,Provider_A,100,100,B,AAA Insurance,MID-104559X,0,0000093176,0,0,0,0,0
ACC-29278443,Patient_4560,8/7/2026,A31-60,G0277,Provider_B,300,300,B,AAA Insurance,MID-104560X,0,0000093176,0,0,0,0,0
ACC-18575554,Patient_4561,8/10/2026,A31-60,97012 [GP],Provider_A,30,30,B,AAA Insurance,MID-104561X,0,0000093177,0,0,0,0,0
ACC-70774913,Patient_4562,8/10/2026,A31-60,98941,Provider_B,100,100,B,AAA Insurance,MID-104562X,0,0000093177,0,0,0,0,0
ACC-74449544,Patient_4563,8/12/2026,A31-60,97012 [GP],Provider_A,30,30,B,AAA Insurance,MID-104563X,0,0000093178,0,0,0,0,0
ACC-87649199,Patient_4564,8/12/2026,A31-60,98941,Provider_B,100,100,B,AAA Insurance,MID-104564X,0,0000093178,0,0,0,0,0
ACC-37924910,Patient_4565,8/14/2026,A31-60,97012 [GP],Provider_A,30,30,B,AAA Insurance,MID-104565X,0,0000093179,0,0,0,0,0
ACC-45097540,Patient_4566,8/14/2026,A31-60,98941,Provider_B,100,100,B,AAA Insurance,MID-104566X,0,0000093179,0,0,0,0,0
ACC-29483262,Patient_4567,8/19/2026,A31-60,97012 [GP],Provider_A,30,30,B,AAA Insurance,MID-104567X,0,0000093180,0,0,0,0,0
ACC-53711642,Patient_4568,8/19/2026,A31-60,98941,Provider_B,100,100,B,AAA Insurance,MID-104568X,0,0000093180,0,0,0,0,0
ACC-31671923,Patient_4569,8/25/2026,A31-60,97012 [GP],Provider_A,30,30,B,AAA Insurance,MID-104569X,0,0000093181,0,0,0,0,0
ACC-32697512,Patient_4570,8/25/2026,A31-60,98941,Provider_B,100,100,B,AAA Insurance,MID-104570X,0,0000093181,0,0,0,0,0
ACC-17289902,Patient_4571,8/25/2026,A31-60,99212,Provider_A,100,100,B,AAA Insurance,MID-104571X,0,0000093181,0,0,0,0,0
ACC-66467806,Patient_4572,8/28/2026,A31-60,97012 [GP],Provider_B,30,30,B,AAA Insurance,MID-104572X,0,0000093182,0,0,0,0,0
ACC-19519144,Patient_4573,8/28/2026,A31-60,98941,Provider_A,100,100,B,AAA Insurance,MID-104573X,0,0000093182,0,0,0,0,0
ACC-63119997,Patient_4574,8/24/2026,A31-60,98941,Provider_B,100,21.79,B,Presbyterian Health Plan,MID-104574X,0,0000092876,8,0,0,63.21,0
ACC-19933637,Patient_4575,6/18/2026,A91-120,72052,Provider_A,210,160,B,United Healthcare,MID-104575X,0,0000091238,66,50,0,0,50
ACC-16132628,Patient_4576,6/18/2026,A91-120,72120,Provider_B,240,240,B,United Healthcare,MID-104576X,0,0000091238,66,0,0,0,0
ACC-49620640,Patient_4577,6/18/2026,A91-120,99203 [25],Provider_A,275,275,B,United Healthcare,MID-104577X,0,0000091238,66,0,0,0,0
ACC-60143134,Patient_4578,8/26/2026,A31-60,97012 [GP],Provider_B,30,-20,B,United Healthcare,MID-104578X,0,0000092942,6,50,0,0,50
ACC-91968853,Patient_4579,8/26/2026,A31-60,98943,Provider_A,50,50,B,United Healthcare,MID-104579X,0,0000092942,6,0,0,0,0
ACC-24933954,Patient_4580,9/1/2026,A0-30,97012 [GP],Provider_B,30,-20,B,United Healthcare,MID-104580X,0,0000093126,0,50,0,0,50
ACC-65841039,Patient_4581,9/1/2026,A0-30,98941,Provider_A,100,100,B,United Healthcare,MID-104581X,0,0000093126,0,0,0,0,0
ACC-30886162,Patient_4582,8/27/2026,A31-60,97012 [GP],Provider_B,30,9.83,B,Blue Cross Blue Shield of New Mexico,MID-104582X,0,0000093003,3,0,0,20.17,0
ACC-23425890,Patient_4583,8/27/2026,A31-60,98941,Provider_A,100,6.68,B,Blue Cross Blue Shield of New Mexico,MID-104583X,0,0000093003,3,0,0,63.32,30
ACC-67114280,Patient_4584,8/31/2026,A0-30,97012 [GP],Provider_B,30,9.83,B,Blue Cross Blue Shield of New Mexico,MID-104584X,0,0000093049,1,0,0,20.17,0
ACC-73550794,Patient_4585,8/31/2026,A0-30,98941,Provider_A,100,6.68,B,Blue Cross Blue Shield of New Mexico,MID-104585X,0,0000093049,1,0,0,63.32,30
ACC-38341117,Patient_4586,8/11/2026,A31-60,98941,Provider_B,100,85,B,United HealthCare Medicare Advantage,MID-104586X,0,,23,15,15,0,0
ACC-12320385,Patient_4587,8/19/2026,A31-60,97110 [GP],Provider_A,45,45,B,Presbyterian Health Plan,MID-104587X,0,0000092767,13,0,0,0,0
ACC-69657407,Patient_4588,8/19/2026,A31-60,98941,Provider_B,100,85,B,Presbyterian Health Plan,MID-104588X,0,0000092767,13,15,0,0,15
ACC-83461626,Patient_4589,8/20/2026,A31-60,98941,Provider_A,100,85,B,Presbyterian Health Plan,MID-104589X,0,0000092815,10,15,0,0,15
ACC-24501653,Patient_4590,8/26/2026,A31-60,98943,Provider_B,50,35,B,Presbyterian Health Plan,MID-104590X,0,0000092946,6,15,0,0,15
ACC-67888486,Patient_4591,8/27/2026,A31-60,98943,Provider_A,50,35,B,Presbyterian Health Plan,MID-104591X,0,0000093004,3,15,0,0,15
ACC-18076144,Patient_4592,8/27/2026,A31-60,99212 [25],Provider_B,100,100,B,Presbyterian Health Plan,MID-104592X,0,0000093004,3,0,0,0,0
ACC-43036572,Patient_4593,8/31/2026,A0-30,98943,Provider_A,50,35,B,Presbyterian Health Plan,MID-104593X,0,0000093050,1,15,0,0,15
ACC-12777214,Patient_4594,8/31/2026,A0-30,99212 [25],Provider_B,100,100,B,Presbyterian Health Plan,MID-104594X,0,0000093050,1,0,0,0,0
ACC-37514756,Patient_4595,9/2/2026,A0-30,98943,Provider_A,50,35,B,Presbyterian Health Plan,MID-104595X,0,0000093127,0,15,0,0,15
ACC-12372722,Patient_4596,8/12/2026,A31-60,98941 [AT],Provider_B,100,85,B,AARP Medicare Advantage,MID-104596X,0,,22,15,15,0,0
ACC-98027840,Patient_4597,6/24/2026,A91-120,98941,Provider_A,100,85,B,Presbyterian Health Plan,MID-104597X,0,,71,15,0,0,15
ACC-16990315,Patient_4598,7/1/2026,A61-90,98941,Provider_B,100,85,B,Presbyterian Health Plan,MID-104598X,0,,64,15,0,0,15
ACC-10391166,Patient_4599,7/10/2026,A61-90,98941,Provider_A,100,85,B,Presbyterian Health Plan,MID-104599X,0,,55,15,0,0,15
ACC-46080386,Patient_4600,7/15/2026,A61-90,98941,Provider_B,100,85,B,Presbyterian Health Plan,MID-104600X,0,,50,15,0,0,15
ACC-12932284,Patient_4601,7/22/2026,A61-90,98941,Provider_A,100,85,B,Presbyterian Health Plan,MID-104601X,0,,43,15,0,0,15
ACC-54711213,Patient_4602,7/29/2026,A61-90,98941,Provider_B,100,85,B,Presbyterian Health Plan,MID-104602X,0,,36,15,0,0,15
ACC-83617815,Patient_4603,8/12/2026,A31-60,98941,Provider_A,100,85,B,Presbyterian Health Plan,MID-104603X,0,,22,15,0,0,15
ACC-50914102,Patient_4604,8/26/2026,A31-60,98941,Provider_B,100,85,B,Presbyterian Health Plan,MID-104604X,0,,8,15,0,0,15
ACC-18716739,Patient_4605,7/28/2026,A61-90,98941 [AT],Provider_A,100,80,B,Novitas,MID-104605X,0,,37,20,0,0,20
ACC-36388692,Patient_4606,7/29/2026,A61-90,98941,Provider_B,100,80,B,Blue Cross Medicare Advantage,MID-104606X,0,,36,20,0,0,20
ACC-31008935,Patient_4607,8/5/2026,A31-60,98941,Provider_A,100,80,B,Blue Cross Medicare Advantage,MID-104607X,0,,29,20,0,0,20
ACC-42550688,Patient_4608,8/12/2026,A31-60,98941,Provider_B,100,80,B,Blue Cross Medicare Advantage,MID-104608X,0,,22,20,0,0,20
ACC-17653372,Patient_4609,8/19/2026,A31-60,98941,Provider_A,100,80,B,Blue Cross Medicare Advantage,MID-104609X,0,,15,20,0,0,20
ACC-50727895,Patient_4610,8/26/2026,A31-60,98941,Provider_B,100,80,B,Blue Cross Medicare Advantage,MID-104610X,0,,8,20,20,0,0
ACC-90790245,Patient_4611,7/28/2026,A61-90,97012 [GP],Provider_A,30,30,B,Blue Cross Blue Shield Medicare Advantage,MID-104611X,0,,37,0,0,0,0
ACC-20304128,Patient_4612,7/28/2026,A61-90,98941,Provider_B,100,92.67,B,Blue Cross Blue Shield Medicare Advantage,MID-104612X,0,,37,7.33,0,0,7.33
ACC-90300286,Patient_4613,7/30/2026,A61-90,98941,Provider_A,100,92.67,B,Blue Cross Blue Shield Medicare Advantage,MID-104613X,0,,35,7.33,0,0,7.33
ACC-47002297,Patient_4614,8/3/2026,A31-60,98941,Provider_B,100,92.67,B,Blue Cross Blue Shield Medicare Advantage,MID-104614X,0,,31,7.33,0,0,7.33
ACC-26315547,Patient_4615,8/6/2026,A31-60,98941,Provider_A,100,92.67,B,Blue Cross Blue Shield Medicare Advantage,MID-104615X,0,,28,7.33,0,0,7.33
ACC-22343482,Patient_4616,8/12/2026,A31-60,98941,Provider_B,100,92.67,B,Blue Cross Blue Shield Medicare Advantage,MID-104616X,0,,22,7.33,0,0,7.33
ACC-89963564,Patient_4617,8/19/2026,A31-60,98941,Provider_A,100,92.67,B,Blue Cross Blue Shield Medicare Advantage,MID-104617X,0,,15,7.33,0,0,7.33
ACC-75727351,Patient_4618,9/2/2026,A0-30,98941,Provider_B,100,92.67,B,Blue Cross Blue Shield Medicare Advantage,MID-104618X,0,,1,7.33,0,0,7.33
ACC-74861170,Patient_4619,8/31/2026,A0-30,97012 [GP],Provider_A,30,9.83,B,Blue Cross Blue Shield of New Mexico,MID-104619X,0,0000093051,1,0,0,20.17,0
ACC-54763763,Patient_4620,8/31/2026,A0-30,98941,Provider_B,100,26.68,B,Blue Cross Blue Shield of New Mexico,MID-104620X,0,0000093051,1,0,0,63.32,10
ACC-40601908,Patient_4621,9/2/2026,A0-30,97012 [GP],Provider_A,30,9.83,B,Blue Cross Blue Shield of New Mexico,MID-104621X,0,0000093128,0,0,0,20.17,0
ACC-99491187,Patient_4622,9/2/2026,A0-30,98941,Provider_B,100,26.68,B,Blue Cross Blue Shield of New Mexico,MID-104622X,0,0000093128,0,0,0,63.32,10
ACC-80277031,Patient_4623,7/27/2026,A61-90,72052,Provider_A,210,210,B,Presbyterian Health Plan,MID-104623X,0,0000092181,36,0,0,0,0
ACC-86218646,Patient_4624,7/27/2026,A61-90,72120,Provider_B,240,240,B,Presbyterian Health Plan,MID-104624X,0,0000092181,36,0,0,0,0
ACC-95898652,Patient_4625,7/27/2026,A61-90,99203 [25],Provider_A,275,260,B,Presbyterian Health Plan,MID-104625X,0,0000092181,36,15,0,0,15
ACC-34549184,Patient_4626,8/3/2026,A31-60,98941,Provider_B,100,85,B,Presbyterian Health Plan,MID-104626X,0,0000092372,29,15,0,0,15
ACC-29297265,Patient_4627,8/7/2026,A31-60,98941,Provider_A,100,85,B,Presbyterian Health Plan,MID-104627X,0,0000092482,24,15,0,0,15
ACC-48075120,Patient_4628,8/24/2026,A31-60,98941,Provider_B,100,95,B,Presbyterian Health Plan,MID-104628X,0,0000092878,8,5,0,0,5
ACC-43132727,Patient_4629,8/3/2026,A31-60,98941 [AT],Provider_A,100,50.22,B,Novitas solutions inc,MID-104629X,0,,31,49.78,0,0,49.78
ACC-78083650,Patient_4630,8/12/2026,A31-60,98941 [AT],Provider_B,100,50.22,B,Novitas solutions inc,MID-104630X,0,,22,49.78,0,0,49.78
ACC-25143124,Patient_4631,8/24/2026,A31-60,98941 [AT],Provider_A,100,50.22,B,Novitas solutions inc,MID-104631X,0,,10,49.78,0,0,49.78
ACC-27200136,Patient_4632,8/18/2026,A31-60,97012 [GP],Provider_B,30,30,B,Meritain Health,MID-104632X,0,0000092772,13,0,0,0,0
ACC-33449512,Patient_4633,8/18/2026,A31-60,98941,Provider_A,100,4.74,B,Meritain Health,MID-104633X,0,0000092772,13,0,0,65.26,30
ACC-50773958,Patient_4634,8/26/2026,A31-60,98943,Provider_B,50,50,B,Meritain Health,MID-104634X,0,0000092947,6,0,0,0,0
ACC-97563263,Patient_4635,9/1/2026,A0-30,98943,Provider_A,50,50,B,Meritain Health,MID-104635X,0,0000093129,0,0,0,0,0
ACC-42240367,Patient_4636,8/20/2026,A31-60,97012 [GP],Provider_B,30,30,B,United Healthcare,MID-104636X,0,0000092817,10,0,0,0,0
ACC-22088276,Patient_4637,8/20/2026,A31-60,98941,Provider_A,100,40,B,United Healthcare,MID-104637X,0,0000092817,10,60,0,0,60
ACC-14267565,Patient_4638,8/27/2026,A31-60,97012 [GP],Provider_B,30,-30,B,United Healthcare,MID-104638X,0,0000093005,3,60,0,0,60
ACC-34365597,Patient_4639,8/27/2026,A31-60,98943,Provider_A,50,50,B,United Healthcare,MID-104639X,0,0000093005,3,0,0,0,0
ACC-70061397,Patient_4640,8/27/2026,A31-60,99212 [25],Provider_B,100,100,B,United Healthcare,MID-104640X,0,0000093005,3,0,0,0,0
ACC-44681779,Patient_4641,8/28/2026,A31-60,97012 [GP],Provider_A,30,-30,B,United Healthcare,MID-104641X,0,0000093006,3,60,0,0,60
ACC-88392630,Patient_4642,8/28/2026,A31-60,98943,Provider_B,50,50,B,United Healthcare,MID-104642X,0,0000093006,3,0,0,0,0
ACC-51245459,Patient_4643,7/15/2026,A61-90,72052,Provider_A,210,210,B,State Farm Insurance,MID-104643X,0,0000092312,31,0,0,0,0
ACC-57881775,Patient_4644,7/15/2026,A61-90,72120,Provider_B,240,240,B,State Farm Insurance,MID-104644X,0,0000092312,31,0,0,0,0
ACC-52502544,Patient_4645,7/15/2026,A61-90,99203 [25],Provider_A,275,275,B,State Farm Insurance,MID-104645X,0,0000092312,31,0,0,0,0
ACC-16980844,Patient_4646,7/17/2026,A61-90,97012 [GP],Provider_B,30,30,B,State Farm Insurance,MID-104646X,0,0000092313,31,0,0,0,0
ACC-92328439,Patient_4647,7/17/2026,A61-90,98941,Provider_A,100,100,B,State Farm Insurance,MID-104647X,0,0000092313,31,0,0,0,0
ACC-48294540,Patient_4648,7/21/2026,A61-90,97012 [GP],Provider_B,30,30,B,State Farm Insurance,MID-104648X,0,0000092314,31,0,0,0,0
ACC-12215362,Patient_4649,7/21/2026,A61-90,98941,Provider_A,100,100,B,State Farm Insurance,MID-104649X,0,0000092314,31,0,0,0,0
ACC-58328868,Patient_4650,7/21/2026,A61-90,S8948,Provider_B,60,60,B,State Farm Insurance,MID-104650X,0,0000092314,31,0,0,0,0
ACC-74492736,Patient_4651,7/22/2026,A61-90,97012 [GP],Provider_A,30,30,B,State Farm Insurance,MID-104651X,0,0000092315,31,0,0,0,0
ACC-88800897,Patient_4652,7/22/2026,A61-90,97039,Provider_B,60,60,B,State Farm Insurance,MID-104652X,0,0000092315,31,0,0,0,0
ACC-78362425,Patient_4653,7/22/2026,A61-90,98941,Provider_A,100,100,B,State Farm Insurance,MID-104653X,0,0000092315,31,0,0,0,0
ACC-31824413,Patient_4654,7/24/2026,A61-90,97012 [GP],Provider_B,30,30,B,State Farm Insurance,MID-104654X,0,0000092316,31,0,0,0,0
ACC-52670116,Patient_4655,7/24/2026,A61-90,97039,Provider_A,60,60,B,State Farm Insurance,MID-104655X,0,0000092316,31,0,0,0,0
ACC-42008953,Patient_4656,7/24/2026,A61-90,98941,Provider_B,100,100,B,State Farm Insurance,MID-104656X,0,0000092316,31,0,0,0,0
ACC-41363004,Patient_4657,7/28/2026,A61-90,97012 [GP],Provider_A,30,30,B,State Farm Insurance,MID-104657X,0,0000092317,31,0,0,0,0
ACC-77299771,Patient_4658,7/28/2026,A61-90,97039,Provider_B,60,60,B,State Farm Insurance,MID-104658X,0,0000092317,31,0,0,0,0
ACC-56138834,Patient_4659,7/28/2026,A61-90,98941,Provider_A,100,100,B,State Farm Insurance,MID-104659X,0,0000092317,31,0,0,0,0
ACC-88311157,Patient_4660,7/29/2026,A61-90,97012 [GP],Provider_B,30,30,B,State Farm Insurance,MID-104660X,0,0000092318,31,0,0,0,0
ACC-98814730,Patient_4661,7/29/2026,A61-90,97039,Provider_A,60,60,B,State Farm Insurance,MID-104661X,0,0000092318,31,0,0,0,0
ACC-27050829,Patient_4662,7/29/2026,A61-90,98941,Provider_B,100,100,B,State Farm Insurance,MID-104662X,0,0000092318,31,0,0,0,0
ACC-77616201,Patient_4663,7/31/2026,A31-60,97012 [GP],Provider_A,30,30,B,State Farm Insurance,MID-104663X,0,0000092319,31,0,0,0,0
ACC-76978504,Patient_4664,7/31/2026,A31-60,97039,Provider_B,60,60,B,State Farm Insurance,MID-104664X,0,0000092319,31,0,0,0,0
ACC-36967445,Patient_4665,7/31/2026,A31-60,98941,Provider_A,100,100,B,State Farm Insurance,MID-104665X,0,0000092319,31,0,0,0,0
ACC-95727330,Patient_4666,8/3/2026,A31-60,97012 [GP],Provider_B,30,30,B,State Farm Insurance,MID-104666X,0,0000092377,29,0,0,0,0
ACC-34772530,Patient_4667,8/3/2026,A31-60,97039,Provider_A,60,60,B,State Farm Insurance,MID-104667X,0,0000092377,29,0,0,0,0
ACC-57517652,Patient_4668,8/3/2026,A31-60,98941,Provider_B,100,100,B,State Farm Insurance,MID-104668X,0,0000092377,29,0,0,0,0
ACC-78701509,Patient_4669,8/5/2026,A31-60,97012 [GP],Provider_A,30,30,B,State Farm Insurance,MID-104669X,0,0000092438,27,0,0,0,0
ACC-71860127,Patient_4670,8/5/2026,A31-60,97039,Provider_B,60,60,B,State Farm Insurance,MID-104670X,0,0000092438,27,0,0,0,0
ACC-17616733,Patient_4671,8/5/2026,A31-60,98941,Provider_A,100,100,B,State Farm Insurance,MID-104671X,0,0000092438,27,0,0,0,0
ACC-75464532,Patient_4672,8/7/2026,A31-60,97012 [GP],Provider_B,30,30,B,State Farm Insurance,MID-104672X,0,0000092488,24,0,0,0,0
ACC-45494243,Patient_4673,8/7/2026,A31-60,97039,Provider_A,60,60,B,State Farm Insurance,MID-104673X,0,0000092488,24,0,0,0,0
ACC-71697826,Patient_4674,8/7/2026,A31-60,98941,Provider_B,100,100,B,State Farm Insurance,MID-104674X,0,0000092488,24,0,0,0,0
ACC-11266198,Patient_4675,8/14/2026,A31-60,97012 [GP],Provider_A,30,30,B,State Farm Insurance,MID-104675X,0,0000092641,17,0,0,0,0
ACC-19507915,Patient_4676,8/14/2026,A31-60,97039,Provider_B,60,60,B,State Farm Insurance,MID-104676X,0,0000092641,17,0,0,0,0
ACC-19175196,Patient_4677,8/14/2026,A31-60,98941,Provider_A,100,100,B,State Farm Insurance,MID-104677X,0,0000092641,17,0,0,0,0
ACC-71749854,Patient_4678,8/18/2026,A31-60,97012 [GP],Provider_B,30,30,B,State Farm Insurance,MID-104678X,0,0000092778,13,0,0,0,0
ACC-37094977,Patient_4679,8/18/2026,A31-60,98941,Provider_A,100,100,B,State Farm Insurance,MID-104679X,0,0000092778,13,0,0,0,0
ACC-44457128,Patient_4680,8/18/2026,A31-60,99212,Provider_B,100,100,B,State Farm Insurance,MID-104680X,0,0000092778,13,0,0,0,0
ACC-77523192,Patient_4681,8/25/2026,A31-60,97012 [GP],Provider_A,30,30,B,State Farm Insurance,MID-104681X,0,0000092952,6,0,0,0,0
ACC-95114393,Patient_4682,8/25/2026,A31-60,97039,Provider_B,60,60,B,State Farm Insurance,MID-104682X,0,0000092952,6,0,0,0,0
ACC-73588793,Patient_4683,8/25/2026,A31-60,98941,Provider_A,100,100,B,State Farm Insurance,MID-104683X,0,0000092952,6,0,0,0,0
ACC-25534825,Patient_4684,8/26/2026,A31-60,97012 [GP],Provider_B,30,30,B,State Farm Insurance,MID-104684X,0,0000092953,6,0,0,0,0
ACC-76261246,Patient_4685,8/26/2026,A31-60,97039,Provider_A,60,60,B,State Farm Insurance,MID-104685X,0,0000092953,6,0,0,0,0
ACC-82403878,Patient_4686,8/26/2026,A31-60,98943,Provider_B,50,50,B,State Farm Insurance,MID-104686X,0,0000092953,6,0,0,0,0
ACC-16167729,Patient_4687,8/28/2026,A31-60,97012 [GP],Provider_A,30,30,B,State Farm Insurance,MID-104687X,0,0000093012,3,0,0,0,0
ACC-87015034,Patient_4688,8/28/2026,A31-60,98943,Provider_B,50,50,B,State Farm Insurance,MID-104688X,0,0000093012,3,0,0,0,0
ACC-83951827,Patient_4689,9/1/2026,A0-30,97012 [GP],Provider_A,30,30,B,State Farm Insurance,MID-104689X,0,0000093133,0,0,0,0,0
ACC-40990815,Patient_4690,9/1/2026,A0-30,98943,Provider_B,50,50,B,State Farm Insurance,MID-104690X,0,0000093133,0,0,0,0,0
ACC-78841627,Patient_4691,7/24/2026,A61-90,98941,Provider_A,200,185,B,Presbyterian Health Plan,MID-104691X,0,,41,15,0,0,15
ACC-43518946,Patient_4692,7/29/2026,A61-90,98941,Provider_B,200,185,B,Presbyterian Health Plan,MID-104692X,0,,36,15,0,0,15
ACC-27602365,Patient_4693,8/5/2026,A31-60,98941,Provider_A,200,185,B,Presbyterian Health Plan,MID-104693X,0,,29,15,0,0,15
ACC-87776760,Patient_4694,8/26/2026,A31-60,98941,Provider_B,200,185,B,Presbyterian Health Plan,MID-104694X,0,,8,15,0,0,15
ACC-61943840,Patient_4695,8/25/2026,A31-60,98941,Provider_A,100,80,B,Presbyterian Health Plan,MID-104695X,0,0000092955,6,20,20,0,0
ACC-81914238,Patient_4696,8/28/2026,A31-60,98941,Provider_B,100,80,B,Presbyterian Health Plan,MID-104696X,0,0000093013,3,20,0,0,20
ACC-27778563,Patient_4697,8/28/2026,A31-60,97012 [GP],Provider_A,30,9.83,B,Blue Cross Blue Shield of New Mexico,MID-104697X,0,0000093008,3,0,0,20.17,0
ACC-94024215,Patient_4698,8/28/2026,A31-60,98941,Provider_B,100,-23.32,B,Blue Cross Blue Shield of New Mexico,MID-104698X,0,0000093008,3,0,0,63.32,60
ACC-62340333,Patient_4699,8/19/2026,A31-60,97012 [GP],Provider_A,30,30,B,United Healthcare,MID-104699X,0,0000092775,13,0,0,0,0
ACC-36700037,Patient_4700,8/19/2026,A31-60,98941,Provider_B,100,60,B,United Healthcare,MID-104700X,0,0000092775,13,40,0,0,40
ACC-67973742,Patient_4701,8/25/2026,A31-60,97012 [GP],Provider_A,30,30,B,United Healthcare,MID-104701X,0,0000092949,6,0,0,0,0
ACC-78276714,Patient_4702,8/25/2026,A31-60,98941,Provider_B,100,60,B,United Healthcare,MID-104702X,0,0000092949,6,40,0,0,40
ACC-64663332,Patient_4703,8/27/2026,A31-60,97012 [GP],Provider_A,30,30,B,United Healthcare,MID-104703X,0,0000093009,3,0,0,0,0
ACC-49707797,Patient_4704,8/27/2026,A31-60,98941,Provider_B,100,60,B,United Healthcare,MID-104704X,0,0000093009,3,40,0,0,40
ACC-52850967,Patient_4705,8/31/2026,A0-30,97012 [GP],Provider_A,30,30,B,United Healthcare,MID-104705X,0,0000093053,1,0,0,0,0
ACC-87738897,Patient_4706,8/31/2026,A0-30,98941,Provider_B,100,60,B,United Healthcare,MID-104706X,0,0000093053,1,40,0,0,40
ACC-61701931,Patient_4707,9/2/2026,A0-30,97012 [GP],Provider_A,30,30,B,United Healthcare,MID-104707X,0,0000093131,0,0,0,0,0
ACC-96880244,Patient_4708,9/2/2026,A0-30,98941,Provider_B,100,60,B,United Healthcare,MID-104708X,0,0000093131,0,40,0,0,40
ACC-17314879,Patient_4709,9/2/2026,A0-30,99212 [25],Provider_A,100,100,B,United Healthcare,MID-104709X,0,0000093131,0,0,0,0,0
ACC-66377984,Patient_4710,7/28/2026,A61-90,72052,Provider_B,210,210,B,State Farm Insurance,MID-104710X,0,0000093066,1,0,0,0,0
ACC-14039770,Patient_4711,7/28/2026,A61-90,72120,Provider_A,240,240,B,State Farm Insurance,MID-104711X,0,0000093066,1,0,0,0,0
ACC-52765457,Patient_4712,7/29/2026,A61-90,98941,Provider_B,100,100,B,State Farm Insurance,MID-104712X,0,0000093067,1,0,0,0,0
ACC-88179812,Patient_4713,7/31/2026,A31-60,97039,Provider_A,60,60,B,State Farm Insurance,MID-104713X,0,0000093068,1,0,0,0,0
ACC-46846498,Patient_4714,7/31/2026,A31-60,98941,Provider_B,100,100,B,State Farm Insurance,MID-104714X,0,0000093068,1,0,0,0,0
ACC-56470447,Patient_4715,8/3/2026,A31-60,97039,Provider_A,60,60,B,State Farm Insurance,MID-104715X,0,0000093069,1,0,0,0,0
ACC-60607316,Patient_4716,8/3/2026,A31-60,98941,Provider_B,100,100,B,State Farm Insurance,MID-104716X,0,0000093069,1,0,0,0,0
ACC-89742189,Patient_4717,8/5/2026,A31-60,97039,Provider_A,60,60,B,State Farm Insurance,MID-104717X,0,0000093070,1,0,0,0,0
ACC-60919159,Patient_4718,8/5/2026,A31-60,98941,Provider_B,100,100,B,State Farm Insurance,MID-104718X,0,0000093070,1,0,0,0,0
ACC-46849905,Patient_4719,8/7/2026,A31-60,97039,Provider_A,60,60,B,State Farm Insurance,MID-104719X,0,0000093071,1,0,0,0,0
ACC-92639242,Patient_4720,8/7/2026,A31-60,98941,Provider_B,100,100,B,State Farm Insurance,MID-104720X,0,0000093071,1,0,0,0,0
ACC-68977968,Patient_4721,8/12/2026,A31-60,97110 [GP],Provider_A,45,45,B,State Farm Insurance,MID-104721X,0,0000093072,1,0,0,0,0
ACC-73157986,Patient_4722,8/12/2026,A31-60,98941,Provider_B,100,100,B,State Farm Insurance,MID-104722X,0,0000093072,1,0,0,0,0
ACC-85520988,Patient_4723,8/14/2026,A31-60,97039,Provider_A,60,60,B,State Farm Insurance,MID-104723X,0,0000093073,1,0,0,0,0
ACC-19025877,Patient_4724,8/14/2026,A31-60,98941,Provider_B,100,100,B,State Farm Insurance,MID-104724X,0,0000093073,1,0,0,0,0
ACC-27534903,Patient_4725,8/18/2026,A31-60,97039,Provider_A,60,60,B,State Farm Insurance,MID-104725X,0,0000093074,1,0,0,0,0
ACC-77824812,Patient_4726,8/18/2026,A31-60,98941,Provider_B,100,100,B,State Farm Insurance,MID-104726X,0,0000093074,1,0,0,0,0
ACC-45851045,Patient_4727,8/19/2026,A31-60,97039,Provider_A,60,60,B,State Farm Insurance,MID-104727X,0,0000093075,1,0,0,0,0
ACC-68198963,Patient_4728,8/19/2026,A31-60,98941,Provider_B,100,100,B,State Farm Insurance,MID-104728X,0,0000093075,1,0,0,0,0
ACC-92946224,Patient_4729,8/24/2026,A31-60,97039,Provider_A,60,60,B,State Farm Insurance,MID-104729X,0,0000093076,1,0,0,0,0
ACC-66829702,Patient_4730,8/24/2026,A31-60,98941,Provider_B,100,100,B,State Farm Insurance,MID-104730X,0,0000093076,1,0,0,0,0
ACC-31677140,Patient_4731,8/26/2026,A31-60,98941,Provider_A,100,100,B,State Farm Insurance,MID-104731X,0,0000093077,1,0,0,0,0
ACC-24406066,Patient_4732,8/26/2026,A31-60,99212 [25],Provider_B,100,100,B,State Farm Insurance,MID-104732X,0,0000093077,1,0,0,0,0
ACC-51397509,Patient_4733,8/26/2026,A31-60,E0761,Provider_A,50,50,B,State Farm Insurance,MID-104733X,0,0000093077,1,0,0,0,0
ACC-33949806,Patient_4734,8/28/2026,A31-60,98943,Provider_B,50,50,B,State Farm Insurance,MID-104734X,0,0000093078,1,0,0,0,0
ACC-88644311,Patient_4735,8/28/2026,A31-60,E0761,Provider_A,50,50,B,State Farm Insurance,MID-104735X,0,0000093078,1,0,0,0,0
ACC-91380844,Patient_4736,8/31/2026,A0-30,98943,Provider_B,50,50,B,State Farm Insurance,MID-104736X,0,0000093079,1,0,0,0,0
ACC-85160215,Patient_4737,8/31/2026,A0-30,E0761,Provider_A,50,50,B,State Farm Insurance,MID-104737X,0,0000093079,1,0,0,0,0
ACC-17536618,Patient_4738,9/2/2026,A0-30,98943,Provider_B,50,50,B,State Farm Insurance,MID-104738X,0,0000093153,0,0,0,0,0
ACC-36320662,Patient_4739,9/2/2026,A0-30,E0761,Provider_A,50,50,B,State Farm Insurance,MID-104739X,0,0000093153,0,0,0,0,0
ACC-53669778,Patient_4740,7/29/2026,A61-90,72120,Provider_B,240,240,B,Presbyterian Health Plan,MID-104740X,0,0000092264,34,0,0,0,0
ACC-28098852,Patient_4741,7/29/2026,A61-90,99203 [25],Provider_A,275,237.85,B,Presbyterian Health Plan,MID-104741X,0,0000092264,34,37.15,0,0,37.15
ACC-99528114,Patient_4742,7/30/2026,A61-90,98941,Provider_B,100,62.85,B,Presbyterian Health Plan,MID-104742X,0,0000092307,31,37.15,0,0,37.15
ACC-34851529,Patient_4743,8/3/2026,A31-60,98941,Provider_A,100,62.85,B,Presbyterian Health Plan,MID-104743X,0,0000092374,29,37.15,0,0,37.15
ACC-44546893,Patient_4744,8/5/2026,A31-60,98941,Provider_B,100,62.85,B,Presbyterian Health Plan,MID-104744X,0,0000092437,27,37.15,0,0,37.15
ACC-39970789,Patient_4745,8/10/2026,A31-60,97012 [GP],Provider_A,30,30,B,Presbyterian Health Plan,MID-104745X,0,0000092543,22,0,0,0,0
ACC-94264581,Patient_4746,8/10/2026,A31-60,97110 [GP],Provider_B,45,45,B,Presbyterian Health Plan,MID-104746X,0,0000092543,22,0,0,0,0
ACC-94678469,Patient_4747,8/10/2026,A31-60,98941,Provider_A,100,62.85,B,Presbyterian Health Plan,MID-104747X,0,0000092543,22,37.15,0,0,37.15
ACC-83206559,Patient_4748,8/12/2026,A31-60,97012 [GP],Provider_B,30,30,B,Presbyterian Health Plan,MID-104748X,0,0000092600,20,0,0,0,0
ACC-59379018,Patient_4749,8/12/2026,A31-60,98941,Provider_A,100,62.85,B,Presbyterian Health Plan,MID-104749X,0,0000092600,20,37.15,0,0,37.15
ACC-28230466,Patient_4750,8/19/2026,A31-60,97012 [GP],Provider_B,30,30,B,Presbyterian Health Plan,MID-104750X,0,0000092776,13,0,0,0,0
ACC-37835567,Patient_4751,8/19/2026,A31-60,98941,Provider_A,100,62.85,B,Presbyterian Health Plan,MID-104751X,0,0000092776,13,37.15,0,0,37.15
ACC-67232451,Patient_4752,8/24/2026,A31-60,97012 [GP],Provider_B,30,30,B,Presbyterian Health Plan,MID-104752X,0,0000092882,8,0,0,0,0
ACC-69234375,Patient_4753,8/24/2026,A31-60,98941,Provider_A,100,62.85,B,Presbyterian Health Plan,MID-104753X,0,0000092882,8,37.15,0,0,37.15
ACC-65971658,Patient_4754,8/26/2026,A31-60,97012 [GP],Provider_B,30,-7.15,B,Presbyterian Health Plan,MID-104754X,0,0000092950,6,37.15,0,0,37.15
ACC-55401397,Patient_4755,8/26/2026,A31-60,98942,Provider_A,125,125,B,Presbyterian Health Plan,MID-104755X,0,0000092950,6,0,0,0,0
ACC-28347085,Patient_4756,8/24/2026,A31-60,97012 [GP],Provider_B,30,30,B,UMR,MID-104756X,0,0000092883,8,0,0,0,0
ACC-34605903,Patient_4757,8/24/2026,A31-60,98941,Provider_A,100,80,B,UMR,MID-104757X,0,0000092883,8,20,0,0,20
ACC-37648569,Patient_4758,9/1/2026,A0-30,97012 [GP],Provider_B,30,30,B,UMR,MID-104758X,0,0000093132,0,0,0,0,0
ACC-55007161,Patient_4759,9/1/2026,A0-30,98941,Provider_A,100,80,B,UMR,MID-104759X,0,0000093132,0,20,0,0,20
ACC-70756322,Patient_4760,8/14/2026,A31-60,97012 [GP],Provider_B,30,30,B,Presbyterian Health Plan,MID-104760X,0,0000092640,17,0,0,0,0
ACC-13862115,Patient_4761,8/14/2026,A31-60,98941,Provider_A,100,70,B,Presbyterian Health Plan,MID-104761X,0,0000092640,17,30,0,0,30
ACC-95115231,Patient_4762,8/19/2026,A31-60,97012 [GP],Provider_B,30,30,B,Presbyterian Health Plan,MID-104762X,0,0000092777,13,0,0,0,0
ACC-37325018,Patient_4763,8/19/2026,A31-60,97110 [GP],Provider_A,45,45,B,Presbyterian Health Plan,MID-104763X,0,0000092777,13,0,0,0,0
ACC-16059771,Patient_4764,8/19/2026,A31-60,98941,Provider_B,100,70,B,Presbyterian Health Plan,MID-104764X,0,0000092777,13,30,0,0,30
ACC-63244159,Patient_4765,8/24/2026,A31-60,97012 [GP],Provider_A,30,30,B,Presbyterian Health Plan,MID-104765X,0,0000092884,8,0,0,0,0
ACC-90337342,Patient_4766,8/24/2026,A31-60,98941,Provider_B,100,70,B,Presbyterian Health Plan,MID-104766X,0,0000092884,8,30,0,0,30
ACC-96183173,Patient_4767,8/26/2026,A31-60,97012 [GP],Provider_A,30,30,B,Presbyterian Health Plan,MID-104767X,0,0000092951,6,0,0,0,0
ACC-73482077,Patient_4768,8/26/2026,A31-60,98941,Provider_B,100,70,B,Presbyterian Health Plan,MID-104768X,0,0000092951,6,30,0,0,30
ACC-54510919,Patient_4769,8/28/2026,A31-60,97012 [GP],Provider_A,30,30,B,Presbyterian Health Plan,MID-104769X,0,0000093011,3,0,0,0,0
ACC-32107050,Patient_4770,8/28/2026,A31-60,98941,Provider_B,100,70,B,Presbyterian Health Plan,MID-104770X,0,0000093011,3,30,0,0,30
ACC-97249194,Patient_4771,8/31/2026,A0-30,97012 [GP],Provider_A,30,30,B,Presbyterian Health Plan,MID-104771X,0,0000093055,1,0,0,0,0
ACC-55687551,Patient_4772,8/31/2026,A0-30,98941,Provider_B,100,70,B,Presbyterian Health Plan,MID-104772X,0,0000093055,1,30,0,0,30
ACC-87492163,Patient_4773,8/24/2026,A31-60,98941,Provider_A,100,85,B,Presbyterian Health Plan,MID-104773X,0,0000092885,8,15,0,0,15
ACC-18933945,Patient_4774,8/31/2026,A0-30,97012 [GP],Provider_B,30,30,B,Blue Cross Blue Shield of New Mexico,MID-104774X,0,0000093056,1,0,0,0,0
ACC-29301614,Patient_4775,8/31/2026,A0-30,97110 [GP],Provider_A,45,45,B,Blue Cross Blue Shield of New Mexico,MID-104775X,0,0000093056,1,0,0,0,0
ACC-18956844,Patient_4776,8/31/2026,A0-30,98941,Provider_B,100,-3.32,B,Blue Cross Blue Shield of New Mexico,MID-104776X,0,0000093056,1,0,0,63.32,0
ACC-31843991,Patient_4777,8/24/2026,A31-60,97012 [GP],Provider_A,30,30,B,Presbyterian Health Plan,MID-104777X,0,0000092890,8,0,0,0,0
ACC-17595979,Patient_4778,8/24/2026,A31-60,98941,Provider_B,100,60,B,Presbyterian Health Plan,MID-104778X,0,0000092890,8,40,0,0,40
ACC-91904444,Patient_4779,8/27/2026,A31-60,97012 [GP],Provider_A,30,30,B,Presbyterian Health Plan,MID-104779X,0,0000093016,3,0,0,0,0
ACC-38111542,Patient_4780,8/27/2026,A31-60,98941,Provider_B,100,60,B,Presbyterian Health Plan,MID-104780X,0,0000093016,3,40,0,0,40
ACC-42997915,Patient_4781,8/31/2026,A0-30,97012 [GP],Provider_A,30,30,B,Presbyterian Health Plan,MID-104781X,0,0000093059,1,0,0,0,0
ACC-93177627,Patient_4782,8/31/2026,A0-30,98941,Provider_B,100,60,B,Presbyterian Health Plan,MID-104782X,0,0000093059,1,40,0,0,40
ACC-87041129,Patient_4783,8/6/2026,A31-60,98941,Provider_A,100,60,B,Presbyterian Health Plan,MID-104783X,0,0000092546,22,40,0,0,40
ACC-74647400,Patient_4784,8/12/2026,A31-60,72120,Provider_B,240,240,B,GEHA,MID-104784X,0,0000092604,20,0,0,0,0
ACC-60880588,Patient_4785,8/12/2026,A31-60,99203 [25],Provider_A,275,245,B,GEHA,MID-104785X,0,0000092604,20,30,0,0,30
ACC-80830391,Patient_4786,8/13/2026,A31-60,98941,Provider_B,100,70,B,GEHA,MID-104786X,0,0000092644,17,30,0,0,30
ACC-33263422,Patient_4787,8/18/2026,A31-60,98941,Provider_A,100,70,B,GEHA,MID-104787X,0,0000092886,8,30,0,0,30
ACC-62899135,Patient_4788,8/20/2026,A31-60,98941,Provider_B,100,70,B,GEHA,MID-104788X,0,0000092887,8,30,0,0,30
ACC-25587794,Patient_4789,8/24/2026,A31-60,97110 [GP],Provider_A,45,45,B,GEHA,MID-104789X,0,0000092888,8,0,0,0,0
ACC-41363806,Patient_4790,8/24/2026,A31-60,98941,Provider_B,100,70,B,GEHA,MID-104790X,0,0000092888,8,30,0,0,30
ACC-81402470,Patient_4791,8/27/2026,A31-60,97012 [GP],Provider_A,30,30,B,GEHA,MID-104791X,0,0000093015,3,0,0,0,0
ACC-41913777,Patient_4792,8/27/2026,A31-60,98941,Provider_B,100,70,B,GEHA,MID-104792X,0,0000093015,3,30,0,0,30
ACC-84140237,Patient_4793,8/31/2026,A0-30,97012 [GP],Provider_A,30,30,B,GEHA,MID-104793X,0,0000093058,1,0,0,0,0
ACC-47869684,Patient_4794,8/31/2026,A0-30,98941,Provider_B,100,70,B,GEHA,MID-104794X,0,0000093058,1,30,0,0,30
ACC-70082909,Patient_4795,8/31/2026,A0-30,99212,Provider_A,100,100,B,GEHA,MID-104795X,0,0000093058,1,0,0,0,0
ACC-68983091,Patient_4796,9/2/2026,A0-30,97012 [GP],Provider_B,30,30,B,GEHA,MID-104796X,0,0000093135,0,0,0,0,0
ACC-52240616,Patient_4797,9/2/2026,A0-30,98941,Provider_A,100,70,B,GEHA,MID-104797X,0,0000093135,0,30,0,0,30
ACC-18448963,Patient_4798,8/18/2026,A31-60,98941,Provider_B,100,85,B,Presbyterian Health Plan,MID-104798X,0,0000092783,13,15,0,0,15
ACC-29299284,Patient_4799,8/24/2026,A31-60,98941,Provider_A,100,85,B,Presbyterian Health Plan,MID-104799X,0,0000092889,8,15,0,0,15
ACC-60850176,Patient_4800,8/25/2026,A31-60,97012 [GP],Provider_B,30,30,B,Blue Cross Blue Shield of New Mexico,MID-104800X,0,0000092956,6,0,0,0,0
ACC-72863440,Patient_4801,8/25/2026,A31-60,98941,Provider_A,100,50,B,Blue Cross Blue Shield of New Mexico,MID-104801X,0,0000092956,6,50,0,0,50
ACC-77101950,Patient_4802,8/28/2026,A31-60,97012 [GP],Provider_B,30,30,B,Blue Cross Blue Shield of New Mexico,MID-104802X,0,0000093014,3,0,0,0,0
ACC-32435931,Patient_4803,8/28/2026,A31-60,97110 [GP],Provider_A,45,45,B,Blue Cross Blue Shield of New Mexico,MID-104803X,0,0000093014,3,0,0,0,0
ACC-55611206,Patient_4804,8/28/2026,A31-60,98941,Provider_B,100,50,B,Blue Cross Blue Shield of New Mexico,MID-104804X,0,0000093014,3,50,0,0,50
ACC-55604476,Patient_4805,9/1/2026,A0-30,97012 [GP],Provider_A,30,30,B,Blue Cross Blue Shield of New Mexico,MID-104805X,0,0000093134,0,0,0,0,0
ACC-13479442,Patient_4806,9/1/2026,A0-30,98941,Provider_B,100,50,B,Blue Cross Blue Shield of New Mexico,MID-104806X,0,0000093134,0,50,0,0,50
ACC-34611979,Patient_4807,8/12/2026,A31-60,72052,Provider_A,210,210,B,AAA Insurance,MID-104807X,0,0000093146,0,0,0,0,0
ACC-94440096,Patient_4808,8/12/2026,A31-60,72120,Provider_B,240,240,B,AAA Insurance,MID-104808X,0,0000093146,0,0,0,0,0
ACC-86742855,Patient_4809,8/12/2026,A31-60,97039,Provider_A,60,60,B,AAA Insurance,MID-104809X,0,0000093146,0,0,0,0,0
ACC-66258609,Patient_4810,8/12/2026,A31-60,99203 [25],Provider_B,275,275,B,AAA Insurance,MID-104810X,0,0000093146,0,0,0,0,0
ACC-28230996,Patient_4811,8/13/2026,A31-60,97012 [GP],Provider_A,30,30,B,AAA Insurance,MID-104811X,0,0000093147,0,0,0,0,0
ACC-70560462,Patient_4812,8/13/2026,A31-60,97039,Provider_B,60,60,B,AAA Insurance,MID-104812X,0,0000093147,0,0,0,0,0
ACC-14891975,Patient_4813,8/13/2026,A31-60,98941,Provider_A,100,100,B,AAA Insurance,MID-104813X,0,0000093147,0,0,0,0,0
ACC-97366138,Patient_4814,8/18/2026,A31-60,97012 [GP],Provider_B,30,30,B,AAA Insurance,MID-104814X,0,0000093148,0,0,0,0,0
ACC-51869562,Patient_4815,8/18/2026,A31-60,97039,Provider_A,60,60,B,AAA Insurance,MID-104815X,0,0000093148,0,0,0,0,0
ACC-51729227,Patient_4816,8/18/2026,A31-60,98941,Provider_B,100,100,B,AAA Insurance,MID-104816X,0,0000093148,0,0,0,0,0
ACC-15378815,Patient_4817,8/19/2026,A31-60,97012 [GP],Provider_A,30,30,B,AAA Insurance,MID-104817X,0,0000093149,0,0,0,0,0
ACC-70102185,Patient_4818,8/19/2026,A31-60,97039,Provider_B,60,60,B,AAA Insurance,MID-104818X,0,0000093149,0,0,0,0,0
ACC-27220930,Patient_4819,8/19/2026,A31-60,98941,Provider_A,100,100,B,AAA Insurance,MID-104819X,0,0000093149,0,0,0,0,0
ACC-52058355,Patient_4820,8/25/2026,A31-60,97012 [GP],Provider_B,30,30,B,AAA Insurance,MID-104820X,0,0000093150,0,0,0,0,0
ACC-72710959,Patient_4821,8/25/2026,A31-60,97039,Provider_A,60,60,B,AAA Insurance,MID-104821X,0,0000093150,0,0,0,0,0
ACC-99619408,Patient_4822,8/25/2026,A31-60,98941,Provider_B,100,100,B,AAA Insurance,MID-104822X,0,0000093150,0,0,0,0,0
ACC-41188858,Patient_4823,8/26/2026,A31-60,97012 [GP],Provider_A,30,30,B,AAA Insurance,MID-104823X,0,0000093151,0,0,0,0,0
ACC-13768993,Patient_4824,8/26/2026,A31-60,97039,Provider_B,60,60,B,AAA Insurance,MID-104824X,0,0000093151,0,0,0,0,0
ACC-34360513,Patient_4825,8/26/2026,A31-60,98941,Provider_A,100,100,B,AAA Insurance,MID-104825X,0,0000093151,0,0,0,0,0
ACC-13998730,Patient_4826,8/28/2026,A31-60,97012 [GP],Provider_B,30,30,B,AAA Insurance,MID-104826X,0,0000093152,0,0,0,0,0
ACC-52327274,Patient_4827,8/28/2026,A31-60,97110 [GP],Provider_A,45,45,B,AAA Insurance,MID-104827X,0,0000093152,0,0,0,0,0
ACC-59547063,Patient_4828,8/28/2026,A31-60,98941,Provider_B,100,100,B,AAA Insurance,MID-104828X,0,0000093152,0,0,0,0,0
ACC-57059049,Patient_4829,8/25/2026,A31-60,98941,Provider_A,100,85,B,Presbyterian Health Plan,MID-104829X,0,0000092957,6,15,0,0,15
ACC-20620770,Patient_4830,8/28/2026,A31-60,98941,Provider_B,100,85,B,Presbyterian Health Plan,MID-104830X,0,0000093018,3,15,0,0,15
ACC-37321504,Patient_4831,8/19/2026,A31-60,72100,Provider_A,50,50,B,Presbyterian Health Plan,MID-104831X,0,0000092788,13,0,0,0,0
ACC-19501037,Patient_4832,8/19/2026,A31-60,72120,Provider_B,240,240,B,Presbyterian Health Plan,MID-104832X,0,0000092788,13,0,0,0,0
ACC-55787466,Patient_4833,8/19/2026,A31-60,99203 [25],Provider_A,275,240,B,Presbyterian Health Plan,MID-104833X,0,0000092788,13,35,0,0,35
ACC-45038343,Patient_4834,8/24/2026,A31-60,98941,Provider_B,100,65,B,Presbyterian Health Plan,MID-104834X,0,0000092892,8,35,35,0,0
ACC-38364645,Patient_4835,8/19/2026,A31-60,72052,Provider_A,210,210,B,United Healthcare,MID-104835X,0,0000092786,13,0,0,0,0
ACC-49299646,Patient_4836,8/19/2026,A31-60,72120,Provider_B,240,240,B,United Healthcare,MID-104836X,0,0000092786,13,0,0,0,0
ACC-84890393,Patient_4837,8/19/2026,A31-60,99203 [25],Provider_A,275,250,B,United Healthcare,MID-104837X,0,0000092786,13,25,0,0,25
ACC-18030870,Patient_4838,8/24/2026,A31-60,97012 [GP],Provider_B,30,30,B,United Healthcare,MID-104838X,0,0000092891,8,0,0,0,0
ACC-72608574,Patient_4839,8/24/2026,A31-60,98941,Provider_A,100,75,B,United Healthcare,MID-104839X,0,0000092891,8,25,0,0,25
ACC-11360490,Patient_4840,8/27/2026,A31-60,97012 [GP],Provider_B,30,30,B,United Healthcare,MID-104840X,0,0000093019,3,0,0,0,0
ACC-42215407,Patient_4841,8/27/2026,A31-60,98941,Provider_A,100,75,B,United Healthcare,MID-104841X,0,0000093019,3,25,0,0,25
ACC-68199358,Patient_4842,8/31/2026,A0-30,97012 [GP],Provider_B,30,30,B,United Healthcare,MID-104842X,0,0000093060,1,0,0,0,0
ACC-49493937,Patient_4843,8/31/2026,A0-30,98941,Provider_A,100,75,B,United Healthcare,MID-104843X,0,0000093060,1,25,0,0,25
ACC-24983485,Patient_4844,9/2/2026,A0-30,97012 [GP],Provider_B,30,30,B,United Healthcare,MID-104844X,0,0000093137,0,0,0,0,0
ACC-41041547,Patient_4845,9/2/2026,A0-30,97110 [GP],Provider_A,45,45,B,United Healthcare,MID-104845X,0,0000093137,0,0,0,0,0
ACC-42060603,Patient_4846,9/2/2026,A0-30,98941,Provider_B,100,75,B,United Healthcare,MID-104846X,0,0000093137,0,25,0,0,25
ACC-58600414,Patient_4847,8/24/2026,A31-60,72052,Provider_A,210,195,B,Presbyterian Health Plan,MID-104847X,0,0000093061,1,15,15,0,0
ACC-38054783,Patient_4848,8/24/2026,A31-60,72120,Provider_B,240,240,B,Presbyterian Health Plan,MID-104848X,0,0000093061,1,0,0,0,0
ACC-20355900,Patient_4849,8/24/2026,A31-60,99203 [25],Provider_A,275,275,B,Presbyterian Health Plan,MID-104849X,0,0000093061,1,0,0,0,0
ACC-59159005,Patient_4850,8/31/2026,A0-30,97012 [GP],Provider_B,30,30,B,Presbyterian Health Plan,MID-104850X,0,0000093062,1,0,0,0,0
ACC-30961070,Patient_4851,8/31/2026,A0-30,98943,Provider_A,50,35,B,Presbyterian Health Plan,MID-104851X,0,0000093062,1,15,15,0,0
ACC-39105826,Patient_4852,9/2/2026,A0-30,97012 [GP],Provider_B,30,30,B,Presbyterian Health Plan,MID-104852X,0,0000093139,0,0,0,0,0
ACC-76092311,Patient_4853,9/2/2026,A0-30,98943,Provider_A,50,35,B,Presbyterian Health Plan,MID-104853X,0,0000093139,0,15,10,0,5
ACC-14759826,Patient_4854,9/1/2026,A0-30,99203 [25],Provider_B,275,255,B,Blue Cross Blue Shield of New Mexico,MID-104854X,0,,2,20,0,0,20
ACC-80433576,Patient_4855,8/31/2026,A0-30,72052,Provider_A,210,210,B,AARP Health Care Options United Healthcare,MID-104855X,0,0000093144,0,0,0,0,0
ACC-80763102,Patient_4856,8/31/2026,A0-30,72120,Provider_B,240,240,B,AARP Health Care Options United Healthcare,MID-104856X,0,0000093144,0,0,0,0,0
ACC-86777580,Patient_4857,8/31/2026,A0-30,99203 [25],Provider_A,275,255,B,AARP Health Care Options United Healthcare,MID-104857X,0,0000093144,0,20,0,0,20
ACC-18663744,Patient_4858,9/2/2026,A0-30,97012 [GP],Provider_B,30,10,B,AARP Health Care Options United Healthcare,MID-104858X,0,0000093145,0,20,20,0,0
ACC-14882643,Patient_4859,9/2/2026,A0-30,98943,Provider_A,50,50,B,AARP Health Care Options United Healthcare,MID-104859X,0,0000093145,0,0,0,0,0
ACC-11884317,Patient_4860,9/2/2026,A0-30,99203 [25],Provider_B,275,275,B,USAA Insurance,MID-104860X,0,,1,0,0,0,0
ACC-92079816,Patient_4861,8/31/2026,A0-30,72052,Provider_A,210,210,B,Blue Cross Blue Shield of New Mexico,MID-104861X,0,0000093064,1,0,0,0,0
ACC-57502054,Patient_4862,8/31/2026,A0-30,72120,Provider_B,240,240,B,Blue Cross Blue Shield of New Mexico,MID-104862X,0,0000093064,1,0,0,0,0
ACC-81203625,Patient_4863,8/31/2026,A0-30,99203 [25],Provider_A,275,225,B,Blue Cross Blue Shield of New Mexico,MID-104863X,0,0000093064,1,50,0,0,50
ACC-98409798,Patient_4864,9/2/2026,A0-30,97012 [GP],Provider_B,30,-20,B,Blue Cross Blue Shield of New Mexico,MID-104864X,0,0000093142,0,50,0,0,50
ACC-43886544,Patient_4865,9/2/2026,A0-30,98943,Provider_A,50,50,B,Blue Cross Blue Shield of New Mexico,MID-104865X,0,0000093142,0,0,0,0,0
ACC-70227939,Patient_4866,9/2/2026,A0-30,72120,Provider_B,240,240,B,AARP Health Care Options United Healthcare,MID-104866X,0,,1,0,0,0,0
ACC-93770663,Patient_4867,9/2/2026,A0-30,97039,Provider_A,60,60,B,AARP Health Care Options United Healthcare,MID-104867X,0,,1,0,0,0,0
ACC-70620364,Patient_4868,9/2/2026,A0-30,99203 [25],Provider_B,275,255,B,AARP Health Care Options United Healthcare,MID-104868X,0,,1,20,0,0,20
